country,year,electricity_generation,electricity_demand,renewables_consumption,fossil_fuel_consumption,primary_energy_consumption,renewable_share,fossil_dependency,energy_intensity_proxy,consumption_yoy_change,transition_gap
Austria,2010,67.82,70.26,124.762,289.55,421.558,29.595453057467775,68.68568500657086,6.215836036567385,,39.090231949103085
Austria,2011,62.2,70.4,113.558,275.898,395.869,28.68575210486297,69.69426754810304,6.3644533762057875,-6.09382338847797,41.00851544324007
Austria,2012,68.65,71.45,140.204,266.205,414.402,33.8328482970642,64.23834827051994,6.0364457392571005,4.68159921590221,30.405499973455733
Austria,2013,64.55,71.82,137.063,265.785,410.852,33.36067489022811,64.69117833185673,6.364864446165763,-0.8566560972196102,31.330503441628622
Austria,2014,61.55,70.82,135.54,251.532,394.889,34.32356940811215,63.69688697330136,6.415743298131601,-3.885340706629148,29.37331756518921
Austria,2015,61.78,71.84,128.618,260.525,396.383,32.447910228238854,65.7255734983589,6.416040789899643,0.3783341647906058,33.277663270120044
Austria,2016,64.87,72.03,136.689,265.025,409.651,33.367183285284305,64.6953138159067,6.314952982888855,3.3472676678868662,31.328130530622396
Austria,2017,67.09,73.64,136.104,273.692,417.569,32.59437362447883,65.5441376155797,6.224012520494858,1.9328648044310892,32.94976399110087
Austria,2018,64.67,73.62,132.866,268.067,408.402,32.53314136561525,65.63802332016004,6.315169321169011,-2.1953258024422384,33.104881954544794
Austria,2019,70.69,73.82,143.464,276.15,427.96,33.52275913636789,64.52705860360781,6.054038760786533,4.788908967145122,31.004299467239925
Austria,2020,69.03,71.23,144.513,247.334,400.144,36.115248510536205,61.81124795073774,5.796668115312183,-6.49967286662304,25.695999440201533
Austria,2021,66.67,74.21,138.067,260.531,406.335,33.9786137054401,64.11729238190163,6.0947202639868,1.5471930105162013,30.138678676461538
Austria,2022,64.47,73.17,131.63,243.02,381.823,34.47408877935588,63.647292069885786,5.9224910811230025,-6.032460900488513,29.173203290529905
Austria,2023,70.98,70.91,154.05,230.862,393.96,39.1029546146817,58.60036551934207,5.550295857988165,3.17869798309689,19.49741090466037
Austria,2024,78.47,71.69,174.499,228.06,412.337,42.319510497481424,55.309128213087845,5.254708805913087,4.664686770230486,12.989617715606421
Belgium,2010,93.04,93.59,23.793,612.624,764.788,3.1110582279010655,80.10376731852487,8.219991401547722,,76.9927090906238
Belgium,2011,89.28,91.82,28.283,556.806,713.712,3.9628029233080007,78.01550205124757,7.994086021505376,-6.678452067762574,74.05269912793956
Belgium,2012,81.51,91.45,34.053,543.644,684.939,4.9716836097813095,79.37115567955686,8.40312845049687,-4.031458067119509,74.39947206977556
Belgium,2013,81.95,91.59,36.852,552.079,701.919,5.250178439392579,78.65280751767654,8.565210494203782,2.479052879161503,73.40262907828395
Belgium,2014,71.2,88.8,38.442,523.214,650.851,5.906420978073323,80.38921350662442,9.141165730337079,-7.275483353492351,74.48279252855109
Belgium,2015,68.43,89.43,42.857,545.301,657.427,6.518898676202833,82.94472237982316,9.607292123337716,1.0103695008534919,76.42582370362032
Belgium,2016,84.31,90.49,44.179,551.702,709.509,6.226700436499044,77.7582807265306,8.415478590914482,7.922096293580894,71.53158029003156
Belgium,2017,85.34,91.36,48.534,557.659,716.042,6.778094022417679,77.8807667706643,8.39046168268104,0.9207776081769259,71.10267274824662
Belgium,2018,73.87,91.2,51.595,587.782,714.205,7.22411632514474,82.29877976211311,9.668403952890213,-0.256549196834821,75.07466343696838
Belgium,2019,92.69,90.84,56.982,568.649,738.369,7.717279571596316,77.01420292563745,7.966004962779157,3.383342317681892,69.29692335404113
Belgium,2020,88.29,87.96,68.902,505.008,663.906,10.378276442749426,76.06619009317585,7.5196058443764855,-10.084795000873559,65.68791365042642
Belgium,2021,99.4,91.52,67.433,541.398,738.285,9.133735617004275,73.33184339381134,7.427414486921529,11.203242627721387,64.19810777680706
Belgium,2022,94.33,86.8,71.928,509.489,694.453,10.357504395545847,73.36551213689047,7.361952719177356,-5.937002648028877,63.00800774134463
Belgium,2023,82.13,83.77,78.337,486.13,650.558,12.04150898152048,74.72508216023782,7.921076342384025,-6.3208021277177835,62.68357317871734
Belgium,2024,76.01,86.35,73.214,489.87,644.116,11.366586142868677,76.05307118593545,8.47409551374819,-0.990226851410636,64.68648504306677
Bulgaria,2010,45.93,37.48,15.211,154.662,211.471,7.192948442103172,73.13626927569264,4.604202046592641,,65.94332083358947
Bulgaria,2011,49.96,39.3,10.301,170.472,224.607,4.586232842253358,75.89790166824721,4.495736589271417,6.2117264305743936,71.31166882599386
Bulgaria,2012,46.46,38.15,14.525,156.513,213.428,6.805573776636618,73.33292726352681,4.593801119242359,-4.977137845214086,66.52735348689019
Bulgaria,2013,43.02,36.84,19.013,140.885,198.108,9.597290366870597,71.11525026753084,4.605020920502092,-7.178064733774381,61.517959900660244
Bulgaria,2014,46.92,37.46,20.18,148.925,211.55,9.53911604821555,70.39706925076814,4.508738277919863,6.785187877319454,60.85795320255259
Bulgaria,2015,48.71,38.13,23.999,159.541,224.68,10.681413565960476,71.00810040947124,4.612605214535003,6.206570550697221,60.326686843510764
Bulgaria,2016,44.53,38.16,19.781,151.685,213.117,9.281756030724907,71.17451916083654,4.785919604760835,-5.146430478903341,61.89276313011163
Bulgaria,2017,44.84,39.36,17.469,160.054,218.174,8.006911914343599,73.3607120921833,4.865611061552185,2.3728749935481463,65.3538001778397
Bulgaria,2018,46.51,38.7,26.206,150.328,218.814,11.976381767162978,68.70127139945342,4.704665663298216,0.2933438448210923,56.72488963229044
Bulgaria,2019,43.72,37.91,21.759,146.884,211.551,10.285463079824723,69.43195730580332,4.838769441903019,-3.3192574515341855,59.1464942259786
Bulgaria,2020,40.14,36.73,21.521,130.932,195.374,11.01528350752915,67.01608197610736,4.867314399601395,-7.64685584090834,56.00079846857821
Bulgaria,2021,47.22,38.44,29.074,150.05,221.882,13.10336124606773,67.6260354602897,4.698898771706904,13.567823763653308,54.52267421422197
Bulgaria,2022,50.28,38.09,27.346,159.598,229.39,11.921182266009852,69.57495967566155,4.562251392203659,3.3837805680496658,57.653777409651696
Bulgaria,2023,40.08,36.75,27.838,127.576,197.128,14.121788888437969,64.71734101700419,4.918363273453093,-14.064257378264088,50.59555212856622
Bulgaria,2024,38.3,37.31,31.13,119.965,191.794,16.230956130014494,62.548880569777985,5.007676240208878,-2.70585609350269,46.31792443976349
Croatia,2010,14.79,18.76,24.232,82.442,108.264,22.382324687800192,76.14904307987881,7.320081135902637,,53.766718392078616
Croatia,2011,11.23,18.38,13.767,79.799,94.448,14.576274775537861,84.48987802812131,8.410329474621548,-12.761398063991724,69.91360325258344
Croatia,2012,10.57,18.0,13.942,72.795,87.595,15.916433586391918,83.10405845082482,8.287133396404919,-7.255844485854645,67.1876248644329
Croatia,2013,13.94,17.81,24.161,70.368,96.073,25.14858493020932,73.24430381064398,6.891893830703013,9.678634625263992,48.09571888043466
Croatia,2014,13.43,17.38,25.72,68.669,96.009,26.789155183368223,71.52350300492661,7.148845867460909,-0.06661601074182677,44.73434782155839
Croatia,2015,11.24,18.03,19.449,70.384,91.02,21.36783124588003,77.32805976708416,8.097864768683273,-5.196387838640137,55.96022852120413
Croatia,2016,12.6,18.13,21.289,72.108,94.731,22.473108063886166,76.11869398612914,7.5183333333333335,4.077125906394197,53.64558592224298
Croatia,2017,11.77,18.72,18.124,75.561,94.783,19.121572433875272,79.71999198168449,8.052931180968564,0.05489227391244356,60.598419547809215
Croatia,2018,13.52,18.91,25.074,71.602,98.16,25.544009779951104,72.94417277913611,7.260355029585798,3.5628751991390706,47.40016299918501
Croatia,2019,12.65,18.78,22.018,72.605,95.813,22.98018014256938,75.77781720643337,7.574150197628459,-2.3909942950285146,52.79763706386399
Croatia,2020,13.23,17.87,22.578,67.616,91.378,24.708354308476878,73.99592899822714,6.906878306878307,-4.628808199304901,49.287574689750265
Croatia,2021,15.11,19.07,27.782,69.077,98.312,28.259012124664334,70.26304011717797,6.506419589675711,7.588259756177629,42.00402799251363
Croatia,2022,14.1,18.79,23.042,68.931,93.167,24.731932980561787,73.98649736494681,6.60758865248227,-5.23333875823907,49.25456438438503
Croatia,2023,17.44,19.02,30.562,72.735,105.124,29.07233362505232,69.18971880826453,6.027752293577981,12.833943349039888,40.11738518321221
Croatia,2024,15.29,19.65,28.207,73.337,103.144,27.34720390909796,71.10156674164276,6.7458469587966,-1.8834899737452782,43.7543628325448
Cyprus,2010,5.33,5.33,0.373,33.674,34.056,1.095254874324642,98.87831806436458,6.389493433395872,,97.78306319003994
Cyprus,2011,4.92,4.92,0.674,33.027,33.725,1.9985174203113416,97.93031875463306,6.854674796747968,-0.9719285882076489,95.93180133432172
Cyprus,2012,4.72,4.72,0.875,30.693,31.605,2.768549280177187,97.11438063597532,6.695974576271187,-6.286137879911047,94.34583135579814
Cyprus,2013,4.29,4.29,1.039,27.19,28.278,3.674234387156093,96.15248603154396,6.591608391608391,-10.526815377313724,92.47825164438787
Cyprus,2014,4.34,4.34,0.952,27.295,28.294,3.3646709549727856,96.4692160882166,6.519354838709678,0.056581087771423455,93.10454513324382
Cyprus,2015,4.54,4.54,1.155,27.969,29.184,3.9576480263157894,95.83675986842105,6.428193832599119,3.145543224711944,91.87911184210526
Cyprus,2016,4.89,4.89,1.202,30.471,31.737,3.787377508901282,96.01096511957653,6.490184049079755,8.747944078947366,92.22358761067524
Cyprus,2017,5.0,5.0,1.22,31.31,32.596,3.7427905264449626,96.05473064179655,6.5192,2.7066200333994983,92.31194011535159
Cyprus,2018,5.06,5.06,1.29,31.103,32.462,3.973877148666132,95.81356663175404,6.415415019762847,-0.41109338569147447,91.83968948308791
Cyprus,2019,5.15,5.15,1.437,30.98,32.493,4.422490998061121,95.34361247037822,6.309320388349515,0.09549627256484339,90.9211214723171
Cyprus,2020,4.85,4.85,1.801,26.392,28.281,6.368233089353276,93.32060393904035,5.831134020618557,-12.962791985966216,86.95237084968707
Cyprus,2021,5.12,5.12,2.196,27.532,29.842,7.358756115541855,92.2592319549628,5.828515625,5.519606803154065,84.90047583942095
Cyprus,2022,5.26,5.26,2.45,29.097,31.674,7.735050830334028,91.8639893919303,6.021673003802282,6.13899872662691,84.12893856159627
Cyprus,2023,5.33,5.33,2.96,28.986,32.115,9.216876848824535,90.25688930406352,6.02532833020638,1.3923091494601358,81.04001245523898
Cyprus,2024,5.79,5.79,3.579,29.574,33.348,10.732277797768983,88.68297948902483,5.759585492227979,3.8393274170948066,77.95070169125584
Czechia,2010,85.22,70.27,19.214,419.103,513.649,3.740686733547617,81.59326699750218,6.02732926543065,,77.85258026395456
Czechia,2011,86.64,69.6,23.7,402.461,501.976,4.721341259343076,80.1753470285432,5.793813481071099,-2.2725635599407434,75.45400576920012
Czechia,2012,86.58,69.46,25.83,392.822,499.438,5.17181311794457,78.65280575366712,5.768514668514668,-0.505601861443572,73.48099263572256
Czechia,2013,85.91,69.02,29.329,379.33,490.221,5.982811833846367,77.37938603201412,5.706215807240135,-1.8454743131279483,71.39657419816776
Czechia,2014,84.98,68.68,29.737,370.31,479.937,6.196021561163236,77.15804365989702,5.647646505060014,-2.0978293463560282,70.96202209873378
Czechia,2015,82.49,69.98,30.153,370.132,470.716,6.405773332540216,78.63170149304463,5.706340162443933,-1.921293836482707,72.22592816050441
Czechia,2016,82.0,71.03,30.033,371.338,464.374,6.467416349752569,79.96528660088636,5.6630975609756105,-1.3473092055506952,73.49787025113379
Czechia,2017,85.76,72.72,30.803,386.322,490.582,6.278868772193028,78.74769151742217,5.720405783582089,5.643726823637829,72.46882274522915
Czechia,2018,86.84,72.93,30.056,381.955,489.024,6.146119617851067,78.10557355058239,5.631321971441731,-0.31758197406346333,71.95945393273132
Czechia,2019,85.72,72.62,32.041,368.216,477.905,6.704470553771147,77.04794886012911,5.575186654223051,-2.2737125376259715,70.34347830635797
Czechia,2020,80.1,69.95,33.161,332.543,442.568,7.492859854304876,75.13941360423709,5.525193508114857,-7.394147372385729,67.64655374993221
Czechia,2021,83.66,72.58,33.74,354.346,466.406,7.234040728464041,75.97372246497687,5.575017929715515,5.386290920265369,68.73968173651284
Czechia,2022,83.73,70.2,33.446,336.533,448.738,7.453346941868083,74.99543163271218,5.3593455153469485,-3.788115933328473,67.5420846908441
Czechia,2023,75.8,66.62,34.241,299.903,411.242,8.326240996785348,72.92616026573161,5.4253562005277045,-8.35587804019271,64.59991926894627
Czechia,2024,72.81,66.15,38.018,279.641,392.823,9.678150210145537,71.18753229826157,5.3951792336217546,-4.478871321509004,61.509382088116034
Denmark,2010,38.75,37.61,35.085,199.24,235.977,14.867974421235969,84.43195735177581,6.089729032258065,,69.56398293053984
Denmark,2011,35.11,36.43,40.576,178.458,220.975,18.362258174001582,80.75936191876909,6.293790942751353,-6.357399238061346,62.397103744767506
Denmark,2012,30.57,35.78,43.151,160.084,205.243,21.024346749950062,77.99730076056187,6.713869807000327,-7.119357393370295,56.97295401061181
Denmark,2013,34.61,35.69,45.78,163.676,211.702,21.624736658132658,77.31433807899784,6.11678705576423,3.1470013593642765,55.68960142086517
Denmark,2014,32.04,34.89,50.869,150.153,203.564,24.989192588080407,73.76206008921027,6.353433208489388,-3.8440827200498795,48.77286750112986
Denmark,2015,28.78,34.69,53.053,143.259,198.975,26.663148636763413,71.9984922728986,6.913655316191799,-2.254327877227802,45.33534363613519
Denmark,2016,30.4,35.46,51.763,147.286,201.601,25.675963908909182,73.05816935431868,6.631611842105263,1.3197637894207803,47.3822054454095
Denmark,2017,30.9,35.46,61.02,139.036,202.984,30.061482678437713,68.49603909667756,6.56906148867314,0.6860085019419593,38.43455641823985
Denmark,2018,30.21,35.43,57.987,139.383,200.117,28.97654871899939,69.6507543087294,6.624197285666997,-1.412426595199634,40.674205589730015
Denmark,2019,29.37,35.18,64.486,149.164,216.802,29.74419055174768,68.80194832150994,7.3817500851208715,8.337622490842866,39.05775776976226
Denmark,2020,28.58,35.46,65.536,123.478,192.166,34.10384771499641,64.25590374988292,6.723792862141358,-11.363363806606952,30.152056034886506
Denmark,2021,32.92,37.79,73.192,115.401,191.85,38.150638519676825,60.15168100078186,5.827764277035237,-0.16444116024687538,22.00104248110504
Denmark,2022,35.16,36.52,77.729,112.822,194.229,40.01925562094228,58.087103367674246,5.524146757679182,1.240031274433151,18.067847746731964
Denmark,2023,33.89,37.02,78.254,112.898,195.198,40.08955009784936,57.837682763143064,5.759752139274123,0.49889563350478117,17.748132665293703
Denmark,2024,35.06,38.77,80.195,112.017,196.253,40.863069609126995,57.07785358695154,5.597632629777523,0.5404768491480416,16.214783977824546
Estonia,2010,12.97,9.72,3.199,69.845,73.147,4.3733851012345,95.48580256196425,5.639707016191211,,91.11241746072974
Estonia,2011,12.89,9.33,3.531,69.313,72.963,4.839439167797377,94.99746446829216,5.660434445306438,-0.2515482521497914,90.15802530049478
Estonia,2012,11.96,9.72,4.4,68.942,73.488,5.9873720879599395,93.81395602003047,6.14448160535117,0.7195427819579825,87.82658393207053
Estonia,2013,13.28,9.69,3.637,73.686,77.463,4.69514477879762,95.12412377522173,5.833057228915663,5.409046374918347,90.4289789964241
Estonia,2014,12.45,9.7,4.161,69.843,74.161,5.61076576637316,94.17753266541715,5.956706827309238,-4.262680247343886,88.56676689904398
Estonia,2015,10.15,9.23,4.558,63.892,68.626,6.641797569434324,93.10173986535715,6.761182266009852,-7.463491592616056,86.45994229592281
Estonia,2016,12.17,10.13,4.594,66.0,70.763,6.492093325608016,93.2690812995492,5.814543960558751,3.1139801241512055,86.77698797394119
Estonia,2017,13.16,10.43,5.402,72.885,78.484,6.882931552927986,92.86606187248357,5.963829787234042,10.91106934414876,85.98313031955558
Estonia,2018,12.37,10.47,6.058,71.624,77.879,7.778733676600879,91.96830981394213,6.295796281325789,-0.7708577544467521,84.18957613734125
Estonia,2019,7.61,9.77,6.49,56.054,62.761,10.340816749255112,89.31342712831217,8.247174770039422,-19.412165025231452,78.97261037905706
Estonia,2020,6.08,9.72,8.971,49.463,58.733,15.27420700458005,84.21670951594504,9.660032894736842,-6.417998438520744,68.94250251136499
Estonia,2021,7.19,9.82,8.743,52.411,61.444,14.229216847861467,85.29880867131045,8.54575799721836,4.615803721928047,71.06959182344899
Estonia,2022,8.94,9.95,8.343,54.665,63.306,13.178845607051464,86.35042492022873,7.081208053691276,3.030401666558169,73.17157931317726
Estonia,2023,5.74,9.04,8.005,47.953,56.277,14.224283455052685,85.20887751656983,9.804355400696863,-11.103212965595677,70.98459406151714
Estonia,2024,6.26,9.18,9.932,45.41,55.764,17.81077397604189,81.43246538985724,8.907987220447286,-0.9115624500239838,63.621691413815356
Finland,2010,80.64,91.14,70.167,237.393,371.291,18.89811495565473,63.93718134832248,4.6043030753968255,,45.03906639266775
Finland,2011,73.5,87.35,70.789,214.826,349.923,20.22987914484044,61.39236346281896,4.760857142857143,-5.755054660630066,41.162484317978524
Finland,2012,70.41,87.85,81.862,194.504,340.459,24.04459861539862,57.129933413421284,4.835378497372533,-2.7045950109023997,33.085334798022664
Finland,2013,71.26,86.97,74.721,202.25,341.801,21.860965883657453,59.171857308784936,4.796533819814762,0.39417374779342484,37.31089142512748
Finland,2014,68.1,86.07,78.717,186.628,329.823,23.866437452815603,56.58428914902842,4.843215859030837,-3.5043782785890043,32.71785169621282
Finland,2015,68.61,84.95,89.101,175.874,328.893,27.09118163049989,53.47453427102432,4.793659816353301,-0.28196941996161407,26.38335264052443
Finland,2016,68.75,87.7,85.3,185.297,334.083,25.532577233801177,55.46436065289164,4.859389090909091,1.5780208152803565,29.931783419090465
Finland,2017,67.52,87.95,90.141,175.713,327.216,27.547858295437877,53.69939122781282,4.846208530805687,-2.0554772317058934,26.15153293237494
Finland,2018,70.23,90.17,92.022,180.042,333.841,27.56461908513334,53.930463903475015,4.753538373914282,2.024656496014865,26.365844818341674
Finland,2019,68.61,88.65,92.01,170.721,326.992,28.138303077751136,52.2095341782062,4.765952485060487,-2.0515754505887496,24.071231100455062
Finland,2020,69.24,84.34,100.422,150.225,313.95,31.986622073578598,47.849976110845674,4.534228769497401,-3.9884767823066047,15.863354037267076
Finland,2021,72.11,89.88,110.278,146.355,320.577,34.39984777448164,45.65361831946771,4.44566634308695,2.110845676063078,11.253770544986068
Finland,2022,72.17,84.69,109.698,142.401,320.232,34.25578955257438,44.46807314696844,4.437189968130802,-0.10761845048146146,10.212283594394066
Finland,2023,81.52,83.24,117.22,125.729,334.142,35.08089375175823,37.627415889053154,4.098895976447498,4.343725798795872,2.5465221372949216
Finland,2024,82.55,85.73,127.199,120.26,334.594,38.015923776278115,35.94206710221941,4.053228346456693,0.13527183053911873,-2.073856674058703
France,2010,562.36,531.65,233.531,1613.471,3001.231,7.781173791687477,53.760307020685836,5.336850060459493,,45.97913322899836
France,2011,567.65,511.24,198.359,1517.902,2897.71,6.845370999858509,52.38281263480472,5.1047476437945924,-3.4492846435346114,45.53744163494621
France,2012,567.58,523.06,249.119,1513.171,2894.858,8.605568908734037,52.27099222138012,5.100352373233729,-0.09842254745988654,43.665423312646084
France,2013,576.75,528.29,284.361,1516.781,2925.053,9.721567438265222,51.85482109213064,5.071613350671868,1.0430563433508455,42.133253653865424
France,2014,566.31,499.12,272.726,1375.717,2797.782,9.747936043623126,49.17170101173001,4.94037188112518,-4.351066459308594,39.42376496810688
France,2015,574.14,510.08,266.623,1412.453,2823.427,9.44324043086646,50.02619157499025,4.9176629393527715,0.9166189502970656,40.58295114412379
France,2016,558.84,517.34,282.738,1432.812,2766.597,10.219703122644894,51.78968964399223,4.950606613699807,-2.012802172678807,41.56998652134734
France,2017,555.74,515.61,266.731,1458.23,2756.229,9.677388925230813,52.90670695359493,4.959565624212761,-0.3747564245895063,43.22931802836411
France,2018,576.24,513.27,316.88,1408.24,2790.429,11.35595996171198,50.466792023735415,4.842477092877967,1.2408257804413347,39.110832062023434
France,2019,565.52,507.85,316.482,1388.441,2731.347,11.587030135680306,50.83356307345789,4.829797354647051,-2.1173088439089383,39.24653293777758
France,2020,527.25,482.21,336.373,1197.515,2444.265,13.76172387200242,48.992846520324115,4.635874822190612,-10.510638157656294,35.231122648321694
France,2021,550.31,505.42,330.825,1296.505,2597.561,12.735985795906235,49.91239859237185,4.720177718013484,6.271660396888246,37.17641279646561
France,2022,468.45,483.39,312.538,1240.297,2306.192,13.552124020896786,53.78116826352706,4.923027003949194,-11.217022429887113,40.22904424263027
France,2023,518.75,468.28,375.619,1166.846,2406.514,15.608427792233911,48.48698158415035,4.63906313253012,4.3501148213158425,32.87855379191644
France,2024,561.78,471.8,408.538,1144.724,2519.901,16.21246231498777,45.42734020106345,4.485565523870554,4.7116700754701535,29.21487788607568
Germany,2010,624.21,609.26,323.744,3134.529,3847.151,8.415162285025986,81.47663036881059,6.163231925153394,,73.0614680837846
Germany,2011,605.0,601.23,374.923,3032.669,3710.585,10.104147998226695,81.73021235196067,6.133198347107438,-3.549795679972001,71.62606435373398
Germany,2012,619.81,599.27,428.276,3052.564,3761.916,11.38451788928833,81.14386392465967,6.069466449395783,1.38336677370281,69.75934603537134
Germany,2013,629.69,597.5,445.798,3147.404,3868.517,11.52374411176169,81.35944600993093,6.143526179548666,2.833689003156903,69.83570189816925
Germany,2014,618.75,584.87,472.924,2963.163,3710.465,12.745680123650269,79.85961328297127,5.996711111111112,-4.085596625270094,67.113933159321
Germany,2015,639.17,590.89,537.013,2981.134,3780.86,14.203461646292116,78.8480398639463,5.9152651094388045,1.8972015636854245,64.64457821765419
Germany,2016,641.52,591.0,537.348,3060.661,3841.451,13.988151872820973,79.67460732936591,5.988045579249283,1.6025719016308448,65.68645545654493
Germany,2017,644.46,592.0,602.521,3122.243,3949.556,15.25541098796928,79.05301254115652,6.128473450640846,2.8141709994478736,63.79760155318724
Germany,2018,632.28,583.54,619.775,3002.167,3845.414,16.11725031427045,78.07135980677242,6.081821344973746,-2.6368027190904475,61.95410949250197
Germany,2019,600.09,567.42,661.812,2868.076,3753.704,17.630905367072096,76.40655736307392,6.255235048076122,-2.3849187629732427,58.77565199600182
Germany,2020,566.75,547.72,692.78,2609.179,3498.915,19.79985223990866,74.5710884659959,6.173647992942215,-6.787668926479029,54.77123622608724
Germany,2021,578.83,560.25,644.416,2749.067,3598.492,17.907945883998075,76.39497322767426,6.2168374134028985,2.8459393840662095,58.48702734367618
Germany,2022,566.88,539.62,695.28,2639.55,3455.45,20.12125772330666,76.38802471458132,6.095558142816822,-3.975053994840072,56.266766991274665
Germany,2023,506.72,515.94,741.021,2380.906,3178.886,23.31071324986174,74.89749553774499,6.273456741395642,-8.003704293217961,51.586782287883246
Germany,2024,495.99,522.26,756.721,2400.492,3195.441,23.68126965886712,75.12240094559719,6.442551261114135,0.5207799210163566,51.44113128673007
Greece,2010,56.61,62.32,28.987,347.664,378.437,7.659663299307414,91.86839553214934,6.684984984984985,,84.20873223284192
Greece,2011,58.45,61.68,22.41,347.527,371.285,6.035794605222403,93.60114197988068,6.35218135158255,-1.8898786323747419,87.56534737465827
Greece,2012,59.91,61.69,27.698,319.955,349.302,7.929528030185913,91.5983876416396,5.830445668502755,-5.920788612521378,83.6688596114537
Greece,2013,56.37,58.26,38.441,287.475,328.303,11.709000526952238,87.56392722576402,5.824073088522264,-6.011703339803387,75.85492669881178
Greece,2014,49.62,58.44,32.873,273.054,307.91,10.676171608586923,88.67980903510765,6.205360741636437,-6.21163985708324,78.00363742652073
Greece,2015,51.05,60.66,39.583,269.766,311.723,12.698132636988607,86.54029378647068,6.1062291870714995,1.2383488681757537,73.84216114948208
Greece,2016,53.84,62.64,39.518,265.051,306.993,12.872606215776909,86.33779923320726,5.701950222882615,-1.517372795719285,73.46519301743035
Greece,2017,54.8,61.04,36.637,283.363,322.197,11.370993522596425,87.94712551637662,5.879507299270073,4.952555921470525,76.5761319937802
Greece,2018,52.61,58.89,42.326,279.214,324.066,13.060919689199116,86.15960946227004,6.159779509598935,0.5800798890119863,73.09868977307093
Greece,2019,47.95,57.89,42.361,271.977,316.887,13.367856680772642,85.82775563528955,6.608696558915536,-2.215289478069271,72.4598989545169
Greece,2020,47.51,56.37,46.031,228.208,276.956,16.62032958303846,82.39864816071866,5.8294253841296575,-12.601021815347424,65.77831857768021
Greece,2021,54.24,57.92,57.441,241.738,302.536,18.986500780072454,79.90387920776371,5.577728613569321,9.236124149684422,60.917378427691254
Greece,2022,51.67,55.12,58.416,252.595,314.334,18.58405390444559,80.35879033130364,6.083491387652409,3.8997011925853364,61.77473642685805
Greece,2023,48.93,53.84,62.696,239.392,305.897,20.495787797853527,78.25902182760865,6.251726956877171,-2.684087626537379,57.763234029755125
Greece,2024,57.08,56.77,66.819,250.538,321.187,20.803768521141887,78.00377972956565,5.626962158374212,4.998414498998027,57.20001120842376
Hungary,2010,37.36,42.56,11.062,224.51,277.827,3.981614457918057,80.80928059547848,7.436482869379015,,76.82766613756043
Hungary,2011,36.02,42.66,9.852,217.824,269.464,3.656147017783452,80.83603004482974,7.480955024986118,-3.0101466020221235,77.17988302704629
Hungary,2012,34.62,42.59,9.517,199.771,251.116,3.789881966899759,79.55327418404242,7.253495089543617,-6.809072826054685,75.76339221714267
Hungary,2013,30.27,42.15,9.747,187.814,238.041,4.094672766456198,78.89985338660146,7.86392467789891,-5.206757036588671,74.80518062014526
Hungary,2014,29.39,42.78,11.428,185.849,238.269,4.796259689678473,77.99965585115982,8.10714528751276,0.095781819098395,73.20339616148134
Hungary,2015,30.33,44.02,11.477,198.327,251.04,4.571781389420013,79.00215105162523,8.276953511374877,5.359908338894259,74.43036966220522
Hungary,2016,31.88,44.59,11.612,202.307,255.495,4.5449030313704775,79.18237147497994,8.014272271016312,1.7746175908221806,74.63746844360946
Hungary,2017,32.92,45.8,11.941,215.885,269.293,4.4342036369307785,80.16732703783612,8.180224787363304,5.400497074306743,75.73312340090534
Hungary,2018,32.05,46.4,13.069,217.812,271.203,4.8188994959495295,80.31327087089745,8.461872074882995,0.7092646299755145,75.49437137494793
Hungary,2019,34.28,46.86,15.402,217.758,274.892,5.602927695240313,79.21583749254253,8.019019836639439,1.360235690608147,73.61290979730222
Hungary,2020,34.92,46.6,18.299,210.904,270.327,6.769209143000884,78.0181039999704,7.741323024054982,-1.660652183402933,71.24889485696953
Hungary,2021,36.1,48.85,21.808,221.14,283.958,7.680009015417773,77.87771430986271,7.865872576177286,5.042411597805629,70.19770529444494
Hungary,2022,35.78,47.93,23.77,202.749,267.047,8.901054870490961,75.92259040543425,7.46358300726663,-5.955458201565023,67.02153553494328
Hungary,2023,35.54,46.64,27.555,186.749,255.314,10.792592650618454,73.14483342080732,7.183849184018007,-4.393608615711853,62.352240770188864
Hungary,2024,38.0,48.73,32.844,186.585,260.792,12.593944599527596,71.54552286879967,6.862947368421052,2.145593269464263,58.95157826927207
Ireland,2010,28.16,28.63,10.927,166.767,178.3,6.128435221536735,93.53168816601233,6.331676136363637,,87.4032529444756
Ireland,2011,27.2,27.69,15.298,154.086,170.262,8.98497609566433,90.49934806357261,6.259632352941177,-4.50813236118901,81.51437196790829
Ireland,2012,27.16,27.57,14.767,151.88,167.469,8.817751345025048,90.69141154482323,6.166016200294551,-1.640413010536701,81.87366019979818
Ireland,2013,25.62,27.86,15.832,148.27,164.997,9.5953259756238,89.86223991951368,6.44016393442623,-1.476094083084023,80.26691394388989
Ireland,2014,25.86,28.01,17.889,145.665,164.553,10.871269439025724,88.52163132850814,6.36322505800464,-0.26909580174185876,77.65036188948241
Ireland,2015,28.16,28.83,21.597,151.093,173.913,12.418278104569525,86.87849671962417,6.17588778409091,5.688136952835876,74.46021861505464
Ireland,2016,30.3,29.59,20.85,159.873,181.909,11.46177484346569,87.88625081771654,6.0035973597359735,4.597701149425282,76.42447597425085
Ireland,2017,30.79,30.11,24.831,156.516,182.73,13.588901658184207,85.65424396650796,5.934719064631373,0.4513245633805951,72.06534230832375
Ireland,2018,31.04,31.01,28.057,157.237,186.853,15.015546980781682,84.1501073036023,6.019748711340207,2.2563344825699216,69.13456032282062
Ireland,2019,30.87,31.51,32.338,153.616,187.796,17.219749089437475,81.79939934822895,6.08344671201814,0.5046747978357136,64.57965025879147
Ireland,2020,32.16,32.01,36.334,138.187,176.583,20.57615965296773,78.25611751980655,5.490764925373135,-5.970840699482416,57.67995786683882
Ireland,2021,31.74,33.33,31.71,146.45,179.882,17.628222946153592,81.41448282763145,5.667359798361689,1.868243262375202,63.786259881477854
Ireland,2022,33.79,34.04,35.839,148.706,186.452,19.22156909016798,79.75564756612961,5.517963894643386,3.6523943474055187,60.534078475961635
Ireland,2023,31.55,34.82,38.897,139.369,180.455,21.554958299853148,77.23199689673325,5.7196513470681465,-3.2163774054448258,55.6770385968801
Ireland,2024,31.08,36.14,39.863,139.859,181.792,21.92780760429502,76.93352842809364,5.849163449163449,0.7409049347482766,55.00572082379862
Italy,2010,296.63,340.79,224.253,1829.21,2062.27,10.874085352548404,88.69886096388932,6.952331187000641,,77.82477561134091
Italy,2011,298.37,344.1,239.582,1771.616,2020.391,11.85819972470675,87.68678933929125,6.7714280926366595,-2.030723426127512,75.8285896145845
Italy,2012,295.25,338.35,263.19,1686.502,1959.975,13.428232502965601,86.04711794793302,6.638357324301439,-2.9903122712385932,72.61888544496742
Italy,2013,286.02,328.16,313.725,1536.089,1863.063,16.83920511544698,82.4496541448142,6.513750786658276,-4.9445528641946845,65.61044902936723
Italy,2014,276.53,320.25,333.739,1468.623,1816.316,18.37450091283675,80.85724070040676,6.568242143709544,-2.509147570425696,62.48273978757001
Italy,2015,279.7,326.08,304.388,1522.677,1838.465,16.556638282480222,82.82327920303078,6.572988916696461,1.2194463958914659,66.26664092055056
Italy,2016,285.95,322.98,299.222,1523.979,1834.538,16.310482530206514,83.0715417178603,6.415590138136038,-0.2136021082805417,66.76105918765379
Italy,2017,292.09,329.85,287.981,1549.253,1847.626,15.586541865074425,83.85100664311933,6.325536649662776,0.7134221258976448,68.26446477804491
Italy,2018,286.06,329.96,315.249,1532.717,1859.782,16.950857681169083,82.41379903666129,6.501370341886317,0.6579253593530288,65.4629413554922
Italy,2019,289.99,328.13,318.252,1509.498,1839.953,17.296746166885786,82.04003037034099,6.344884306355391,-1.0662002320702024,64.7432842034552
Italy,2020,276.81,309.01,320.361,1331.033,1663.423,19.25914214243761,80.01771046811304,6.009259058560023,-9.594266810076125,60.75856832567543
Italy,2021,285.49,328.28,319.47,1453.988,1785.142,17.896055327811457,81.44943091361921,6.25290553084171,7.317381087071673,63.55337558580776
Italy,2022,280.17,323.16,278.563,1467.793,1755.465,15.868331182905953,83.61277496275915,6.265713673840882,-1.662444780303196,67.7444437798532
Italy,2023,261.55,312.8,314.506,1353.621,1680.654,18.713310413684194,80.54132498420259,6.42574651118333,-4.261605899291632,61.82801457051839
Italy,2024,267.56,318.56,352.047,1329.927,1696.287,20.753976184454636,78.40223971533118,6.339837793392136,0.9301736109871506,57.64826353087654
Latvia,2010,6.63,7.5,9.813,39.531,49.96,19.64171337069656,79.12530024019216,7.535444947209653,,59.483586869495596
Latvia,2011,6.09,7.33,8.323,35.809,44.637,18.645966350785223,80.22268521630038,7.329556650246306,-10.654523618895118,61.576718865515154
Latvia,2012,6.17,7.86,10.964,34.676,46.287,23.686996348866852,74.91520297275693,7.5019448946515395,3.6964849788292176,51.228206623890074
Latvia,2013,6.2,7.56,9.57,34.47,44.583,21.46558105107328,77.31646591750219,7.190806451612903,-3.681379220947567,55.850884866428906
Latvia,2014,5.14,7.46,7.702,32.924,41.015,18.778495672315007,80.27307082774594,7.979571984435799,-8.003050490097118,61.49457515543094
Latvia,2015,5.54,7.36,7.79,33.948,42.114,18.497411787054187,80.60977347200456,7.601805054151624,2.6795074972570943,62.11236168495037
Latvia,2016,6.42,7.45,9.402,35.085,44.979,20.90308810778363,78.00306809844595,7.00607476635514,6.802963385097605,57.09997999066232
Latvia,2017,7.53,7.47,14.362,34.146,49.301,29.13125494411878,69.26025841260827,6.547277556440903,9.608928611129652,40.129003468489486
Latvia,2018,6.72,7.63,9.745,33.786,43.999,22.148230641605487,76.78810882065501,6.547470238095238,-10.75434575363583,54.639878179049525
Latvia,2019,6.44,7.56,8.92,35.917,45.263,19.70704548969357,79.3517884364713,7.028416149068322,2.8727925634673523,59.644742946777725
Latvia,2020,5.72,7.35,10.138,30.587,41.221,24.594260207175957,74.20246961500206,7.2064685314685315,-8.930031151271468,49.6082094078261
Latvia,2021,5.85,7.62,10.29,32.291,43.077,23.88745734382617,74.96111614086402,7.363589743589744,4.502559375075821,51.07365879703785
Latvia,2022,5.03,7.34,10.127,27.88,38.513,26.2950172668969,72.39114065380521,7.656660039761431,-10.59498108039093,46.09612338690831
Latvia,2023,6.38,7.18,12.722,27.314,40.763,31.20967544096362,67.00684444226383,6.389184952978057,5.842183158933345,35.797169001300205
Latvia,2024,6.33,7.4,11.326,26.848,38.79,29.198246970868784,69.21371487496776,6.127962085308057,-4.840173686921956,40.01546790409898
Lithuania,2010,5.0,10.99,2.969,63.088,66.198,4.485029759207227,95.30197286927098,13.2396,,90.81694311006376
Lithuania,2011,4.25,10.99,3.487,65.038,68.697,5.075913067528422,94.67371209805377,16.164,3.775038520801255,89.59779903052535
Lithuania,2012,4.5,11.12,3.871,64.587,68.632,5.640226133582002,94.10624781443059,15.251555555555557,-0.0946183967276526,88.46602168084858
Lithuania,2013,4.19,11.14,4.775,58.42,63.416,7.5296455153273625,92.12186199066483,15.135083532219568,-7.5999533745191865,84.59221647533747
Lithuania,2014,3.69,11.31,4.81,56.185,61.205,7.858835062494894,91.79805571440242,16.586720867208673,-3.4865018291913685,83.93922065190753
Lithuania,2015,4.23,11.44,5.307,58.576,64.112,8.277701522335914,91.36511105565262,15.156501182033095,4.7496119598072095,83.0874095333167
Lithuania,2016,3.63,11.9,6.195,59.23,65.726,9.425493716337522,90.11654444207771,18.10633608815427,2.51746942850013,80.69105072574018
Lithuania,2017,3.56,12.24,7.492,61.296,69.15,10.834417932031815,88.64208242950107,19.424157303370787,5.209506131515695,77.80766449746926
Lithuania,2018,2.92,12.55,6.737,63.933,70.969,9.492877171722865,90.08581211514888,24.30445205479452,2.6305133767172695,80.59293494342602
Lithuania,2019,3.34,12.68,7.331,62.919,70.597,10.384293950167855,89.12418374718473,21.136826347305387,-0.5241725260324959,78.73988979701687
Lithuania,2020,4.7,12.61,7.943,62.0,70.294,11.299684183571856,88.20098443679404,14.956170212765956,-0.4291967080754078,76.90130025322219
Lithuania,2021,4.3,13.34,8.384,61.422,70.149,11.95170280403142,87.55933798058419,16.31372093023256,-0.2062764958602359,75.60763517655278
Lithuania,2022,4.04,12.61,9.301,55.369,65.066,14.294716134386624,85.09667107244951,16.105445544554456,-7.246004932358263,70.80195493806289
Lithuania,2023,5.3,12.23,12.717,55.22,68.571,18.545740910880696,80.52966997710402,12.937924528301886,5.386837979897319,61.983929066223325
Lithuania,2024,7.39,12.79,16.98,55.541,73.366,23.144235749529756,75.7040045797781,9.927740189445197,6.992752038033578,52.559768830248345
Luxembourg,2010,3.24,7.3,1.216,48.863,50.116,2.4263708196983,97.49980046292602,15.4679012345679,,95.07342964322771
Luxembourg,2011,2.64,7.12,1.215,47.574,48.821,2.4886831486450505,97.4457712869462,18.49280303030303,-2.584005108149101,94.95708813830115
Luxembourg,2012,2.76,6.87,1.39,46.521,47.953,2.898671615957291,97.013742622985,17.374275362318844,-1.7779234345875694,94.11507100702771
Luxembourg,2013,1.84,6.78,1.621,44.019,45.692,3.5476669876564824,96.33852753217192,24.832608695652173,-4.715033470272978,92.79086054451544
Luxembourg,2014,1.91,6.8,1.876,42.344,44.274,4.237249853186972,95.64078240050594,23.180104712041885,-3.1033879016020283,91.40353254731897
Luxembourg,2015,1.34,6.94,2.107,40.87,43.034,4.896128642468747,94.97141794859878,32.11492537313433,-2.800740841125726,90.07528930613003
Luxembourg,2016,0.79,7.09,2.246,40.152,42.459,5.289808992204244,94.56652299865752,53.745569620253164,-1.33615280940651,89.27671400645328
Luxembourg,2017,0.9,7.08,2.889,41.385,44.355,6.513358133243152,93.30402434900236,49.28333333333333,4.465484349607851,86.79066621575922
Luxembourg,2018,0.96,7.12,3.227,43.115,46.431,6.950097994874114,92.85821972389138,48.365625,4.680419343929665,85.90812172901727
Luxembourg,2019,1.07,6.95,3.642,43.544,47.288,7.70174251395703,92.08255794281848,44.19439252336448,1.8457496069436363,84.38081542886145
Luxembourg,2020,1.22,6.68,4.287,36.134,40.541,10.574480155891568,89.12952319873709,33.230327868852456,-14.267890373879212,78.55504304284553
Luxembourg,2021,1.23,6.95,4.278,38.818,43.215,9.89934050676848,89.82529214393149,35.13414634146342,6.595791914358329,79.92595163716301
Luxembourg,2022,1.21,6.72,4.27,34.428,38.822,10.998918139199422,88.68167533872546,32.08429752066116,-10.165451810713877,77.68275719952604
Luxembourg,2023,1.41,6.61,4.719,32.815,37.698,12.517905459175555,87.04705819937396,26.73617021276596,-2.895265571067962,74.52915274019841
Luxembourg,2024,1.51,6.76,5.647,33.903,39.742,14.209149011121735,85.30773489004076,26.319205298013244,5.422038304419319,71.09858587891902
Netherlands,2010,118.1,120.88,35.529,1123.363,1170.651,3.0349779737940685,95.96053819626857,9.912370872142253,,92.9255602224745
Netherlands,2011,112.64,121.73,39.48,1063.291,1115.092,3.540515042704996,95.35455370498576,9.899609375,-4.7459917601403,91.81403866228077
Netherlands,2012,102.27,119.38,40.157,1043.879,1095.699,3.664966382190729,95.27059895098927,10.713787034320916,-1.739139012745139,91.60563256879854
Netherlands,2013,100.56,118.8,38.315,1015.559,1062.885,3.604811433033677,95.54740164740305,10.569659904534605,-2.994800579356194,91.94259021436937
Netherlands,2014,102.1,116.83,37.048,967.208,1016.331,3.645269110161945,95.16663370496423,9.954270323212537,-4.379965847669309,91.52136459480228
Netherlands,2015,108.99,117.74,41.3,972.886,1026.468,4.0235058472353735,94.77996391509524,9.418001651527664,0.9974112764443932,90.75645806785987
Netherlands,2016,113.96,118.87,43.12,988.796,1044.043,4.130098089829634,94.70835971315358,9.161486486486487,1.712181967679438,90.57826162332395
Netherlands,2017,116.04,119.55,50.322,990.712,1052.102,4.782996325451334,94.16501441875407,9.066718372974837,0.7719030729577359,89.38201809330273
Netherlands,2018,113.1,121.07,56.339,958.304,1026.139,5.49038677995866,93.38929716149568,9.072847038019452,-2.467726513208812,87.89891038153702
Netherlands,2019,120.05,120.91,68.307,940.219,1021.537,6.686688783666181,92.03964222539173,8.509262807163683,-0.4484772530816805,85.35295344172555
Netherlands,2020,121.96,119.3,95.868,878.826,989.343,9.690067044493164,88.82925335298275,8.112028533945557,-3.1515255932971664,79.13918630848958
Netherlands,2021,120.89,121.14,115.929,884.229,1015.026,11.421283789774844,87.11392614573421,8.396277607742576,2.5959652011486423,75.69264235595936
Netherlands,2022,119.96,115.69,136.6,800.693,954.098,14.317187542579484,83.92146299436746,7.953467822607536,-6.0026048593829096,69.60427545178797
Netherlands,2023,119.96,114.3,154.89,766.764,939.9,16.479412703479092,81.57931694861156,7.8351117039013,-1.4881070917243333,65.09990424513248
Netherlands,2024,122.33,118.11,166.262,742.61,926.465,17.945847927336704,80.15521363462193,7.573489740864874,-1.4294073837642252,62.20936570728523
Poland,2010,156.77,155.42,39.067,1116.974,1157.25,3.375847915316483,96.5196802765176,7.381833258914333,,93.14383236120112
Poland,2011,162.87,157.63,45.976,1115.249,1162.666,3.954360065573432,95.92170064317698,7.138613618223122,0.4680060488226445,91.96734057760355
Poland,2012,161.48,158.64,57.77,1068.362,1127.927,5.12178536376911,94.71907313150587,6.984933118652465,-2.9878744196527696,89.59728776773676
Poland,2013,163.78,159.26,57.048,1072.273,1131.318,5.042614013036123,94.78086621091505,6.907546708999877,0.3006400236894802,89.73825219787892
Poland,2014,158.35,160.52,64.378,1022.682,1089.354,5.909741002465681,93.87967547739302,6.879406378275972,-3.709301893897199,87.96993447492734
Poland,2015,164.3,163.97,70.274,1030.028,1103.013,6.371094447662902,93.38312422428385,6.713408399269627,1.2538623808238558,87.01202977662095
Poland,2016,166.0,168.0,67.435,1079.833,1150.245,5.8626640411390625,93.8785215323692,6.929186746987951,4.282089150354529,88.01585749123015
Poland,2017,169.91,172.2,71.379,1133.63,1208.289,5.907444328302253,93.82109743612664,7.11134718380319,5.046229281587844,87.91365310782439
Poland,2018,169.43,175.12,68.534,1150.725,1222.083,5.607966071044275,94.1609530612896,7.212907985598773,1.1416142992280998,88.55298699024533
Poland,2019,163.22,173.84,79.444,1104.451,1187.268,6.691328326881546,93.02457406415401,7.274035044724911,-2.8488245070097618,86.33324573727246
Poland,2020,157.15,170.42,87.02,1048.529,1139.234,7.638465846349389,92.03807119520661,7.249341393573019,-4.0457588345681135,84.39960534885722
Poland,2021,178.79,179.68,92.762,1127.997,1224.758,7.573904395807171,92.09958212152932,6.850260081660049,7.507149540831826,84.52567772572215
Poland,2022,178.6,176.92,110.737,1071.105,1186.868,9.33018667619314,90.24634584469378,6.645397536394177,-3.0936723826258006,80.91615916850064
Poland,2023,165.52,169.26,132.366,993.986,1132.88,11.68402655179719,87.73974295600591,6.844369260512325,-4.548778802697506,76.05571640420872
Poland,2024,172.12,174.09,145.929,972.705,1125.569,12.964909303649977,86.41895787819317,6.539443411573321,-0.6453463738436693,73.4540485745432
Portugal,2010,53.48,56.1,79.11,220.531,304.105,26.014041202874004,72.51804475427895,5.686331338818251,,46.50400355140494
Portugal,2011,51.78,54.59,67.716,218.494,289.831,23.363960376909297,75.38669086467631,5.597354190807262,-4.693773532168166,52.022730487767014
Portugal,2012,45.44,53.33,54.858,206.804,264.467,20.742852605429032,78.19652357382964,5.820136443661972,-8.751306796029423,57.4536709684006
Portugal,2013,50.35,53.13,80.419,204.735,289.661,27.763143812939955,70.68089939619072,5.752949354518371,9.526330317204046,42.91775558325077
Portugal,2014,51.8,52.7,85.419,201.599,291.774,29.275740813095062,69.09423046604563,5.632702702702703,0.7294734189276397,39.81848965295057
Portugal,2015,51.14,53.41,67.745,218.28,289.522,23.39891269057274,75.39323436560953,5.661360969886585,-0.7718302521814824,51.99432167503679
Portugal,2016,59.05,53.96,86.212,218.771,309.867,27.822259227345924,70.60158067816191,5.24753598645216,7.027099840426643,42.779321450815985
Portugal,2017,57.59,54.91,61.549,237.15,301.878,20.388700070889566,78.55822550831793,5.241847542976211,-2.5782029064082446,58.16952543742836
Portugal,2018,58.35,55.69,78.575,221.323,304.09,25.839389654378643,72.7820710973725,5.211482433590402,0.7327463412371893,46.94268144299385
Portugal,2019,51.6,55.0,73.342,215.787,293.057,25.026530674919893,73.63311574198875,5.679399224806201,-3.628202176987061,48.60658506706885
Portugal,2020,51.39,52.85,79.964,181.059,265.248,30.146881409096395,68.26026963445531,5.161471103327496,-9.489280242410192,38.11338822535892
Portugal,2021,49.22,53.97,84.396,177.731,266.49,31.669481031183157,66.69330931742279,5.414262494920764,0.4682410423452854,35.023828286239635
Portugal,2022,46.33,55.58,74.449,184.476,262.58,28.352882930916294,70.25516033208928,5.667601985754371,-1.4672220345979259,41.90227740117298
Portugal,2023,46.14,56.37,90.499,170.534,265.97,34.02601797195172,64.11775764183929,5.764412657130473,1.2910351131083964,30.091739669887573
Portugal,2024,47.27,57.74,105.193,159.505,270.242,38.925481605375914,59.02302380829034,5.716987518510684,1.6061961875399433,20.097542202914426
Romania,2010,60.42,58.15,54.252,307.746,396.424,13.685347002199666,77.63051682037414,6.561138695796093,,63.94516981817448
Romania,2011,61.8,59.89,44.535,329.989,408.341,10.90632584041279,80.81211536436457,6.607459546925567,3.0061247553125003,69.90578952395178
Romania,2012,58.54,58.79,40.606,320.12,393.332,10.323594317268872,81.3867165651409,6.719029723266143,-3.6756044580387504,71.06312224787203
Romania,2013,58.19,56.17,53.035,282.826,369.577,14.350189541015808,76.5269483761165,6.35121154837601,-6.03942725229577,62.176758835100685
Romania,2014,64.92,57.79,65.569,279.122,379.116,17.295234176347083,73.62443157239473,5.839741219963031,2.581058886240206,56.32919739604765
Romania,2015,65.66,58.93,68.48,278.398,381.136,17.96733974224424,73.04426766298644,5.804690831556504,0.5328184513447187,55.07692792074221
Romania,2016,64.22,59.2,70.954,276.755,381.085,18.61894328037052,72.62290565097025,5.934054811585176,-0.013381050333749478,54.00396237059974
Romania,2017,63.54,60.65,64.221,290.456,387.936,16.554534768621632,74.87214385878083,6.105382436260623,1.797761654224117,58.317609090159195
Romania,2018,64.07,61.53,68.848,290.216,392.051,17.56098058670938,74.02506306577462,6.119104104885282,1.0607419780582328,56.46408247906524
Romania,2019,58.76,60.28,65.608,285.765,383.818,17.09351828210246,74.45325649135788,6.531960517358748,-2.0999818901112355,57.35973820925542
Romania,2020,55.21,58.0,66.143,270.632,369.489,17.901209508266824,73.24494098606455,6.692428907806557,-3.7332798357554875,55.343731477797725
Romania,2021,58.56,60.76,69.975,287.704,390.003,17.942169675617876,73.76968895111064,6.659887295081966,5.551992075542178,55.82751927549276
Romania,2022,54.74,55.96,63.34,265.593,360.166,17.586335189884668,73.7418301560947,6.579576178297406,-7.650453970866888,56.15549496621003
Romania,2023,56.95,53.93,74.08,252.935,359.369,20.613909380052256,70.38308813503669,6.310254609306409,-0.2212868510631072,49.76917875498443
Romania,2024,52.72,55.68,67.132,257.511,355.471,18.885366176143766,72.44219640983371,6.742621396054629,-1.084678978988174,53.55683023368995
Slovakia,2010,27.46,28.5,16.934,148.8,205.5,8.240389294403894,72.4087591240876,7.483612527312454,,64.1683698296837
Slovakia,2011,28.28,29.01,14.724,141.414,197.691,7.447987010030806,71.53284671532846,6.990487977369165,-3.8000000000000034,64.08485970529766
Slovakia,2012,28.3,28.69,15.717,132.598,189.893,8.27676638949303,69.82774509855551,6.71,-3.9445397109630687,61.55097870906248
Slovakia,2013,28.5,28.59,17.951,134.549,194.587,9.225179482699255,69.14593472328573,6.827614035087719,2.4719183961493973,59.92075524058648
Slovakia,2014,27.13,28.23,18.253,121.688,181.12,10.077848939929329,67.18639575971731,6.676004423147807,-6.920811770570479,57.10854681978799
Slovakia,2015,26.62,29.01,18.012,125.02,182.99,9.843160828460572,68.32067326083391,6.874154770848985,1.0324646643109503,58.477512432373345
Slovakia,2016,26.8,29.45,19.355,126.515,184.744,10.476659593816308,68.48124972935523,6.893432835820895,0.9585223236242335,58.00459013553892
Slovakia,2017,27.42,30.45,19.088,136.099,194.595,9.809090675505537,69.93961818135101,7.096827133479212,5.332243537002546,60.13052750584547
Slovakia,2018,26.66,30.34,17.168,135.674,191.296,8.97457343593175,70.92359484777518,7.175393848462115,-1.6953159125362993,61.949021411843425
Slovakia,2019,28.21,29.91,19.316,125.968,184.849,10.449610222397741,68.1464330345309,6.552605459057071,-3.370169789227173,57.69682281213316
Slovakia,2020,28.51,28.83,19.806,121.471,181.125,10.934989648033126,67.06473429951691,6.353034023149772,-2.014617336312341,56.12974465148379
Slovakia,2021,29.7,30.47,19.772,135.072,195.223,10.127905011192327,69.18856896984474,6.573164983164983,7.783574879227051,59.06066395865241
Slovakia,2022,26.54,27.95,17.259,122.055,179.893,9.594036455003808,67.84866559565964,6.7781838733986435,-7.852558356341211,58.25462914065583
Slovakia,2023,29.53,26.11,19.25,118.448,184.332,10.443113512575136,64.25796931623375,6.242194378598035,2.467577949114186,53.81485580365862
Slovakia,2024,29.52,26.57,20.255,114.557,181.077,11.185849113912866,63.2642467016794,6.134044715447154,-1.765835557580886,52.07839758776653
Slovenia,2010,16.26,14.14,13.01,57.698,86.567,15.028821606385806,66.65126433860479,5.323923739237391,,51.622442732218985
Slovenia,2011,15.92,14.55,10.601,56.359,84.039,12.614381418151096,67.06291126738776,5.278831658291457,-2.9202814005336863,54.448529849236664
Slovenia,2012,15.55,14.51,11.897,54.53,81.659,14.56912281561126,66.77769749813247,5.251382636655949,-2.8320184676162152,52.20857468252121
Slovenia,2013,15.8,14.51,13.898,52.188,80.779,17.204966637368624,64.60590004827989,5.11259493670886,-1.0776521877564171,47.400933410911264
Slovenia,2014,17.15,14.41,17.463,47.775,82.861,21.07505340268643,57.656798735231284,4.831545189504374,2.5774025427400815,36.581745332544855
Slovenia,2015,14.8,14.75,11.518,47.925,74.716,15.4157074789871,64.14288773488946,5.048378378378378,-9.829714823620295,48.727180255902354
Slovenia,2016,16.23,15.05,13.094,51.279,79.858,16.39660397205039,64.21272759147487,4.920394331484904,6.882060067455442,47.81612361942449
Slovenia,2017,16.05,15.53,11.595,52.384,80.721,14.364291819972497,64.8951326172867,5.0293457943925235,1.0806681860302092,50.53084079731421
Slovenia,2018,16.12,15.62,14.045,52.877,82.391,17.046764816545494,64.1781262516537,5.111104218362283,2.068854449275892,47.131361435108204
Slovenia,2019,15.89,15.57,13.753,50.738,80.002,17.190820229494264,63.420914477138076,5.034738829452485,-2.8995885472927974,46.23009424764381
Slovenia,2020,16.89,14.89,15.055,45.377,77.295,19.47732712335856,58.70625525583802,4.576376554174067,-3.3836654083647777,39.22892813247947
Slovenia,2021,15.59,15.32,14.805,46.636,76.582,19.33221905930898,60.896816484291364,4.912251443232841,-0.922440002587499,41.56459742498238
Slovenia,2022,13.36,14.81,11.1,44.889,70.602,15.721934222826548,63.580351831392875,5.284580838323354,-7.808623436316619,47.85841760856633
Slovenia,2023,15.55,14.04,16.691,42.131,73.762,22.628182533011575,57.117485968384806,4.743536977491961,4.4757938868587255,34.48930343537323
Slovenia,2024,16.71,14.3,19.247,44.328,79.156,24.31527616352519,56.00080852999141,4.73704368641532,7.31270844066052,31.68553236646622
Spain,2010,297.8,289.47,275.806,1236.278,1692.348,16.297239102123203,73.051050965877,5.6828341168569505,,56.753811863753796
Spain,2011,291.54,285.45,252.015,1242.487,1661.356,15.169235251204437,74.78752296316985,5.698552514234753,-1.8313018362653533,59.61828771196541
Spain,2012,293.95,282.75,259.509,1212.435,1647.511,15.751579200381668,73.59192138929573,5.604732097295458,-0.8333554036582203,57.840342188914065
Spain,2013,281.46,274.71,300.382,1111.686,1578.531,19.029211336362735,70.42535116510223,5.608367085909188,-4.186921968958024,51.39613982873949
Spain,2014,274.44,271.03,298.185,1089.442,1554.219,19.18552018730951,70.09578444221825,5.663237866200262,-1.5401661418115942,50.91026425490874
Spain,2015,277.17,277.04,264.0,1145.939,1573.144,16.781680507315286,72.8438718896681,5.675736912364252,1.2176533680259949,56.06219138235281
Spain,2016,270.7,278.37,283.168,1132.507,1582.913,17.88904380720861,71.545751408953,5.8474806058367195,0.6209857457422752,53.65670760174439
Spain,2017,272.38,281.55,242.857,1197.184,1602.043,15.15920608872546,74.72858094320814,5.881646963800573,1.208531359588294,59.56937485448268
Spain,2018,271.4,282.5,288.54,1182.64,1628.672,17.716274363407734,72.61376139578749,6.001002210759028,1.6621900910275267,54.89748703237976
Spain,2019,270.52,277.38,267.171,1154.336,1583.871,16.868229799017723,72.88068283338731,5.8549127606091975,-2.7507687244577084,56.012453034369585
Spain,2020,259.47,262.75,307.592,951.118,1422.96,21.61634901894642,66.84081070444708,5.484102208347785,-10.159350098587582,45.22446168550066
Spain,2021,270.75,271.6,336.409,1034.75,1531.899,21.960259782139683,67.54688135444962,5.657983379501385,7.655801990217559,45.58662157230994
Spain,2022,287.15,267.35,328.112,1099.59,1592.166,20.607901437412934,69.06252237517947,5.544718788089849,3.9341366500010855,48.454620937766535
Spain,2023,279.11,265.15,383.33,1022.27,1569.631,24.421663435546314,65.1280460184591,5.623700333201963,-1.4153674930880267,40.70638258291279
Spain,2024,280.94,270.71,413.415,1051.883,1624.246,25.452733145102403,64.76131078666654,5.781469352886738,3.4794802090427623,39.30857764156414
Sweden,2010,148.45,150.53,226.233,228.815,621.735,36.387367608386214,36.80265708058899,4.188177837655776,,0.41528947220277956
Sweden,2011,150.28,143.05,230.326,208.531,612.016,37.63398342526993,34.07280201824789,4.072504657971786,-1.5632061891320381,-3.5611814070220404
Sweden,2012,166.44,146.87,265.426,196.331,645.245,41.13569264387946,30.427357050422703,3.876742369622687,5.4294332174322335,-10.708335593456756
Sweden,2013,153.03,143.03,224.344,192.667,603.543,37.171170902487475,31.922663339646057,3.9439521662419135,-6.462971429457031,-5.248507562841418
Sweden,2014,153.56,137.94,231.919,187.133,600.777,38.60317555432381,31.14849603097322,3.9123274290179735,-0.45829377525710147,-7.454679523350592
Sweden,2015,162.0,139.4,274.841,186.086,622.062,44.18225192987194,29.914381524671175,3.839888888888889,3.542911929051873,-14.267870405200764
Sweden,2016,155.89,144.16,242.278,191.463,609.401,39.756744737865546,31.418228719677195,3.909173134902816,-2.0353276683031662,-8.33851601818835
Sweden,2017,164.23,145.24,255.426,193.963,631.343,40.45756427171918,30.72228566722051,3.8442610972416733,3.60058483658543,-9.735278604498667
Sweden,2018,163.36,146.14,246.462,175.378,609.195,40.456996528205245,28.788483162205857,3.7291564642507344,-3.5080772258502813,-11.668513365999388
Sweden,2019,168.42,142.26,265.789,178.089,625.819,42.47058654339354,28.456950012703352,3.7158235363971026,2.7288470850876934,-14.013636530690185
Sweden,2020,163.78,138.78,296.72,162.972,600.279,49.430348221410384,27.149375540373725,3.6651544755159358,-4.081052189211254,-22.28097268103666
Sweden,2021,171.78,146.21,307.327,176.748,633.68,48.498769094811266,27.89231157682111,3.688904412620794,5.5642459589624105,-20.606457517990155
Sweden,2022,173.05,139.83,316.034,159.071,621.681,50.835396288450184,25.587238471177336,3.5924934989887314,-1.8935424820098357,-25.248157817272848
Sweden,2023,166.05,137.56,304.045,157.322,599.356,50.728615380508415,26.248506730557462,3.6094911171333934,-3.5910700182247846,-24.480108649950953
Sweden,2024,172.15,138.71,303.155,164.165,610.004,49.697215100228846,26.9121186090583,3.543444670345629,1.7765735222472268,-22.785096491170545
