country,year,electricity_generation,electricity_demand,renewables_consumption,fossil_fuel_consumption,primary_energy_consumption
Africa,2010,672.41,676.41,299.146,4106.646,4460.19
Africa,2011,688.68,694.88,307.544,4169.005,4529.279
Africa,2012,725.45,733.6,309.049,4372.651,4734.076
Africa,2013,740.91,750.3,326.263,4505.302,4888.162
Africa,2014,768.06,778.0,351.851,4641.549,5049.482
Africa,2015,790.03,797.82,361.194,4751.086,5163.164
Africa,2016,805.8,812.48,364.653,4857.562,5280.843
Africa,2017,825.62,830.86,389.335,4998.094,5444.701
Africa,2018,855.75,859.47,418.531,5060.675,5530.573
Africa,2019,875.96,874.14,443.538,5180.658,5681.833
Africa,2020,861.09,859.93,475.073,4886.883,5412.605
Africa,2021,905.76,904.65,509.193,5302.949,5870.374
Africa,2022,923.17,925.83,528.702,5373.315,5954.654
Africa,2023,930.89,933.8,554.704,5444.936,6050.292
Africa,2024,961.77,965.72,571.503,5519.12,6139.628
Algeria,2010,45.73,45.66,0.474,438.489,438.995
Algeria,2011,51.22,51.08,1.026,463.396,464.488
Algeria,2012,57.4,57.35,1.071,506.532,507.672
Algeria,2013,59.89,59.8,0.326,536.629,536.977
Algeria,2014,64.27,64.08,0.646,584.925,585.613
Algeria,2015,68.84,68.81,0.562,616.92,617.518
Algeria,2016,71.04,70.79,0.844,616.096,616.996
Algeria,2017,76.07,75.73,1.447,622.254,623.795
Algeria,2018,76.75,76.66,1.816,667.688,669.62
Algeria,2019,81.61,81.47,1.923,692.301,694.349
Algeria,2020,79.37,79.31,1.833,646.949,648.899
Algeria,2021,85.6,84.45,1.684,705.838,707.627
Algeria,2022,91.47,88.9,1.673,732.472,734.248
Algeria,2023,95.88,93.44,1.778,782.639,784.532
Algeria,2024,96.36,93.84,1.837,758.183,760.133
Argentina,2010,126.0,134.6,97.169,760.08,882.268
Argentina,2011,129.49,139.16,93.884,791.213,907.376
Argentina,2012,136.02,143.63,91.078,831.248,944.132
Argentina,2013,139.45,147.51,101.686,885.847,1009.449
Argentina,2014,138.54,148.4,102.627,870.507,993.008
Argentina,2015,145.42,154.38,103.185,883.202,1009.992
Argentina,2016,147.18,156.7,95.882,883.491,1005.722
Argentina,2017,145.61,156.07,103.551,872.594,996.988
Argentina,2018,146.78,156.34,106.101,857.065,986.055
Argentina,2019,139.53,150.22,105.008,793.845,925.658
Argentina,2020,144.64,149.35,101.519,731.666,863.972
Argentina,2021,153.15,155.65,103.147,814.009,948.187
Argentina,2022,145.61,158.49,119.466,856.942,1001.241
Argentina,2023,148.56,163.9,140.409,833.535,1004.261
Argentina,2024,152.51,161.68,144.333,805.21,983.105
Asia,2010,9279.12,9284.27,3605.343,58945.738,64320.453
Asia,2011,9940.439,9946.96,3746.564,62358.297,67605.312
Asia,2012,10413.76,10425.14,4270.77,64577.023,70002.195
Asia,2013,10995.95,11008.45,4713.707,65876.461,71782.398
Asia,2014,11608.34,11619.0,5248.263,67241.508,73772.555
Asia,2015,11762.561,11779.67,5579.107,68120.219,75114.688
Asia,2016,12359.39,12368.51,6050.861,68921.906,76546.836
Asia,2017,13101.64,13098.561,6591.948,70983.016,79234.734
Asia,2018,13890.53,13887.17,7237.954,73038.5,82105.531
Asia,2019,14320.72,14321.1,7956.405,74441.297,84504.664
Asia,2020,14545.22,14554.989,8522.543,73413.375,84082.523
Asia,2021,15656.38,15674.26,9375.36,76741.922,88455.969
Asia,2022,16257.72,16268.56,10291.35,78121.953,90876.898
Asia,2023,17060.699,17077.439,10922.744,80910.461,94503.469
Asia,2024,18014.91,18035.561,12481.891,82613.172,97910.242
Australia,2010,250.97,250.97,61.531,1443.765,1508.838
Australia,2011,256.28,256.28,83.776,1469.942,1558.602
Australia,2012,250.66,250.66,82.696,1448.736,1536.113
Australia,2013,249.56,249.56,95.674,1454.284,1555.586
Australia,2014,247.65,247.65,88.418,1472.994,1566.458
Australia,2015,253.99,253.99,95.058,1501.139,1601.626
Australia,2016,258.23,258.23,108.587,1491.79,1606.889
Australia,2017,258.97,258.97,101.723,1494.319,1602.028
Australia,2018,262.63,262.63,127.007,1491.4,1625.908
Australia,2019,265.9,265.9,140.546,1531.19,1680.293
Australia,2020,265.15,265.15,162.166,1413.45,1585.412
Australia,2021,267.45,267.45,193.787,1383.953,1589.323
Australia,2022,272.92,272.92,218.301,1429.625,1660.79
Australia,2023,273.11,273.11,235.274,1407.307,1657.377
Australia,2024,281.64,281.64,244.22,1413.397,1672.114
Austria,2010,67.82,70.26,124.762,289.55,421.558
Austria,2011,62.2,70.4,113.558,275.898,395.869
Austria,2012,68.65,71.45,140.204,266.205,414.402
Austria,2013,64.55,71.82,137.063,265.785,410.852
Austria,2014,61.55,70.82,135.54,251.532,394.889
Austria,2015,61.78,71.84,128.618,260.525,396.383
Austria,2016,64.87,72.03,136.689,265.025,409.651
Austria,2017,67.09,73.64,136.104,273.692,417.569
Austria,2018,64.67,73.62,132.866,268.067,408.402
Austria,2019,70.69,73.82,143.464,276.15,427.96
Austria,2020,69.03,71.23,144.513,247.334,400.144
Austria,2021,66.67,74.21,138.067,260.531,406.335
Austria,2022,64.47,73.17,131.63,243.02,381.823
Austria,2023,70.98,70.91,154.05,230.862,393.96
Austria,2024,78.47,71.69,174.499,228.06,412.337
Azerbaijan,2010,18.67,18.31,8.976,118.872,128.439
Azerbaijan,2011,20.27,19.59,6.932,138.358,145.739
Azerbaijan,2012,22.97,22.43,4.693,145.098,150.091
Azerbaijan,2013,23.25,22.88,4.022,149.935,154.212
Azerbaijan,2014,24.63,24.26,3.592,153.428,157.241
Azerbaijan,2015,24.57,24.41,4.453,167.101,171.826
Azerbaijan,2016,24.85,23.87,5.342,164.513,170.192
Azerbaijan,2017,24.22,23.05,4.78,161.877,166.954
Azerbaijan,2018,25.13,23.82,4.955,170.907,176.167
Azerbaijan,2019,25.95,24.6,4.55,181.059,185.891
Azerbaijan,2020,25.75,24.74,3.308,181.424,184.929
Azerbaijan,2021,27.79,26.27,3.809,193.515,197.549
Azerbaijan,2022,28.94,26.08,4.596,205.422,210.286
Azerbaijan,2023,29.09,26.06,4.981,212.143,217.433
Azerbaijan,2024,27.84,26.61,8.934,198.685,208.152
Bangladesh,2010,40.86,40.86,2.093,248.846,251.074
Bangladesh,2011,44.22,44.22,2.702,268.757,271.629
Bangladesh,2012,48.62,48.62,2.495,292.377,295.028
Bangladesh,2013,53.34,53.34,2.491,303.928,306.577
Bangladesh,2014,56.05,58.32,2.185,316.239,318.558
Bangladesh,2015,59.29,62.67,3.053,381.858,385.102
Bangladesh,2016,69.09,72.91,2.861,383.656,386.701
Bangladesh,2017,73.45,78.11,3.451,399.297,402.965
Bangladesh,2018,79.15,83.93,3.046,427.053,430.288
Bangladesh,2019,85.11,91.9,3.085,479.281,482.562
Bangladesh,2020,85.46,92.13,2.985,454.276,457.447
Bangladesh,2021,95.65,103.75,3.301,488.968,492.47
Bangladesh,2022,102.25,109.96,3.546,508.413,512.174
Bangladesh,2023,100.73,111.16,4.001,502.4,506.659
Bangladesh,2024,101.74,111.74,5.791,522.928,529.073
Belarus,2010,34.9,37.6,0.773,305.415,306.201
Belarus,2011,32.19,37.78,0.735,299.936,300.684
Belarus,2012,30.81,38.41,0.837,324.38,325.236
Belarus,2013,31.51,37.88,0.898,293.277,294.205
Belarus,2014,34.74,38.06,0.871,293.965,294.863
Belarus,2015,34.09,36.71,0.922,266.007,266.962
Belarus,2016,33.57,36.59,1.105,271.647,272.798
Belarus,2017,34.51,37.1,2.017,275.721,277.84
Belarus,2018,38.99,38.0,1.83,305.255,307.179
Belarus,2019,40.46,38.12,2.231,306.44,308.79
Belarus,2020,38.54,38.04,2.702,282.854,286.544
Belarus,2021,41.25,40.95,3.455,294.609,312.725
Belarus,2022,37.18,36.48,3.479,288.166,303.514
Belarus,2023,41.74,41.43,3.11,271.037,303.532
Belarus,2024,45.82,45.22,3.031,271.51,313.657
Belgium,2010,93.04,93.59,23.793,612.624,764.788
Belgium,2011,89.28,91.82,28.283,556.806,713.712
Belgium,2012,81.51,91.45,34.053,543.644,684.939
Belgium,2013,81.95,91.59,36.852,552.079,701.919
Belgium,2014,71.2,88.8,38.442,523.214,650.851
Belgium,2015,68.43,89.43,42.857,545.301,657.427
Belgium,2016,84.31,90.49,44.179,551.702,709.509
Belgium,2017,85.34,91.36,48.534,557.659,716.042
Belgium,2018,73.87,91.2,51.595,587.782,714.205
Belgium,2019,92.69,90.84,56.982,568.649,738.369
Belgium,2020,88.29,87.96,68.902,505.008,663.906
Belgium,2021,99.4,91.52,67.433,541.398,738.285
Belgium,2022,94.33,86.8,71.928,509.489,694.453
Belgium,2023,82.13,83.77,78.337,486.13,650.558
Belgium,2024,76.01,86.35,73.214,489.87,644.116
Brazil,2010,515.8,550.45,1324.56,1753.845,3188.735
Brazil,2011,531.76,567.65,1373.394,1826.877,3316.323
Brazil,2012,552.5,592.76,1342.998,1951.53,3408.335
Brazil,2013,570.83,611.16,1317.562,2073.493,3500.955
Brazil,2014,590.55,624.33,1317.889,2151.135,3575.635
Brazil,2015,581.22,615.64,1343.086,2089.39,3535.438
Brazil,2016,578.89,619.68,1403.47,1935.609,3451.454
Brazil,2017,589.32,625.67,1406.64,1960.447,3477.629
Brazil,2018,601.39,636.37,1505.676,1867.518,3486.378
Brazil,2019,633.33,658.29,1576.005,1872.509,3567.019
Brazil,2020,628.76,653.48,1575.936,1734.183,3422.429
Brazil,2021,656.4,679.5,1531.76,1939.336,3581.199
Brazil,2022,677.16,690.07,1737.903,1872.792,3731.718
Brazil,2023,708.12,723.23,1839.673,1883.23,3853.746
Brazil,2024,745.72,757.31,1898.276,1889.178,3919.054
Bulgaria,2010,45.93,37.48,15.211,154.662,211.471
Bulgaria,2011,49.96,39.3,10.301,170.472,224.607
Bulgaria,2012,46.46,38.15,14.525,156.513,213.428
Bulgaria,2013,43.02,36.84,19.013,140.885,198.108
Bulgaria,2014,46.92,37.46,20.18,148.925,211.55
Bulgaria,2015,48.71,38.13,23.999,159.541,224.68
Bulgaria,2016,44.53,38.16,19.781,151.685,213.117
Bulgaria,2017,44.84,39.36,17.469,160.054,218.174
Bulgaria,2018,46.51,38.7,26.206,150.328,218.814
Bulgaria,2019,43.72,37.91,21.759,146.884,211.551
Bulgaria,2020,40.14,36.73,21.521,130.932,195.374
Bulgaria,2021,47.22,38.44,29.074,150.05,221.882
Bulgaria,2022,50.28,38.09,27.346,159.598,229.39
Bulgaria,2023,40.08,36.75,27.838,127.576,197.128
Bulgaria,2024,38.3,37.31,31.13,119.965,191.794
Canada,2010,607.03,582.01,981.038,2477.27,3760.554
Canada,2011,638.27,601.59,1049.958,2538.526,3900.117
Canada,2012,636.54,589.79,1067.505,2520.988,3901.693
Canada,2013,655.69,603.81,1090.315,2576.755,4004.351
Canada,2014,652.97,607.36,1064.06,2602.08,4009.156
Canada,2015,661.08,601.55,1095.191,2597.854,4021.453
Canada,2016,667.13,603.33,1109.252,2535.3,3973.037
Canada,2017,669.35,607.11,1132.01,2567.721,4026.635
Canada,2018,661.2,613.0,1109.259,2651.679,4082.489
Canada,2019,655.7,608.62,1092.604,2645.248,4059.989
Canada,2020,655.89,598.25,1108.259,2413.23,3834.944
Canada,2021,652.4,605.11,1103.852,2461.184,3861.98
Canada,2022,664.08,612.97,1148.453,2532.191,3964.521
Canada,2023,641.39,613.63,1063.464,2538.329,3887.86
Canada,2024,636.79,624.36,1037.954,2575.696,3886.195
Chile,2010,60.25,61.21,68.176,291.756,363.948
Chile,2011,65.65,66.38,67.492,314.428,385.712
Chile,2012,69.57,69.57,71.715,327.243,402.747
Chile,2013,72.84,72.84,73.875,335.986,413.759
Chile,2014,70.17,70.17,79.071,326.022,409.534
Chile,2015,74.91,74.91,85.992,323.492,414.23
Chile,2016,78.83,78.83,83.049,346.341,433.903
Chile,2017,78.93,78.89,95.397,349.837,450.347
Chile,2018,81.76,81.76,108.401,354.328,468.278
Chile,2019,83.98,83.98,105.567,362.767,473.979
Chile,2020,83.58,83.58,108.616,328.056,442.478
Chile,2021,88.1,88.1,110.322,360.715,476.857
Chile,2022,91.04,91.04,129.526,367.138,503.505
Chile,2023,89.23,89.23,148.448,340.721,497.494
Chile,2024,88.62,88.62,164.444,345.39,518.732
China,2010,4207.16,4193.65,2080.64,26643.773,29055.609
China,2011,4713.02,4700.28,2089.481,28885.965,31336.537
China,2012,4987.54,4976.76,2618.516,29585.432,32624.18
China,2013,5431.63,5420.4,2852.832,30528.387,33852.566
China,2014,5794.45,5783.04,3344.307,30830.852,34729.066
China,2015,5814.58,5802.14,3587.629,30885.834,35135.988
China,2016,6133.16,6120.44,3891.976,30593.77,35277.711
China,2017,6604.44,6591.39,4243.345,31511.137,36649.383
China,2018,7166.14,7150.92,4659.087,32720.148,38409.82
China,2019,7503.43,7486.63,5096.059,33897.516,40188.723
China,2020,7779.07,7762.03,5511.566,34728.391,41493.891
China,2021,8534.26,8520.02,6170.007,36292.25,43847.18
China,2022,8848.71,8835.76,6712.969,36372.648,44516.492
China,2023,9456.45,9439.37,7226.692,38320.816,47072.012
China,2024,10086.88,10069.88,8470.082,38907.273,48987.102
Colombia,2010,60.23,59.44,114.429,303.138,424.601
Colombia,2011,61.7,60.17,136.639,298.923,443.797
Colombia,2012,63.06,62.35,134.665,329.327,471.933
Colombia,2013,73.51,72.16,125.422,352.07,485.04
Colombia,2014,70.46,69.66,127.322,375.773,510.586
Colombia,2015,77.97,77.56,126.972,370.088,504.402
Colombia,2016,76.17,76.5,131.799,409.192,548.829
Colombia,2017,78.47,78.54,157.133,388.71,555.225
Colombia,2018,78.21,78.32,156.891,405.278,571.28
Colombia,2019,78.78,79.09,151.111,413.71,573.736
Colombia,2020,77.75,78.8,138.213,371.599,517.813
Colombia,2021,84.36,84.48,165.042,391.295,565.815
Colombia,2022,82.86,83.29,175.228,442.123,627.227
Colombia,2023,86.58,86.58,165.887,439.586,615.308
Colombia,2024,89.14,89.14,158.414,448.701,615.888
Croatia,2010,14.79,18.76,24.232,82.442,108.264
Croatia,2011,11.23,18.38,13.767,79.799,94.448
Croatia,2012,10.57,18.0,13.942,72.795,87.595
Croatia,2013,13.94,17.81,24.161,70.368,96.073
Croatia,2014,13.43,17.38,25.72,68.669,96.009
Croatia,2015,11.24,18.03,19.449,70.384,91.02
Croatia,2016,12.6,18.13,21.289,72.108,94.731
Croatia,2017,11.77,18.72,18.124,75.561,94.783
Croatia,2018,13.52,18.91,25.074,71.602,98.16
Croatia,2019,12.65,18.78,22.018,72.605,95.813
Croatia,2020,13.23,17.87,22.578,67.616,91.378
Croatia,2021,15.11,19.07,27.782,69.077,98.312
Croatia,2022,14.1,18.79,23.042,68.931,93.167
Croatia,2023,17.44,19.02,30.562,72.735,105.124
Croatia,2024,15.29,19.65,28.207,73.337,103.144
Cyprus,2010,5.33,5.33,0.373,33.674,34.056
Cyprus,2011,4.92,4.92,0.674,33.027,33.725
Cyprus,2012,4.72,4.72,0.875,30.693,31.605
Cyprus,2013,4.29,4.29,1.039,27.19,28.278
Cyprus,2014,4.34,4.34,0.952,27.295,28.294
Cyprus,2015,4.54,4.54,1.155,27.969,29.184
Cyprus,2016,4.89,4.89,1.202,30.471,31.737
Cyprus,2017,5.0,5.0,1.22,31.31,32.596
Cyprus,2018,5.06,5.06,1.29,31.103,32.462
Cyprus,2019,5.15,5.15,1.437,30.98,32.493
Cyprus,2020,4.85,4.85,1.801,26.392,28.281
Cyprus,2021,5.12,5.12,2.196,27.532,29.842
Cyprus,2022,5.26,5.26,2.45,29.097,31.674
Cyprus,2023,5.33,5.33,2.96,28.986,32.115
Cyprus,2024,5.79,5.79,3.579,29.574,33.348
Czechia,2010,85.22,70.27,19.214,419.103,513.649
Czechia,2011,86.64,69.6,23.7,402.461,501.976
Czechia,2012,86.58,69.46,25.83,392.822,499.438
Czechia,2013,85.91,69.02,29.329,379.33,490.221
Czechia,2014,84.98,68.68,29.737,370.31,479.937
Czechia,2015,82.49,69.98,30.153,370.132,470.716
Czechia,2016,82.0,71.03,30.033,371.338,464.374
Czechia,2017,85.76,72.72,30.803,386.322,490.582
Czechia,2018,86.84,72.93,30.056,381.955,489.024
Czechia,2019,85.72,72.62,32.041,368.216,477.905
Czechia,2020,80.1,69.95,33.161,332.543,442.568
Czechia,2021,83.66,72.58,33.74,354.346,466.406
Czechia,2022,83.73,70.2,33.446,336.533,448.738
Czechia,2023,75.8,66.62,34.241,299.903,411.242
Czechia,2024,72.81,66.15,38.018,279.641,392.823
Denmark,2010,38.75,37.61,35.085,199.24,235.977
Denmark,2011,35.11,36.43,40.576,178.458,220.975
Denmark,2012,30.57,35.78,43.151,160.084,205.243
Denmark,2013,34.61,35.69,45.78,163.676,211.702
Denmark,2014,32.04,34.89,50.869,150.153,203.564
Denmark,2015,28.78,34.69,53.053,143.259,198.975
Denmark,2016,30.4,35.46,51.763,147.286,201.601
Denmark,2017,30.9,35.46,61.02,139.036,202.984
Denmark,2018,30.21,35.43,57.987,139.383,200.117
Denmark,2019,29.37,35.18,64.486,149.164,216.802
Denmark,2020,28.58,35.46,65.536,123.478,192.166
Denmark,2021,32.92,37.79,73.192,115.401,191.85
Denmark,2022,35.16,36.52,77.729,112.822,194.229
Denmark,2023,33.89,37.02,78.254,112.898,195.198
Denmark,2024,35.06,38.77,80.195,112.017,196.253
Ecuador,2010,19.42,20.28,23.266,130.432,155.194
Ecuador,2011,20.43,21.71,29.743,133.012,164.644
Ecuador,2012,22.73,22.96,32.505,139.394,173.933
Ecuador,2013,23.16,23.79,29.342,148.284,179.509
Ecuador,2014,24.19,24.98,30.702,155.932,188.563
Ecuador,2015,25.83,26.3,34.864,151.02,188.046
Ecuador,2016,27.16,26.84,41.754,142.992,187.404
Ecuador,2017,27.83,27.64,52.167,139.654,195.11
Ecuador,2018,29.23,29.08,53.275,149.787,206.38
Ecuador,2019,32.45,30.63,62.988,144.334,211.333
Ecuador,2020,31.29,30.2,61.972,117.016,182.862
Ecuador,2021,32.12,31.96,64.753,143.872,212.597
Ecuador,2022,33.06,33.33,62.248,156.731,222.718
Ecuador,2023,35.82,36.6,63.823,164.327,232.234
Ecuador,2024,32.66,33.36,57.631,169.643,230.721
Egypt,2010,144.43,142.99,37.471,855.174,895.112
Egypt,2011,149.56,147.98,38.159,900.94,941.574
Egypt,2012,162.84,162.44,38.319,939.138,979.905
Egypt,2013,165.08,164.68,37.95,932.828,973.269
Egypt,2014,171.24,170.56,37.544,922.0,961.972
Egypt,2015,181.83,181.14,39.544,934.044,976.108
Egypt,2016,188.19,187.92,39.768,987.889,1030.261
Egypt,2017,193.21,192.87,38.75,1029.495,1070.745
Egypt,2018,199.39,198.82,40.955,1027.787,1071.346
Egypt,2019,200.57,199.78,48.489,996.942,1048.579
Egypt,2020,198.6,197.18,58.677,924.493,986.905
Egypt,2021,209.66,208.19,62.466,994.929,1061.291
Egypt,2022,216.72,215.15,62.918,1043.381,1110.143
Egypt,2023,221.92,220.53,63.349,1028.197,1095.667
Egypt,2024,237.39,235.99,64.823,1057.071,1125.86
Estonia,2010,12.97,9.72,3.199,69.845,73.147
Estonia,2011,12.89,9.33,3.531,69.313,72.963
Estonia,2012,11.96,9.72,4.4,68.942,73.488
Estonia,2013,13.28,9.69,3.637,73.686,77.463
Estonia,2014,12.45,9.7,4.161,69.843,74.161
Estonia,2015,10.15,9.23,4.558,63.892,68.626
Estonia,2016,12.17,10.13,4.594,66.0,70.763
Estonia,2017,13.16,10.43,5.402,72.885,78.484
Estonia,2018,12.37,10.47,6.058,71.624,77.879
Estonia,2019,7.61,9.77,6.49,56.054,62.761
Estonia,2020,6.08,9.72,8.971,49.463,58.733
Estonia,2021,7.19,9.82,8.743,52.411,61.444
Estonia,2022,8.94,9.95,8.343,54.665,63.306
Estonia,2023,5.74,9.04,8.005,47.953,56.277
Estonia,2024,6.26,9.18,9.932,45.41,55.764
Europe,2010,4880.21,4877.72,3014.545,25364.779,31746.008
Europe,2011,4843.02,4834.77,2964.277,25053.898,31343.117
Europe,2012,4873.94,4860.0,3280.945,24728.031,31273.518
Europe,2013,4831.73,4822.73,3530.365,24199.508,30951.607
Europe,2014,4747.56,4737.89,3613.561,23225.455,30080.322
Europe,2015,4783.43,4775.48,3692.058,23087.057,29977.879
Europe,2016,4832.22,4822.76,3770.833,23438.127,30335.357
Europe,2017,4847.12,4842.86,3810.167,23718.523,30637.148
Europe,2018,4867.9,4866.49,4058.748,23795.059,30958.799
Europe,2019,4819.63,4817.93,4139.679,23269.766,30507.029
Europe,2020,4658.36,4654.82,4484.395,21263.137,28626.066
Europe,2021,4865.6,4862.03,4566.763,22234.785,29823.74
Europe,2022,4725.05,4713.65,4504.302,21971.57,29128.344
Europe,2023,4556.24,4535.36,4902.045,21173.643,28746.484
Europe,2024,4650.72,4623.69,5170.308,21364.125,29280.277
European Union (27),2010,2945.54,2950.46,1902.481,14034.502,18308.402
European Union (27),2011,2908.68,2909.64,1884.039,13574.065,17768.266
European Union (27),2012,2903.46,2910.22,2113.666,13216.727,17569.773
European Union (27),2013,2883.69,2881.88,2280.992,12926.968,17433.598
European Union (27),2014,2823.91,2818.88,2358.773,12281.676,16871.619
European Union (27),2015,2870.37,2863.72,2405.321,12516.554,17074.254
European Union (27),2016,2891.4,2892.05,2429.995,12713.838,17240.172
European Union (27),2017,2922.98,2918.43,2441.155,13060.77,17562.961
European Union (27),2018,2908.62,2917.46,2617.339,12823.159,17504.52
European Union (27),2019,2874.5,2877.43,2700.572,12484.005,17256.725
European Union (27),2020,2753.09,2767.06,2908.866,11171.797,15949.86
European Union (27),2021,2874.99,2882.27,2961.266,11861.982,16806.004
European Union (27),2022,2777.49,2790.43,2972.21,11509.797,16149.713
European Union (27),2023,2710.2,2709.73,3297.989,10678.452,15695.724
European Union (27),2024,2773.21,2760.9,3498.298,10611.375,15902.261
Finland,2010,80.64,91.14,70.167,237.393,371.291
Finland,2011,73.5,87.35,70.789,214.826,349.923
Finland,2012,70.41,87.85,81.862,194.504,340.459
Finland,2013,71.26,86.97,74.721,202.25,341.801
Finland,2014,68.1,86.07,78.717,186.628,329.823
Finland,2015,68.61,84.95,89.101,175.874,328.893
Finland,2016,68.75,87.7,85.3,185.297,334.083
Finland,2017,67.52,87.95,90.141,175.713,327.216
Finland,2018,70.23,90.17,92.022,180.042,333.841
Finland,2019,68.61,88.65,92.01,170.721,326.992
Finland,2020,69.24,84.34,100.422,150.225,313.95
Finland,2021,72.11,89.88,110.278,146.355,320.577
Finland,2022,72.17,84.69,109.698,142.401,320.232
Finland,2023,81.52,83.24,117.22,125.729,334.142
Finland,2024,82.55,85.73,127.199,120.26,334.594
France,2010,562.36,531.65,233.531,1613.471,3001.231
France,2011,567.65,511.24,198.359,1517.902,2897.71
France,2012,567.58,523.06,249.119,1513.171,2894.858
France,2013,576.75,528.29,284.361,1516.781,2925.053
France,2014,566.31,499.12,272.726,1375.717,2797.782
France,2015,574.14,510.08,266.623,1412.453,2823.427
France,2016,558.84,517.34,282.738,1432.812,2766.597
France,2017,555.74,515.61,266.731,1458.23,2756.229
France,2018,576.24,513.27,316.88,1408.24,2790.429
France,2019,565.52,507.85,316.482,1388.441,2731.347
France,2020,527.25,482.21,336.373,1197.515,2444.265
France,2021,550.31,505.42,330.825,1296.505,2597.561
France,2022,468.45,483.39,312.538,1240.297,2306.192
France,2023,518.75,468.28,375.619,1166.846,2406.514
France,2024,561.78,471.8,408.538,1144.724,2519.901
Germany,2010,624.21,609.26,323.744,3134.529,3847.151
Germany,2011,605.0,601.23,374.923,3032.669,3710.585
Germany,2012,619.81,599.27,428.276,3052.564,3761.916
Germany,2013,629.69,597.5,445.798,3147.404,3868.517
Germany,2014,618.75,584.87,472.924,2963.163,3710.465
Germany,2015,639.17,590.89,537.013,2981.134,3780.86
Germany,2016,641.52,591.0,537.348,3060.661,3841.451
Germany,2017,644.46,592.0,602.521,3122.243,3949.556
Germany,2018,632.28,583.54,619.775,3002.167,3845.414
Germany,2019,600.09,567.42,661.812,2868.076,3753.704
Germany,2020,566.75,547.72,692.78,2609.179,3498.915
Germany,2021,578.83,560.25,644.416,2749.067,3598.492
Germany,2022,566.88,539.62,695.28,2639.55,3455.45
Germany,2023,506.72,515.94,741.021,2380.906,3178.886
Germany,2024,495.99,522.26,756.721,2400.492,3195.441
Greece,2010,56.61,62.32,28.987,347.664,378.437
Greece,2011,58.45,61.68,22.41,347.527,371.285
Greece,2012,59.91,61.69,27.698,319.955,349.302
Greece,2013,56.37,58.26,38.441,287.475,328.303
Greece,2014,49.62,58.44,32.873,273.054,307.91
Greece,2015,51.05,60.66,39.583,269.766,311.723
Greece,2016,53.84,62.64,39.518,265.051,306.993
Greece,2017,54.8,61.04,36.637,283.363,322.197
Greece,2018,52.61,58.89,42.326,279.214,324.066
Greece,2019,47.95,57.89,42.361,271.977,316.887
Greece,2020,47.51,56.37,46.031,228.208,276.956
Greece,2021,54.24,57.92,57.441,241.738,302.536
Greece,2022,51.67,55.12,58.416,252.595,314.334
Greece,2023,48.93,53.84,62.696,239.392,305.897
Greece,2024,57.08,56.77,66.819,250.538,321.187
High-income countries,2010,12239.25,12246.54,5888.114,64709.016,77652.289
High-income countries,2011,12220.78,12214.05,6213.002,64465.082,77322.109
High-income countries,2012,12260.35,12252.67,6501.207,64274.031,76881.953
High-income countries,2013,12257.271,12263.03,6891.847,64605.238,77613.195
High-income countries,2014,12266.649,12267.88,7067.715,64158.969,77376.102
High-income countries,2015,12346.04,12348.09,7297.882,64275.359,77674.086
High-income countries,2016,12479.13,12481.37,7591.578,64489.703,78164.031
High-income countries,2017,12557.25,12548.75,7912.961,64873.863,78806.312
High-income countries,2018,12730.43,12739.8,8247.45,65751.977,80034.594
High-income countries,2019,12627.57,12627.06,8438.627,64640.992,79204.406
High-income countries,2020,12311.24,12305.46,8991.263,59291.332,74126.406
High-income countries,2021,12725.891,12720.61,9270.049,62138.199,77363.383
High-income countries,2022,12850.92,12831.84,9642.194,62705.543,78006.219
High-income countries,2023,12720.2,12705.28,10091.479,61439.566,77329.742
High-income countries,2024,13028.19,13013.13,10696.276,61913.219,78513.922
Hong Kong,2010,38.23,46.67,0.17,321.003,321.176
Hong Kong,2011,38.97,47.35,0.45,328.878,329.331
Hong Kong,2012,38.53,48.5,0.192,316.294,316.489
Hong Kong,2013,39.01,48.07,0.521,324.504,325.028
Hong Kong,2014,39.74,48.8,0.478,316.726,317.208
Hong Kong,2015,37.86,48.42,0.668,325.779,326.451
Hong Kong,2016,38.12,48.54,0.689,334.359,335.053
Hong Kong,2017,36.94,48.17,0.751,358.584,359.341
Hong Kong,2018,36.57,48.61,0.873,362.695,363.573
Hong Kong,2019,36.94,49.32,0.871,343.666,344.545
Hong Kong,2020,34.35,47.05,1.192,256.739,257.947
Hong Kong,2021,36.22,48.78,1.594,242.064,243.686
Hong Kong,2022,36.1,48.45,2.014,215.358,217.409
Hong Kong,2023,37.75,49.34,2.632,248.557,251.251
Hong Kong,2024,37.44,48.81,2.86,270.012,272.932
Hungary,2010,37.36,42.56,11.062,224.51,277.827
Hungary,2011,36.02,42.66,9.852,217.824,269.464
Hungary,2012,34.62,42.59,9.517,199.771,251.116
Hungary,2013,30.27,42.15,9.747,187.814,238.041
Hungary,2014,29.39,42.78,11.428,185.849,238.269
Hungary,2015,30.33,44.02,11.477,198.327,251.04
Hungary,2016,31.88,44.59,11.612,202.307,255.495
Hungary,2017,32.92,45.8,11.941,215.885,269.293
Hungary,2018,32.05,46.4,13.069,217.812,271.203
Hungary,2019,34.28,46.86,15.402,217.758,274.892
Hungary,2020,34.92,46.6,18.299,210.904,270.327
Hungary,2021,36.1,48.85,21.808,221.14,283.958
Hungary,2022,35.78,47.93,23.77,202.749,267.047
Hungary,2023,35.54,46.64,27.555,186.749,255.314
Hungary,2024,38.0,48.73,32.844,186.585,260.792
Iceland,2010,16.74,16.74,46.746,9.543,56.386
Iceland,2011,16.85,16.85,47.095,9.428,56.377
Iceland,2012,17.29,17.29,48.077,9.363,56.898
Iceland,2013,17.99,17.99,49.327,9.903,58.717
Iceland,2014,17.8,17.8,49.194,10.068,58.63
Iceland,2015,18.55,18.55,50.688,11.0,61.207
Iceland,2016,18.17,18.17,49.856,12.187,61.442
Iceland,2017,19.07,19.07,51.491,13.438,64.246
Iceland,2018,19.69,19.69,53.355,14.441,66.459
Iceland,2019,19.36,19.36,52.344,12.404,63.328
Iceland,2020,18.89,18.89,51.347,8.271,58.082
Iceland,2021,19.39,19.39,52.459,9.627,60.645
Iceland,2022,19.87,19.87,53.578,11.701,63.724
Iceland,2023,19.81,19.81,53.696,11.912,64.068
Iceland,2024,19.05,19.05,52.014,12.601,62.817
India,2010,936.39,941.94,376.951,5786.579,6247.89
India,2011,1032.32,1037.44,456.895,6017.487,6587.01
India,2012,1088.42,1093.06,429.064,6396.479,6937.768
India,2013,1141.23,1145.18,481.422,6565.578,7163.062
India,2014,1258.68,1259.25,520.369,7011.583,7652.732
India,2015,1310.56,1310.65,499.727,7264.577,7892.49
India,2016,1394.93,1393.84,524.185,7609.864,8262.856
India,2017,1462.39,1460.8,579.737,7861.352,8571.671
India,2018,1571.65,1567.81,659.31,8266.076,9063.36
India,2019,1600.98,1597.84,748.695,8373.468,9281.595
India,2020,1563.43,1563.32,777.565,7856.125,8792.22
India,2021,1678.72,1678.69,822.007,8565.351,9544.969
India,2022,1804.61,1802.88,942.536,8948.373,10059.478
India,2023,1918.26,1916.2,954.198,9696.803,10827.859
India,2024,2036.52,2034.22,1031.37,10111.388,11336.057
Indonesia,2010,177.56,177.56,76.897,1663.915,1739.49
Indonesia,2011,191.88,191.88,65.385,1774.586,1837.594
Indonesia,2012,208.96,208.96,69.376,1870.294,1937.146
Indonesia,2013,225.18,225.18,82.807,1743.649,1824.511
Indonesia,2014,237.54,237.55,87.533,1771.863,1856.634
Indonesia,2015,243.28,243.29,76.045,1823.601,1896.461
Indonesia,2016,257.55,258.24,109.633,1777.406,1884.228
Indonesia,2017,265.83,266.95,111.897,1916.056,2023.711
Indonesia,2018,283.79,285.29,171.458,1964.019,2131.562
Indonesia,2019,295.44,297.12,194.482,2063.538,2253.939
Indonesia,2020,291.82,293.37,225.746,1895.222,2116.31
Indonesia,2021,309.36,310.33,243.844,1957.702,2196.681
Indonesia,2022,333.54,334.34,281.127,2472.905,2749.242
Indonesia,2023,350.6,351.49,298.421,2491.822,2785.135
Indonesia,2024,371.54,372.5,327.601,2663.047,2984.731
Iran,2010,235.68,231.99,27.172,2429.434,2458.393
Iran,2011,235.59,230.58,28.299,2523.704,2554.118
Iran,2012,248.74,241.61,33.023,2534.887,2573.836
Iran,2013,258.86,250.98,38.024,2622.598,2674.244
Iran,2014,275.63,269.74,37.562,2736.5,2787.064
Iran,2015,280.24,277.57,33.961,2717.747,2762.903
Iran,2016,286.14,283.67,39.221,2862.04,2920.457
Iran,2017,305.17,300.85,44.166,2958.927,3023.708
Iran,2018,312.35,308.64,26.966,3075.781,3121.94
Iran,2019,318.88,312.02,86.908,3188.336,3297.102
Iran,2020,337.21,330.41,61.588,3339.917,3421.375
Iran,2021,356.41,349.61,38.438,3325.685,3375.397
Iran,2022,367.06,360.61,38.778,3432.548,3490.12
Iran,2023,382.02,375.29,60.326,3515.317,3596.104
Iran,2024,395.79,393.39,51.378,3517.025,3589.786
Iraq,2010,48.91,55.63,9.414,382.232,392.266
Iraq,2011,53.9,61.13,8.807,395.722,405.1
Iraq,2012,46.02,56.19,11.332,429.248,441.304
Iraq,2013,58.9,68.14,11.905,472.761,485.448
Iraq,2014,69.03,77.89,7.36,469.359,477.195
Iraq,2015,70.64,79.81,6.591,464.308,471.319
Iraq,2016,81.93,90.07,8.614,495.505,504.684
Iraq,2017,93.58,99.22,5.583,592.518,598.461
Iraq,2018,98.41,103.09,5.458,616.884,622.69
Iraq,2019,115.21,121.76,13.217,653.748,667.823
Iraq,2020,117.12,124.57,11.208,582.847,594.768
Iraq,2021,120.46,125.56,9.168,608.693,618.433
Iraq,2022,133.86,137.39,7.438,672.112,680.004
Iraq,2023,145.01,151.83,4.292,713.259,717.829
Iraq,2024,149.73,156.83,4.303,732.214,736.781
Ireland,2010,28.16,28.63,10.927,166.767,178.3
Ireland,2011,27.2,27.69,15.298,154.086,170.262
Ireland,2012,27.16,27.57,14.767,151.88,167.469
Ireland,2013,25.62,27.86,15.832,148.27,164.997
Ireland,2014,25.86,28.01,17.889,145.665,164.553
Ireland,2015,28.16,28.83,21.597,151.093,173.913
Ireland,2016,30.3,29.59,20.85,159.873,181.909
Ireland,2017,30.79,30.11,24.831,156.516,182.73
Ireland,2018,31.04,31.01,28.057,157.237,186.853
Ireland,2019,30.87,31.51,32.338,153.616,187.796
Ireland,2020,32.16,32.01,36.334,138.187,176.583
Ireland,2021,31.74,33.33,31.71,146.45,179.882
Ireland,2022,33.79,34.04,35.839,148.706,186.452
Ireland,2023,31.55,34.82,38.897,139.369,180.455
Ireland,2024,31.08,36.14,39.863,139.859,181.792
Israel,2010,58.55,54.58,0.587,264.449,265.059
Israel,2011,59.6,55.38,0.952,269.066,270.062
Israel,2012,63.01,58.58,1.418,281.237,282.727
Israel,2013,61.32,56.64,1.558,265.535,267.183
Israel,2014,60.86,56.02,2.572,257.899,260.622
Israel,2015,64.23,59.03,3.489,271.334,275.029
Israel,2016,67.01,61.46,4.893,275.391,280.57
Israel,2017,67.44,61.79,4.995,280.408,285.686
Israel,2018,69.02,63.16,5.518,286.386,292.212
Israel,2019,72.71,66.4,8.737,292.248,301.506
Israel,2020,72.74,66.5,11.447,273.013,285.135
Israel,2021,74.12,67.6,14.236,276.969,292.044
Israel,2022,76.87,69.95,16.533,290.352,307.838
Israel,2023,77.43,70.5,22.16,260.854,284.39
Israel,2024,80.4,74.0,27.052,249.138,277.774
Italy,2010,296.63,340.79,224.253,1829.21,2062.27
Italy,2011,298.37,344.1,239.582,1771.616,2020.391
Italy,2012,295.25,338.35,263.19,1686.502,1959.975
Italy,2013,286.02,328.16,313.725,1536.089,1863.063
Italy,2014,276.53,320.25,333.739,1468.623,1816.316
Italy,2015,279.7,326.08,304.388,1522.677,1838.465
Italy,2016,285.95,322.98,299.222,1523.979,1834.538
Italy,2017,292.09,329.85,287.981,1549.253,1847.626
Italy,2018,286.06,329.96,315.249,1532.717,1859.782
Italy,2019,289.99,328.13,318.252,1509.498,1839.953
Italy,2020,276.81,309.01,320.361,1331.033,1663.423
Italy,2021,285.49,328.28,319.47,1453.988,1785.142
Italy,2022,280.17,323.16,278.563,1467.793,1755.465
Italy,2023,261.55,312.8,314.506,1353.621,1680.654
Italy,2024,267.56,318.56,352.047,1329.927,1696.287
Japan,2010,1156.04,1156.04,321.517,4866.423,5983.169
Japan,2011,1104.2,1104.2,307.474,4915.311,5669.594
Japan,2012,1106.88,1106.88,301.214,5252.055,5615.285
Japan,2013,1087.76,1087.76,324.029,5197.576,5576.221
Japan,2014,1062.72,1062.72,357.539,5056.037,5431.795
Japan,2015,1030.12,1030.12,410.581,4920.431,5363.261
Japan,2016,1063.7,1063.7,400.425,4828.764,5295.819
Japan,2017,1076.86,1076.86,427.926,4829.473,5354.196
Japan,2018,1082.93,1082.93,457.705,4711.592,5317.67
Japan,2019,1047.4,1047.4,459.348,4556.284,5205.6
Japan,2020,1011.03,1011.03,501.689,4189.544,4825.24
Japan,2021,1034.67,1034.67,540.688,4308.351,5029.708
Japan,2022,1040.57,1040.57,554.107,4286.361,4996.771
Japan,2023,1006.73,1006.73,577.331,4058.882,4858.53
Japan,2024,1016.39,1016.39,604.721,3950.881,4794.816
Kazakhstan,2010,82.65,83.81,20.891,588.93,611.195
Kazakhstan,2011,86.58,87.37,20.423,672.268,694.016
Kazakhstan,2012,90.62,91.94,19.691,708.905,729.853
Kazakhstan,2013,92.61,91.76,19.785,710.521,731.605
Kazakhstan,2014,94.64,93.47,21.062,746.687,769.111
Kazakhstan,2015,91.65,91.65,23.918,610.468,635.91
Kazakhstan,2016,94.63,93.38,30.117,679.239,711.327
Kazakhstan,2017,103.12,98.76,29.113,733.935,764.926
Kazakhstan,2018,107.28,103.8,27.129,760.344,789.198
Kazakhstan,2019,106.48,103.42,27.471,769.458,798.712
Kazakhstan,2020,108.64,107.9,29.467,704.596,735.937
Kazakhstan,2021,115.08,114.52,31.004,789.268,822.205
Kazakhstan,2022,113.44,114.89,32.652,784.636,819.283
Kazakhstan,2023,113.59,115.66,35.266,808.68,846.238
Kazakhstan,2024,118.51,120.92,44.001,815.419,862.112
Kuwait,2010,57.03,57.03,0.0,405.019,405.019
Kuwait,2011,57.46,57.46,0.0,409.911,409.911
Kuwait,2012,61.12,61.12,0.0,422.8,422.8
Kuwait,2013,60.99,60.99,0.0,448.585,448.585
Kuwait,2014,65.15,65.15,0.008,437.226,437.235
Kuwait,2015,68.3,68.3,0.013,468.655,468.668
Kuwait,2016,70.1,70.1,0.123,465.824,465.955
Kuwait,2017,68.89,68.89,0.133,466.849,466.991
Kuwait,2018,74.13,74.13,0.137,482.236,482.382
Kuwait,2019,75.04,75.04,0.154,442.692,442.856
Kuwait,2020,74.64,74.64,0.157,419.512,419.679
Kuwait,2021,80.8,80.8,0.522,468.581,469.135
Kuwait,2022,85.29,85.29,0.435,468.18,468.641
Kuwait,2023,89.76,89.76,0.418,498.384,498.829
Kuwait,2024,92.49,92.49,0.397,524.603,525.025
Latvia,2010,6.63,7.5,9.813,39.531,49.96
Latvia,2011,6.09,7.33,8.323,35.809,44.637
Latvia,2012,6.17,7.86,10.964,34.676,46.287
Latvia,2013,6.2,7.56,9.57,34.47,44.583
Latvia,2014,5.14,7.46,7.702,32.924,41.015
Latvia,2015,5.54,7.36,7.79,33.948,42.114
Latvia,2016,6.42,7.45,9.402,35.085,44.979
Latvia,2017,7.53,7.47,14.362,34.146,49.301
Latvia,2018,6.72,7.63,9.745,33.786,43.999
Latvia,2019,6.44,7.56,8.92,35.917,45.263
Latvia,2020,5.72,7.35,10.138,30.587,41.221
Latvia,2021,5.85,7.62,10.29,32.291,43.077
Latvia,2022,5.03,7.34,10.127,27.88,38.513
Latvia,2023,6.38,7.18,12.722,27.314,40.763
Latvia,2024,6.33,7.4,11.326,26.848,38.79
Lithuania,2010,5.0,10.99,2.969,63.088,66.198
Lithuania,2011,4.25,10.99,3.487,65.038,68.697
Lithuania,2012,4.5,11.12,3.871,64.587,68.632
Lithuania,2013,4.19,11.14,4.775,58.42,63.416
Lithuania,2014,3.69,11.31,4.81,56.185,61.205
Lithuania,2015,4.23,11.44,5.307,58.576,64.112
Lithuania,2016,3.63,11.9,6.195,59.23,65.726
Lithuania,2017,3.56,12.24,7.492,61.296,69.15
Lithuania,2018,2.92,12.55,6.737,63.933,70.969
Lithuania,2019,3.34,12.68,7.331,62.919,70.597
Lithuania,2020,4.7,12.61,7.943,62.0,70.294
Lithuania,2021,4.3,13.34,8.384,61.422,70.149
Lithuania,2022,4.04,12.61,9.301,55.369,65.066
Lithuania,2023,5.3,12.23,12.717,55.22,68.571
Lithuania,2024,7.39,12.79,16.98,55.541,73.366
Lower-middle-income countries,2010,1680.83,1692.33,669.729,9041.703,9815.037
Lower-middle-income countries,2011,1816.16,1824.07,777.057,9414.886,10328.809
Lower-middle-income countries,2012,1927.57,1935.35,729.313,9864.738,10725.25
Lower-middle-income countries,2013,2021.13,2028.02,856.357,10097.905,11098.923
Lower-middle-income countries,2014,2185.91,2191.72,900.371,10668.055,11718.11
Lower-middle-income countries,2015,2297.2,2303.0,877.906,11157.491,12190.258
Lower-middle-income countries,2016,2456.27,2453.48,928.816,11698.538,12787.279
Lower-middle-income countries,2017,2581.95,2572.51,1037.047,12148.951,13358.193
Lower-middle-income countries,2018,2756.44,2739.25,1117.976,12755.343,14055.021
Lower-middle-income countries,2019,2839.33,2825.72,1197.082,13081.284,14480.915
Lower-middle-income countries,2020,2826.27,2813.44,1270.027,12351.251,13825.931
Lower-middle-income countries,2021,3020.08,3010.84,1385.597,13278.367,14887.331
Lower-middle-income countries,2022,3205.44,3193.85,1563.391,13665.719,15482.062
Lower-middle-income countries,2023,3349.22,3346.53,1561.777,14466.673,16290.771
Lower-middle-income countries,2024,3527.28,3525.73,1691.253,15119.424,17091.441
Luxembourg,2010,3.24,7.3,1.216,48.863,50.116
Luxembourg,2011,2.64,7.12,1.215,47.574,48.821
Luxembourg,2012,2.76,6.87,1.39,46.521,47.953
Luxembourg,2013,1.84,6.78,1.621,44.019,45.692
Luxembourg,2014,1.91,6.8,1.876,42.344,44.274
Luxembourg,2015,1.34,6.94,2.107,40.87,43.034
Luxembourg,2016,0.79,7.09,2.246,40.152,42.459
Luxembourg,2017,0.9,7.08,2.889,41.385,44.355
Luxembourg,2018,0.96,7.12,3.227,43.115,46.431
Luxembourg,2019,1.07,6.95,3.642,43.544,47.288
Luxembourg,2020,1.22,6.68,4.287,36.134,40.541
Luxembourg,2021,1.23,6.95,4.278,38.818,43.215
Luxembourg,2022,1.21,6.72,4.27,34.428,38.822
Luxembourg,2023,1.41,6.61,4.719,32.815,37.698
Luxembourg,2024,1.51,6.76,5.647,33.903,39.742
Malaysia,2010,125.04,124.89,20.563,913.448,935.187
Malaysia,2011,127.07,127.43,25.675,924.039,951.171
Malaysia,2012,134.08,134.17,29.89,1009.164,1040.679
Malaysia,2013,140.97,141.16,36.17,1050.795,1089.044
Malaysia,2014,147.47,147.48,40.296,1055.032,1097.616
Malaysia,2015,150.11,150.12,42.81,1069.424,1114.575
Malaysia,2016,156.65,155.99,57.986,1110.921,1172.303
Malaysia,2017,160.64,159.52,74.735,1109.321,1188.491
Malaysia,2018,170.58,169.09,76.346,1129.429,1210.13
Malaysia,2019,178.5,176.84,79.534,1157.242,1241.298
Malaysia,2020,174.01,172.46,85.538,1106.66,1196.895
Malaysia,2021,175.21,174.27,95.275,1150.871,1251.334
Malaysia,2022,183.63,182.25,105.746,1244.331,1355.509
Malaysia,2023,187.8,186.7,107.088,1212.272,1325.126
Malaysia,2024,198.12,197.04,113.976,1262.247,1381.98
Mexico,2010,275.57,274.62,126.283,1979.88,2125.454
Mexico,2011,292.15,291.45,124.256,2067.558,2221.887
Mexico,2012,296.39,297.45,116.248,2099.469,2241.891
Mexico,2013,297.12,297.09,108.269,2101.287,2242.857
Mexico,2014,303.33,302.8,143.018,2057.915,2230.574
Mexico,2015,310.36,309.69,129.053,2043.285,2205.421
Mexico,2016,320.35,320.61,130.223,2115.396,2276.179
Mexico,2017,329.09,329.44,134.188,2164.178,2329.706
Mexico,2018,349.29,350.54,144.553,2100.814,2284.338
Mexico,2019,344.57,345.39,149.725,2077.113,2260.167
Mexico,2020,325.73,329.74,178.82,1856.528,2070.562
Mexico,2021,328.59,327.63,208.781,1950.815,2198.545
Mexico,2022,340.15,339.88,211.437,2049.494,2296.863
Mexico,2023,351.7,350.66,181.211,2074.38,2294.144
Mexico,2024,355.18,354.87,189.901,2081.638,2310.191
Morocco,2010,22.85,26.79,10.747,183.502,194.956
Morocco,2011,24.36,28.97,6.989,197.305,204.747
Morocco,2012,26.51,31.35,6.08,201.953,208.422
Morocco,2013,26.94,32.34,10.23,203.077,213.979
Morocco,2014,28.08,34.09,9.062,207.377,217.025
Morocco,2015,29.91,34.88,11.165,208.983,220.859
Morocco,2016,30.87,36.02,11.702,210.856,223.324
Morocco,2017,31.94,37.84,11.587,221.466,233.801
Morocco,2018,34.56,37.93,16.13,224.658,241.814
Morocco,2019,40.38,39.45,18.672,243.957,263.841
Morocco,2020,38.8,39.03,17.233,224.075,242.404
Morocco,2021,41.3,41.14,19.077,248.613,268.88
Morocco,2022,41.41,42.81,17.577,248.113,266.764
Morocco,2023,42.46,44.31,21.51,248.237,271.146
Morocco,2024,42.4,44.94,23.843,251.048,276.349
Netherlands,2010,118.1,120.88,35.529,1123.363,1170.651
Netherlands,2011,112.64,121.73,39.48,1063.291,1115.092
Netherlands,2012,102.27,119.38,40.157,1043.879,1095.699
Netherlands,2013,100.56,118.8,38.315,1015.559,1062.885
Netherlands,2014,102.1,116.83,37.048,967.208,1016.331
Netherlands,2015,108.99,117.74,41.3,972.886,1026.468
Netherlands,2016,113.96,118.87,43.12,988.796,1044.043
Netherlands,2017,116.04,119.55,50.322,990.712,1052.102
Netherlands,2018,113.1,121.07,56.339,958.304,1026.139
Netherlands,2019,120.05,120.91,68.307,940.219,1021.537
Netherlands,2020,121.96,119.3,95.868,878.826,989.343
Netherlands,2021,120.89,121.14,115.929,884.229,1015.026
Netherlands,2022,119.96,115.69,136.6,800.693,954.098
Netherlands,2023,119.96,114.3,154.89,766.764,939.9
Netherlands,2024,122.33,118.11,166.262,742.61,926.465
New Zealand,2010,44.31,44.31,89.366,143.897,235.133
New Zealand,2011,43.86,43.86,91.873,142.577,236.088
New Zealand,2012,43.75,43.75,86.914,149.934,237.851
New Zealand,2013,42.7,42.7,87.794,150.979,239.573
New Zealand,2014,42.92,42.92,93.718,156.514,250.675
New Zealand,2015,43.57,43.57,96.208,156.022,252.217
New Zealand,2016,43.15,43.15,99.178,156.323,255.684
New Zealand,2017,43.66,43.66,96.44,163.609,259.835
New Zealand,2018,43.73,43.73,98.546,160.122,258.445
New Zealand,2019,43.75,43.75,97.379,166.522,263.565
New Zealand,2020,43.35,43.35,94.275,145.762,239.303
New Zealand,2021,43.55,43.55,95.464,141.322,235.85
New Zealand,2022,43.25,43.25,101.099,132.413,232.71
New Zealand,2023,42.89,42.89,101.46,138.6,239.734
New Zealand,2024,44.01,44.01,99.847,134.787,233.124
North America,2010,5120.43,5120.95,2652.678,27522.459,32819.547
North America,2011,5145.19,5145.7,2966.008,27251.424,32834.348
North America,2012,5104.17,5106.18,2939.01,26692.031,32169.986
North America,2013,5141.66,5147.93,3061.002,27267.223,32945.41
North America,2014,5185.95,5193.71,3121.367,27467.91,33218.766
North America,2015,5193.76,5200.81,3180.185,27213.271,32998.969
North America,2016,5215.95,5219.85,3396.702,26981.756,33004.773
North America,2017,5187.94,5183.45,3638.749,26961.539,33223.156
North America,2018,5352.14,5349.98,3683.125,27882.117,34185.504
North America,2019,5304.2,5297.95,3732.644,27611.754,33963.762
North America,2020,5164.45,5159.36,3898.333,25021.574,31480.227
North America,2021,5282.67,5275.08,4068.129,26432.791,33017.723
North America,2022,5436.59,5427.91,4372.614,26934.613,33790.938
North America,2023,5401.65,5393.69,4299.436,26627.777,33425.441
North America,2024,5533.95,5536.76,4546.723,26733.236,33782.062
North Macedonia,2010,7.26,8.68,6.336,27.146,33.899
North Macedonia,2011,6.76,9.44,3.719,29.831,33.791
North Macedonia,2012,6.26,8.93,2.693,28.49,31.354
North Macedonia,2013,6.09,8.52,4.085,25.768,30.12
North Macedonia,2014,5.38,8.34,3.29,24.46,27.963
North Macedonia,2015,5.65,8.16,5.152,23.999,29.477
North Macedonia,2016,5.63,7.66,5.216,25.039,30.592
North Macedonia,2017,5.6,7.58,3.274,25.955,29.433
North Macedonia,2018,5.61,7.53,4.925,25.195,30.426
North Macedonia,2019,5.87,7.7,3.363,27.484,31.058
North Macedonia,2020,5.34,7.67,3.681,23.8,27.708
North Macedonia,2021,5.53,8.01,4.125,24.623,28.998
North Macedonia,2022,5.94,7.35,3.981,26.517,30.734
North Macedonia,2023,6.89,7.04,5.416,26.76,32.52
North Macedonia,2024,6.31,7.02,4.697,24.592,29.569
Norway,2010,123.14,130.69,308.765,168.981,497.932
Norway,2011,125.93,122.85,317.353,166.241,504.038
Norway,2012,146.18,128.36,371.847,165.486,560.942
Norway,2013,133.14,128.13,335.291,166.09,523.236
Norway,2014,140.88,125.3,352.653,166.609,541.939
Norway,2015,143.0,128.35,356.444,170.251,549.27
Norway,2016,148.03,131.62,368.554,165.224,557.634
Norway,2017,148.27,133.11,369.764,166.948,560.158
Norway,2018,145.94,135.79,360.424,168.588,551.629
Norway,2019,133.83,133.87,330.294,164.592,515.945
Norway,2020,154.32,133.85,377.977,154.663,556.381
Norway,2021,157.13,139.55,388.789,156.456,569.2
Norway,2022,145.42,132.9,356.634,155.415,533.568
Norway,2023,153.63,135.89,373.262,154.257,551.496
Norway,2024,157.11,138.67,382.426,150.112,555.626
Oceania,2010,304.99,304.99,150.898,1587.662,1743.971
Oceania,2011,310.01,310.01,175.649,1612.519,1794.691
Oceania,2012,304.32,304.32,169.61,1598.67,1773.964
Oceania,2013,302.63,302.63,183.468,1605.263,1795.159
Oceania,2014,301.73,301.73,182.136,1629.508,1817.133
Oceania,2015,308.89,308.89,191.267,1657.161,1853.843
Oceania,2016,313.3,313.3,207.765,1648.113,1862.573
Oceania,2017,314.34,314.34,198.164,1657.928,1861.863
Oceania,2018,318.41,318.41,225.553,1651.521,1884.354
Oceania,2019,321.55,321.55,237.925,1697.711,1943.857
Oceania,2020,320.02,320.02,256.441,1559.212,1824.715
Oceania,2021,322.61,322.61,289.251,1525.275,1825.173
Oceania,2022,328.16,328.16,319.4,1562.038,1893.499
Oceania,2023,328.18,328.18,336.735,1545.906,1897.11
Oceania,2024,337.88,337.88,344.068,1548.184,1905.239
Oman,2010,19.81,19.81,0.0,237.083,237.083
Oman,2011,21.87,21.87,0.0,259.864,259.864
Oman,2012,25.02,25.02,0.0,283.451,283.45
Oman,2013,26.24,26.24,0.003,317.617,317.62
Oman,2014,29.13,29.13,0.003,315.965,315.968
Oman,2015,32.75,32.75,0.009,337.414,337.424
Oman,2016,34.23,34.23,0.011,338.633,338.644
Oman,2017,36.15,36.15,0.039,351.874,351.916
Oman,2018,37.76,37.76,0.039,375.966,376.007
Oman,2019,38.89,38.89,0.063,373.342,373.409
Oman,2020,38.2,38.2,0.395,361.133,361.553
Oman,2021,41.0,41.0,1.977,396.243,398.343
Oman,2022,42.4,42.4,4.819,419.447,424.561
Oman,2023,45.0,45.0,4.966,430.071,435.36
Oman,2024,49.1,49.1,4.98,441.59,446.875
Pakistan,2010,94.54,94.81,77.665,659.922,749.47
Pakistan,2011,94.83,95.1,79.33,658.422,753.328
Pakistan,2012,98.1,98.48,27.916,664.951,701.794
Pakistan,2013,104.88,105.3,81.284,677.611,775.379
Pakistan,2014,107.91,108.35,83.786,684.963,786.308
Pakistan,2015,112.79,113.25,85.717,727.018,829.312
Pakistan,2016,122.9,123.4,91.974,788.926,900.437
Pakistan,2017,130.36,130.92,84.925,841.005,951.993
Pakistan,2018,129.02,129.51,85.395,853.311,967.48
Pakistan,2019,134.97,135.48,100.903,843.037,973.635
Pakistan,2020,146.16,146.66,109.215,819.52,959.67
Pakistan,2021,163.21,163.71,105.111,915.025,1066.011
Pakistan,2022,175.97,176.43,102.741,814.536,979.101
Pakistan,2023,171.97,172.45,109.902,731.522,904.241
Pakistan,2024,174.96,175.44,110.151,714.967,888.373
Peru,2010,35.89,35.78,56.59,165.214,225.286
Peru,2011,39.23,39.24,60.38,184.509,248.556
Peru,2012,39.96,39.96,62.824,190.22,256.725
Peru,2013,43.51,43.51,64.66,194.076,262.581
Peru,2014,45.73,45.72,65.648,199.364,268.829
Peru,2015,48.27,48.22,69.108,208.546,281.669
Peru,2016,51.63,51.61,69.438,225.294,298.938
Peru,2017,52.71,52.73,82.497,216.149,303.59
Peru,2018,54.62,54.64,88.46,224.706,318.425
Peru,2019,56.87,56.93,90.071,231.027,326.585
Peru,2020,52.99,53.03,87.938,194.701,287.882
Peru,2021,56.99,57.03,92.159,229.98,327.493
Peru,2022,59.9,59.94,87.133,246.008,338.069
Peru,2023,60.87,60.9,86.427,251.679,343.3
Peru,2024,59.29,59.32,98.304,270.48,374.393
Philippines,2010,67.73,67.73,53.935,290.329,341.031
Philippines,2011,69.15,69.15,59.217,291.718,347.837
Philippines,2012,72.89,72.89,62.392,300.843,359.886
Philippines,2013,75.23,75.23,60.254,328.666,385.732
Philippines,2014,77.23,77.23,60.627,348.919,405.675
Philippines,2015,82.4,82.4,64.522,384.337,444.452
Philippines,2016,90.79,90.79,67.591,422.264,485.422
Philippines,2017,94.36,94.36,70.595,465.8,532.517
Philippines,2018,99.74,99.74,71.161,483.458,550.443
Philippines,2019,106.03,106.03,68.341,502.417,566.121
Philippines,2020,101.75,101.75,66.528,452.137,513.758
Philippines,2021,105.76,105.76,71.183,478.585,545.557
Philippines,2022,111.55,111.55,74.99,500.444,570.979
Philippines,2023,116.73,116.73,79.238,533.969,608.771
Philippines,2024,124.17,124.17,84.178,572.515,652.563
Poland,2010,156.77,155.42,39.067,1116.974,1157.25
Poland,2011,162.87,157.63,45.976,1115.249,1162.666
Poland,2012,161.48,158.64,57.77,1068.362,1127.927
Poland,2013,163.78,159.26,57.048,1072.273,1131.318
Poland,2014,158.35,160.52,64.378,1022.682,1089.354
Poland,2015,164.3,163.97,70.274,1030.028,1103.013
Poland,2016,166.0,168.0,67.435,1079.833,1150.245
Poland,2017,169.91,172.2,71.379,1133.63,1208.289
Poland,2018,169.43,175.12,68.534,1150.725,1222.083
Poland,2019,163.22,173.84,79.444,1104.451,1187.268
Poland,2020,157.15,170.42,87.02,1048.529,1139.234
Poland,2021,178.79,179.68,92.762,1127.997,1224.758
Poland,2022,178.6,176.92,110.737,1071.105,1186.868
Poland,2023,165.52,169.26,132.366,993.986,1132.88
Poland,2024,172.12,174.09,145.929,972.705,1125.569
Portugal,2010,53.48,56.1,79.11,220.531,304.105
Portugal,2011,51.78,54.59,67.716,218.494,289.831
Portugal,2012,45.44,53.33,54.858,206.804,264.467
Portugal,2013,50.35,53.13,80.419,204.735,289.661
Portugal,2014,51.8,52.7,85.419,201.599,291.774
Portugal,2015,51.14,53.41,67.745,218.28,289.522
Portugal,2016,59.05,53.96,86.212,218.771,309.867
Portugal,2017,57.59,54.91,61.549,237.15,301.878
Portugal,2018,58.35,55.69,78.575,221.323,304.09
Portugal,2019,51.6,55.0,73.342,215.787,293.057
Portugal,2020,51.39,52.85,79.964,181.059,265.248
Portugal,2021,49.22,53.97,84.396,177.731,266.49
Portugal,2022,46.33,55.58,74.449,184.476,262.58
Portugal,2023,46.14,56.37,90.499,170.534,265.97
Portugal,2024,47.27,57.74,105.193,159.505,270.242
Qatar,2010,28.14,28.14,0.0,335.396,335.396
Qatar,2011,30.73,30.73,0.033,393.121,393.154
Qatar,2012,34.8,34.8,0.033,448.416,448.449
Qatar,2013,34.75,34.75,0.249,483.473,483.727
Qatar,2014,38.8,38.8,0.335,516.829,517.172
Qatar,2015,41.63,41.63,0.389,595.016,595.414
Qatar,2016,42.44,42.44,0.405,586.101,586.515
Qatar,2017,45.7,45.7,0.424,563.637,564.071
Qatar,2018,48.06,48.06,0.441,572.901,573.353
Qatar,2019,50.0,50.0,0.388,584.812,585.209
Qatar,2020,49.4,49.4,0.441,512.91,513.361
Qatar,2021,51.79,51.79,0.439,542.62,543.069
Qatar,2022,54.75,54.75,1.087,563.867,565.004
Qatar,2023,56.38,56.38,5.054,614.401,619.766
Qatar,2024,56.68,56.68,5.299,648.343,653.95
Romania,2010,60.42,58.15,54.252,307.746,396.424
Romania,2011,61.8,59.89,44.535,329.989,408.341
Romania,2012,58.54,58.79,40.606,320.12,393.332
Romania,2013,58.19,56.17,53.035,282.826,369.577
Romania,2014,64.92,57.79,65.569,279.122,379.116
Romania,2015,65.66,58.93,68.48,278.398,381.136
Romania,2016,64.22,59.2,70.954,276.755,381.085
Romania,2017,63.54,60.65,64.221,290.456,387.936
Romania,2018,64.07,61.53,68.848,290.216,392.051
Romania,2019,58.76,60.28,65.608,285.765,383.818
Romania,2020,55.21,58.0,66.143,270.632,369.489
Romania,2021,58.56,60.76,69.975,287.704,390.003
Romania,2022,54.74,55.96,63.34,265.593,360.166
Romania,2023,56.95,53.93,74.08,252.935,359.369
Romania,2024,52.72,55.68,67.132,257.511,355.471
Russia,2010,1038.02,1020.57,435.24,6896.798,7814.236
Russia,2011,1054.86,1032.31,424.181,7171.414,8080.549
Russia,2012,1069.27,1052.79,422.87,7211.689,8128.363
Russia,2013,1059.08,1045.4,464.846,7086.33,8032.525
Russia,2014,1064.2,1056.15,443.592,7115.961,8057.762
Russia,2015,1067.55,1055.89,428.028,6970.462,7930.555
Russia,2016,1090.97,1076.47,467.186,7083.562,8086.063
Russia,2017,1091.17,1080.57,467.004,7120.232,8135.743
Russia,2018,1109.19,1096.59,479.074,7403.698,8432.209
Russia,2019,1118.16,1099.73,487.594,7322.612,8370.03
Russia,2020,1085.42,1074.68,536.377,6961.566,8075.713
Russia,2021,1157.07,1135.73,545.825,7193.553,8331.266
Russia,2022,1166.94,1150.54,508.351,7528.345,8626.76
Russia,2023,1178.25,1161.72,515.432,7670.828,8760.904
Russia,2024,1209.31,1192.91,540.379,7940.717,9049.149
Saudi Arabia,2010,248.77,248.77,0.011,2451.095,2451.107
Saudi Arabia,2011,259.15,259.08,0.014,2557.276,2557.291
Saudi Arabia,2012,281.63,281.58,0.066,2714.14,2714.211
Saudi Arabia,2013,294.72,294.67,0.109,2731.104,2731.22
Saudi Arabia,2014,328.2,328.15,0.117,2931.593,2931.717
Saudi Arabia,2015,350.64,350.59,0.116,3056.502,3056.625
Saudi Arabia,2016,357.66,356.94,0.115,3179.721,3179.844
Saudi Arabia,2017,394.99,394.96,0.175,3181.633,3181.819
Saudi Arabia,2018,374.77,374.74,0.409,3101.243,3101.678
Saudi Arabia,2019,378.55,378.85,0.526,2966.819,2967.379
Saudi Arabia,2020,380.9,380.53,2.263,2885.845,2888.253
Saudi Arabia,2021,392.95,392.91,2.463,2979.729,2982.346
Saudi Arabia,2022,409.84,409.8,4.939,3144.813,3150.054
Saudi Arabia,2023,429.25,429.21,11.498,3188.496,3200.741
Saudi Arabia,2024,454.64,454.59,23.957,3265.001,3290.424
Singapore,2010,45.36,45.36,1.843,790.15,792.033
Singapore,2011,46.0,46.0,1.904,822.214,824.16
Singapore,2012,46.94,46.94,2.008,829.22,831.272
Singapore,2013,47.97,47.97,2.237,840.842,843.129
Singapore,2014,49.3,49.3,2.386,858.023,860.464
Singapore,2015,50.28,50.28,2.662,908.895,911.619
Singapore,2016,51.59,51.59,2.727,958.097,960.892
Singapore,2017,52.28,52.28,2.728,983.295,986.095
Singapore,2018,52.97,52.97,2.719,990.786,993.577
Singapore,2019,54.14,54.14,2.858,971.567,974.507
Singapore,2020,53.07,53.07,2.869,910.41,913.371
Singapore,2021,55.79,55.79,3.08,908.861,912.046
Singapore,2022,56.92,57.1,4.668,890.796,895.63
Singapore,2023,57.32,57.4,4.887,986.239,991.33
Singapore,2024,59.61,59.63,5.745,1047.929,1053.921
Slovakia,2010,27.46,28.5,16.934,148.8,205.5
Slovakia,2011,28.28,29.01,14.724,141.414,197.691
Slovakia,2012,28.3,28.69,15.717,132.598,189.893
Slovakia,2013,28.5,28.59,17.951,134.549,194.587
Slovakia,2014,27.13,28.23,18.253,121.688,181.12
Slovakia,2015,26.62,29.01,18.012,125.02,182.99
Slovakia,2016,26.8,29.45,19.355,126.515,184.744
Slovakia,2017,27.42,30.45,19.088,136.099,194.595
Slovakia,2018,26.66,30.34,17.168,135.674,191.296
Slovakia,2019,28.21,29.91,19.316,125.968,184.849
Slovakia,2020,28.51,28.83,19.806,121.471,181.125
Slovakia,2021,29.7,30.47,19.772,135.072,195.223
Slovakia,2022,26.54,27.95,17.259,122.055,179.893
Slovakia,2023,29.53,26.11,19.25,118.448,184.332
Slovakia,2024,29.52,26.57,20.255,114.557,181.077
Slovenia,2010,16.26,14.14,13.01,57.698,86.567
Slovenia,2011,15.92,14.55,10.601,56.359,84.039
Slovenia,2012,15.55,14.51,11.897,54.53,81.659
Slovenia,2013,15.8,14.51,13.898,52.188,80.779
Slovenia,2014,17.15,14.41,17.463,47.775,82.861
Slovenia,2015,14.8,14.75,11.518,47.925,74.716
Slovenia,2016,16.23,15.05,13.094,51.279,79.858
Slovenia,2017,16.05,15.53,11.595,52.384,80.721
Slovenia,2018,16.12,15.62,14.045,52.877,82.391
Slovenia,2019,15.89,15.57,13.753,50.738,80.002
Slovenia,2020,16.89,14.89,15.055,45.377,77.295
Slovenia,2021,15.59,15.32,14.805,46.636,76.582
Slovenia,2022,13.36,14.81,11.1,44.889,70.602
Slovenia,2023,15.55,14.04,16.691,42.131,73.762
Slovenia,2024,16.71,14.3,19.247,44.328,79.156
South Africa,2010,259.59,257.12,4.534,1423.193,1463.989
South Africa,2011,262.48,259.41,9.997,1401.501,1446.214
South Africa,2012,257.87,252.84,5.09,1384.678,1424.104
South Africa,2013,255.95,251.45,5.677,1387.736,1430.569
South Africa,2014,254.77,252.11,11.72,1399.793,1448.045
South Africa,2015,250.05,248.5,18.241,1364.474,1415.416
South Africa,2016,252.81,246.82,21.906,1418.199,1480.061
South Africa,2017,255.14,248.51,31.805,1405.124,1475.142
South Africa,2018,256.3,251.6,32.227,1346.292,1409.859
South Africa,2019,253.07,247.9,32.905,1403.281,1471.708
South Africa,2020,240.74,236.92,36.073,1336.406,1399.597
South Africa,2021,245.46,241.89,45.54,1326.379,1405.65
South Africa,2022,239.17,237.66,48.99,1269.034,1346.169
South Africa,2023,232.95,232.4,51.261,1293.333,1367.989
South Africa,2024,247.52,246.22,48.347,1291.935,1362.492
South America,2010,1006.5,1006.51,2061.76,4274.142,6511.888
South America,2011,1044.6,1044.5,2158.754,4466.373,6806.542
South America,2012,1093.93,1093.87,2131.706,4738.928,7048.7
South America,2013,1142.06,1142.03,2114.196,4947.787,7236.995
South America,2014,1135.34,1135.42,2112.787,5019.191,7300.901
South America,2015,1163.59,1163.56,2140.127,4940.629,7249.083
South America,2016,1167.76,1167.78,2190.935,4818.864,7191.099
South America,2017,1164.29,1164.81,2272.332,4773.63,7223.7
South America,2018,1179.67,1179.78,2380.334,4579.299,7141.376
South America,2019,1190.27,1188.84,2426.065,4476.867,7093.475
South America,2020,1174.14,1174.29,2403.922,3977.431,6567.752
South America,2021,1225.96,1227.05,2388.372,4476.997,7050.511
South America,2022,1246.98,1248.2,2641.186,4585.205,7417.202
South America,2023,1283.65,1285.67,2798.781,4606.267,7615.986
South America,2024,1320.5,1327.14,2864.532,4643.06,7719.653
South Korea,2010,495.03,495.03,19.187,2640.333,3056.228
South Korea,2011,518.16,518.16,23.758,2773.87,3208.351
South Korea,2012,531.21,531.21,26.377,2819.799,3242.844
South Korea,2013,537.16,537.16,32.286,2845.724,3242.374
South Korea,2014,540.38,540.38,41.046,2820.216,3269.37
South Korea,2015,547.8,547.8,48.042,2844.946,3320.509
South Korea,2016,560.98,560.98,56.572,2964.03,3438.942
South Korea,2017,576.41,576.41,68.386,3029.387,3479.517
South Korea,2018,592.91,592.91,84.679,3135.622,3562.572
South Korea,2019,586.8,586.8,98.352,3044.451,3515.935
South Korea,2020,577.11,577.11,117.038,2863.894,3389.709
South Korea,2021,607.76,607.76,138.026,3032.615,3573.318
South Korea,2022,622.59,622.59,156.18,3016.088,3619.57
South Korea,2023,617.49,617.49,164.985,2935.336,3557.898
South Korea,2024,625.38,625.38,170.953,2969.066,3616.218
Spain,2010,297.8,289.47,275.806,1236.278,1692.348
Spain,2011,291.54,285.45,252.015,1242.487,1661.356
Spain,2012,293.95,282.75,259.509,1212.435,1647.511
Spain,2013,281.46,274.71,300.382,1111.686,1578.531
Spain,2014,274.44,271.03,298.185,1089.442,1554.219
Spain,2015,277.17,277.04,264.0,1145.939,1573.144
Spain,2016,270.7,278.37,283.168,1132.507,1582.913
Spain,2017,272.38,281.55,242.857,1197.184,1602.043
Spain,2018,271.4,282.5,288.54,1182.64,1628.672
Spain,2019,270.52,277.38,267.171,1154.336,1583.871
Spain,2020,259.47,262.75,307.592,951.118,1422.96
Spain,2021,270.75,271.6,336.409,1034.75,1531.899
Spain,2022,287.15,267.35,328.112,1099.59,1592.166
Spain,2023,279.11,265.15,383.33,1022.27,1569.631
Spain,2024,280.94,270.71,413.415,1051.883,1624.246
Sri Lanka,2010,10.72,10.72,14.958,53.678,69.616
Sri Lanka,2011,11.55,11.55,12.234,62.556,75.579
Sri Lanka,2012,11.8,11.8,8.984,68.397,77.952
Sri Lanka,2013,11.98,11.98,18.441,59.566,79.214
Sri Lanka,2014,12.45,12.45,12.504,72.584,85.891
Sri Lanka,2015,13.21,13.21,16.31,73.958,91.3
Sri Lanka,2016,14.31,14.31,11.932,88.169,100.872
Sri Lanka,2017,14.89,14.89,11.766,94.215,106.731
Sri Lanka,2018,16.07,16.07,17.832,93.415,112.369
Sri Lanka,2019,16.67,16.67,14.378,97.739,113.035
Sri Lanka,2020,16.5,16.5,15.486,88.522,104.981
Sri Lanka,2021,17.51,17.51,22.572,84.89,108.849
Sri Lanka,2022,16.75,16.75,22.521,73.523,97.407
Sri Lanka,2023,16.39,16.39,20.706,78.041,100.078
Sri Lanka,2024,17.07,17.07,25.527,84.266,111.341
Sweden,2010,148.45,150.53,226.233,228.815,621.735
Sweden,2011,150.28,143.05,230.326,208.531,612.016
Sweden,2012,166.44,146.87,265.426,196.331,645.245
Sweden,2013,153.03,143.03,224.344,192.667,603.543
Sweden,2014,153.56,137.94,231.919,187.133,600.777
Sweden,2015,162.0,139.4,274.841,186.086,622.062
Sweden,2016,155.89,144.16,242.278,191.463,609.401
Sweden,2017,164.23,145.24,255.426,193.963,631.343
Sweden,2018,163.36,146.14,246.462,175.378,609.195
Sweden,2019,168.42,142.26,265.789,178.089,625.819
Sweden,2020,163.78,138.78,296.72,162.972,600.279
Sweden,2021,171.78,146.21,307.327,176.748,633.68
Sweden,2022,173.05,139.83,316.034,159.071,621.681
Sweden,2023,166.05,137.56,304.045,157.322,599.356
Sweden,2024,172.15,138.71,303.155,164.165,610.004
Switzerland,2010,66.05,66.57,98.345,184.178,359.477
Switzerland,2011,62.88,65.47,88.984,169.141,334.923
Switzerland,2012,68.13,65.93,105.401,174.715,354.065
Switzerland,2013,68.69,66.29,105.032,178.981,359.146
Switzerland,2014,70.08,64.59,104.666,161.086,344.44
Switzerland,2015,66.07,65.04,105.561,164.18,336.322
Switzerland,2016,61.1,65.02,96.95,158.53,316.245
Switzerland,2017,60.15,65.7,97.0,161.663,316.995
Switzerland,2018,66.29,64.7,98.792,154.76,321.458
Switzerland,2019,70.57,64.31,106.805,158.658,335.955
Switzerland,2020,68.5,62.94,107.5,137.713,309.602
Switzerland,2021,63.09,65.5,105.486,131.863,290.088
Switzerland,2022,61.72,64.86,90.574,143.912,297.485
Switzerland,2023,70.07,63.68,110.206,142.136,317.269
Switzerland,2024,78.37,63.97,131.772,142.694,339.266
Taiwan,2010,247.05,247.05,19.784,1162.855,1294.536
Taiwan,2011,252.15,252.15,20.643,1156.966,1290.155
Taiwan,2012,250.37,250.37,25.148,1146.566,1279.385
Taiwan,2013,252.33,252.33,25.551,1168.894,1304.708
Taiwan,2014,259.97,259.97,22.451,1200.067,1333.887
Taiwan,2015,258.14,258.14,23.399,1214.069,1332.951
Taiwan,2016,264.12,264.12,28.894,1227.9,1339.758
Taiwan,2017,270.26,270.26,27.952,1253.944,1340.768
Taiwan,2018,275.53,275.53,28.299,1254.442,1354.551
Taiwan,2019,274.18,274.18,34.586,1209.824,1328.146
Taiwan,2020,279.99,279.99,34.401,1173.605,1289.167
Taiwan,2021,291.03,291.03,40.074,1258.261,1370.345
Taiwan,2022,288.19,288.19,55.589,1198.666,1316.818
Taiwan,2023,282.28,282.28,62.644,1145.573,1256.377
Taiwan,2024,288.56,288.56,78.277,1140.805,1253.847
Thailand,2010,157.57,163.51,32.407,1145.885,1179.445
Thailand,2011,153.3,162.74,41.674,1169.192,1212.482
Thailand,2012,168.96,177.58,48.82,1242.263,1292.871
Thailand,2013,168.64,179.93,49.835,1261.473,1312.864
Thailand,2014,173.76,183.95,57.466,1298.02,1357.17
Thailand,2015,177.83,189.98,57.81,1318.1,1377.446
Thailand,2016,179.82,198.21,64.814,1338.951,1405.572
Thailand,2017,176.73,200.05,76.063,1354.329,1432.683
Thailand,2018,177.76,203.34,94.116,1381.293,1478.376
Thailand,2019,186.51,209.17,102.623,1373.846,1479.745
Thailand,2020,176.48,203.41,95.962,1280.837,1379.634
Thailand,2021,176.36,207.75,97.35,1286.562,1386.818
Thailand,2022,180.37,213.78,100.366,1284.39,1387.88
Thailand,2023,190.48,221.03,105.355,1279.415,1388.184
Thailand,2024,199.52,231.93,104.94,1312.641,1420.819
Trinidad and Tobago,2010,8.48,8.48,0.011,233.509,233.521
Trinidad and Tobago,2011,8.76,8.76,0.011,230.527,230.54
Trinidad and Tobago,2012,9.12,9.12,0.016,225.903,225.92
Trinidad and Tobago,2013,9.5,9.5,0.016,228.562,228.579
Trinidad and Tobago,2014,9.41,9.41,0.016,228.818,228.834
Trinidad and Tobago,2015,9.57,9.57,0.016,221.619,221.636
Trinidad and Tobago,2016,9.42,9.42,0.016,195.756,195.773
Trinidad and Tobago,2017,9.32,9.32,0.016,207.05,207.067
Trinidad and Tobago,2018,9.23,9.23,0.016,194.022,194.039
Trinidad and Tobago,2019,9.2,9.2,0.015,195.187,195.203
Trinidad and Tobago,2020,9.23,9.23,0.015,169.327,169.343
Trinidad and Tobago,2021,9.27,9.27,0.015,173.108,173.124
Trinidad and Tobago,2022,9.5,9.5,0.015,173.04,173.056
Trinidad and Tobago,2023,9.52,9.52,0.015,163.906,163.923
Trinidad and Tobago,2024,9.55,9.55,0.017,159.789,159.807
Turkey,2010,211.18,210.41,145.686,1098.388,1253.167
Turkey,2011,229.39,230.3,151.262,1176.488,1337.026
Turkey,2012,239.49,242.36,169.754,1241.201,1421.041
Turkey,2013,240.15,246.35,182.671,1218.907,1412.188
Turkey,2014,251.95,257.21,137.518,1309.913,1454.355
Turkey,2015,261.77,265.71,215.766,1362.281,1589.021
Turkey,2016,274.4,279.28,231.891,1426.137,1669.239
Turkey,2017,297.29,296.71,224.584,1553.371,1787.342
Turkey,2018,300.15,299.52,251.254,1526.928,1787.873
Turkey,2019,300.18,299.6,337.335,1497.633,1849.129
Turkey,2020,302.0,301.41,327.603,1482.096,1821.829
Turkey,2021,327.88,326.03,304.751,1636.802,1950.923
Turkey,2022,320.56,323.29,353.075,1604.55,1969.05
Turkey,2023,319.79,323.81,357.138,1591.713,1961.496
Turkey,2024,341.23,340.24,411.239,1667.243,2093.058
Turkmenistan,2010,16.66,14.25,0.009,246.756,246.765
Turkmenistan,2011,17.22,14.67,0.009,266.967,266.977
Turkmenistan,2012,17.75,15.03,0.011,315.561,315.572
Turkmenistan,2013,18.87,16.02,0.013,267.637,267.651
Turkmenistan,2014,20.4,17.19,0.016,283.686,283.703
Turkmenistan,2015,22.53,19.33,0.021,322.225,322.248
Turkmenistan,2016,22.53,19.33,0.025,348.638,348.665
Turkmenistan,2017,23.89,20.69,0.025,323.548,323.575
Turkmenistan,2018,25.36,22.16,0.025,365.381,365.408
Turkmenistan,2019,22.5,19.3,0.025,350.65,350.677
Turkmenistan,2020,25.76,22.56,0.025,444.235,444.261
Turkmenistan,2021,28.4,25.2,0.025,444.77,444.797
Turkmenistan,2022,32.6,23.6,0.025,471.744,471.771
Turkmenistan,2023,32.6,23.6,0.025,438.434,438.46
Turkmenistan,2024,33.01,24.01,0.025,371.138,371.164
Ukraine,2010,188.82,184.76,34.968,1152.221,1426.915
Ukraine,2011,194.95,188.66,29.08,1204.893,1474.744
Ukraine,2012,198.88,187.41,29.027,1174.961,1442.989
Ukraine,2013,194.37,184.48,39.204,1110.22,1369.568
Ukraine,2014,182.82,174.39,26.423,950.507,1208.371
Ukraine,2015,163.68,162.33,18.461,757.371,1003.408
Ukraine,2016,164.58,160.83,23.772,816.763,1049.995
Ukraine,2017,156.04,150.86,27.809,727.248,975.331
Ukraine,2018,159.86,153.79,33.007,762.677,1011.989
Ukraine,2019,154.14,150.1,30.631,715.21,957.663
Ukraine,2020,147.79,145.37,42.929,680.882,918.452
Ukraine,2021,156.44,154.4,54.635,660.588,934.935
Ukraine,2022,111.51,111.61,46.016,414.518,618.781
United Arab Emirates,2010,93.95,93.95,0.048,972.441,972.492
United Arab Emirates,2011,99.13,99.11,0.054,1020.874,1020.931
United Arab Emirates,2012,106.21,106.18,0.062,1074.033,1074.1
United Arab Emirates,2013,109.99,109.97,0.222,1131.623,1131.859
United Arab Emirates,2014,116.54,116.51,0.792,1134.349,1135.193
United Arab Emirates,2015,127.38,127.37,0.761,1222.269,1223.079
United Arab Emirates,2016,129.61,130.24,0.794,1268.676,1269.522
United Arab Emirates,2017,134.57,134.47,1.863,1209.905,1211.888
United Arab Emirates,2018,136.01,135.98,2.98,1129.555,1132.725
United Arab Emirates,2019,138.45,138.44,9.049,1207.321,1216.958
United Arab Emirates,2020,137.31,137.28,12.804,1166.78,1184.499
United Arab Emirates,2021,149.05,149.26,15.401,1197.759,1240.606
United Arab Emirates,2022,155.42,155.31,19.064,1282.422,1352.948
United Arab Emirates,2023,167.53,167.43,35.935,1309.182,1433.276
United Arab Emirates,2024,177.26,177.02,38.241,1380.582,1522.037
United Kingdom,2010,382.06,384.72,75.116,2231.316,2475.146
United Kingdom,2011,367.97,374.19,99.18,2045.831,2332.188
United Kingdom,2012,363.87,375.73,115.193,2069.352,2375.146
United Kingdom,2013,358.28,372.71,158.219,2038.486,2388.473
United Kingdom,2014,338.08,358.6,190.845,1890.725,2255.708
United Kingdom,2015,338.87,359.98,239.227,1847.762,2279.467
United Kingdom,2016,339.18,356.93,237.927,1814.012,2246.922
United Kingdom,2017,338.22,352.98,277.959,1780.515,2251.043
United Kingdom,2018,333.76,352.87,311.597,1755.417,2246.424
United Kingdom,2019,327.19,348.36,341.011,1694.126,2192.985
United Kingdom,2020,310.3,328.55,374.262,1464.439,1982.843
United Kingdom,2021,307.9,332.64,344.991,1514.853,1990.967
United Kingdom,2022,324.58,320.28,379.629,1494.374,2009.944
United Kingdom,2023,292.53,315.83,381.354,1428.648,1929.626
United Kingdom,2024,284.16,317.35,408.147,1409.699,1936.96
United States,2010,4113.94,4139.92,1458.154,22175.387,25953.547
United States,2011,4088.87,4126.12,1703.818,21752.76,25729.088
United States,2012,4040.67,4087.93,1658.88,21191.723,25047.367
United States,2013,4055.61,4113.49,1763.835,21720.932,25728.629
United States,2014,4096.01,4149.22,1815.237,21926.422,25995.914
United States,2015,4083.99,4150.66,1850.341,21655.984,25747.426
United States,2016,4087.56,4154.06,2045.8,21417.207,25727.051
United States,2017,4052.31,4108.62,2248.143,21313.416,25822.156
United States,2018,4201.55,4246.01,2300.448,22212.854,26768.988
United States,2019,4158.38,4197.42,2369.579,21948.143,26578.494
United States,2020,4043.18,4090.49,2477.656,19944.744,24630.395
United States,2021,4153.62,4192.93,2610.055,21170.129,25956.828
United States,2022,4286.89,4328.1,2865.251,21487.639,26512.51
United States,2023,4253.91,4272.81,2919.287,21127.553,26216.545
United States,2024,4391.02,4404.83,3175.228,21166.57,26528.611
Upper-middle-income countries,2010,7210.19,7199.88,4411.677,44414.914,49628.5
Upper-middle-income countries,2011,7808.31,7810.63,4516.234,47409.453,52773.184
Upper-middle-income countries,2012,8207.28,8211.0,5034.814,48873.082,54809.805
Upper-middle-income countries,2013,8758.22,8760.2,5283.865,49949.992,56183.172
Upper-middle-income countries,2014,9176.38,9183.32,5771.882,50514.594,57314.441
Upper-middle-income countries,2015,9242.93,9256.33,6088.201,50283.027,57504.746
Upper-middle-income countries,2016,9632.88,9641.04,6523.511,50378.066,58173.43
Upper-middle-income countries,2017,10175.05,10182.54,6992.212,51699.324,60071.996
Upper-middle-income countries,2018,10841.95,10840.55,7608.08,52978.41,62102.965
Upper-middle-income countries,2019,11225.98,11224.359,8303.737,54301.57,64298.07
Upper-middle-income countries,2020,11445.45,11459.149,8749.581,54074.156,64544.41
Upper-middle-income countries,2021,12367.58,12382.399,9435.909,56593.965,67919.172
Upper-middle-income countries,2022,12712.87,12731.649,10302.701,57367.465,69546.969
Upper-middle-income countries,2023,13335.38,13340.01,10966.889,59519.137,72467.195
Upper-middle-income countries,2024,14106.13,14123.939,12368.391,60385.055,74834.484
Uzbekistan,2010,51.97,50.8,21.334,502.924,525.662
Uzbekistan,2011,52.8,52.07,14.822,534.178,549.961
Uzbekistan,2012,53.0,52.33,16.379,526.032,543.457
Uzbekistan,2013,54.61,53.73,16.036,528.499,545.587
Uzbekistan,2014,55.75,54.97,15.738,549.413,566.169
Uzbekistan,2015,57.41,56.12,15.242,523.942,540.155
Uzbekistan,2016,58.71,57.21,17.247,502.356,520.732
Uzbekistan,2017,60.84,60.2,19.84,516.624,537.744
Uzbekistan,2018,63.15,62.76,14.687,523.388,539.008
Uzbekistan,2019,63.56,64.87,16.051,526.279,543.371
Uzbekistan,2020,66.53,69.05,12.361,526.67,539.818
Uzbekistan,2021,71.44,75.03,12.464,562.676,575.917
Uzbekistan,2022,75.07,77.4,14.125,577.534,592.522
Uzbekistan,2023,76.8,79.73,18.602,580.601,600.413
Uzbekistan,2024,81.5,84.43,31.78,661.851,695.576
Venezuela,2010,113.76,113.3,199.641,744.227,957.009
Venezuela,2011,117.96,117.47,215.434,780.515,1009.919
Venezuela,2012,128.31,127.97,210.672,830.801,1054.928
Venezuela,2013,135.13,135.0,208.669,814.644,1037.009
Venezuela,2014,115.23,114.36,205.011,794.978,1013.238
Venezuela,2015,127.52,126.55,189.59,767.636,969.301
Venezuela,2016,116.94,115.83,158.482,721.23,890.084
Venezuela,2017,103.8,102.74,175.391,686.27,872.974
Venezuela,2018,99.71,98.69,162.523,555.022,727.872
Venezuela,2019,85.15,84.28,155.572,491.294,656.968
Venezuela,2020,80.51,79.86,165.955,351.342,527.86
Venezuela,2021,82.93,82.93,167.159,426.502,604.086
Venezuela,2022,82.36,82.36,168.376,467.382,646.047
Venezuela,2023,71.96,71.96,177.21,510.744,699.48
Venezuela,2024,80.13,80.13,177.697,509.976,698.546
Vietnam,2010,91.72,96.36,74.575,460.749,540.225
Vietnam,2011,101.51,105.38,106.709,483.521,597.142
Vietnam,2012,115.16,116.61,137.683,474.568,621.038
Vietnam,2013,124.46,126.79,148.249,498.152,656.124
Vietnam,2014,141.25,142.69,158.557,554.977,723.781
Vietnam,2015,161.93,162.91,142.626,658.775,810.48
Vietnam,2016,179.17,180.5,161.555,704.559,876.673
Vietnam,2017,194.72,195.43,216.395,719.698,950.026
Vietnam,2018,217.18,218.8,209.46,856.198,1078.912
Vietnam,2019,236.89,238.14,178.467,1018.165,1208.174
Vietnam,2020,244.0,245.51,209.976,1005.433,1228.728
Vietnam,2021,253.61,254.43,267.416,939.331,1223.385
Vietnam,2022,265.11,267.43,322.437,951.403,1293.495
Vietnam,2023,276.59,280.07,290.271,1066.903,1375.936
Vietnam,2024,303.58,307.18,313.791,1143.39,1476.252
World,2010,21263.75,21263.75,11784.37,121801.43,141602.047
World,2011,21972.029,21972.029,12318.797,124911.508,144913.297
World,2012,22515.66,22515.66,13101.09,126707.328,147002.422
World,2013,23155.029,23155.029,13929.002,128401.547,149599.734
World,2014,23747.07,23747.07,14629.965,129225.125,151239.172
World,2015,24002.35,24002.35,15143.938,129769.422,152357.625
World,2016,24694.51,24694.51,15981.749,130666.328,154221.484
World,2017,25441.039,25441.039,16900.693,133092.719,157625.312
World,2018,26464.49,26464.49,18004.244,136007.172,161806.125
World,2019,26832.42,26832.42,18936.256,136678.062,163694.609
World,2020,26723.369,26723.369,20040.709,130121.617,157993.891
World,2021,28259.07,28259.07,21197.068,136714.719,166043.5
World,2022,28917.76,28917.76,22657.553,138548.688,169061.531
World,2023,29665.34,29665.34,23814.445,140308.984,172238.781
World,2024,30930.23,30930.23,25979.023,142420.891,176737.094
