feature,importance,country,model
hour,0.003680797954116487,france,Random_Forest
day_of_week,0.000791556561950092,france,Random_Forest
month,0.001017744635189816,france,Random_Forest
weekend,6.599226673006076e-05,france,Random_Forest
dst_flag,0.0002043217740140132,france,Random_Forest
is_peak,0.0001424888743200029,france,Random_Forest
is_off_peak,0.0001435282110425039,france,Random_Forest
night_period,5.154157257501894e-05,france,Random_Forest
morning_ramp,0.00037029880492139383,france,Random_Forest
evening_peak,0.0012711819126037514,france,Random_Forest
lag_1,0.9517460411316145,france,Random_Forest
lag_4,0.01183321557519785,france,Random_Forest
lag_96,0.003609020173284455,france,Random_Forest
lag_672,0.002800569458988691,france,Random_Forest
rolling_mean_96,0.004466309622906749,france,Random_Forest
rolling_std_96,0.0029504200454611657,france,Random_Forest
rolling_mean_672,0.0025852710361293518,france,Random_Forest
temperature_2m,0.003035496011205995,france,Random_Forest
wind_speed_10m,0.0027720947675686112,france,Random_Forest
shortwave_radiation,0.004448896524885333,france,Random_Forest
cloud_cover,0.0013931596434038547,france,Random_Forest
precipitation,0.0006200534418902351,france,Random_Forest
hour,0.017041701823472977,france,XGBoost
day_of_week,0.005991441197693348,france,XGBoost
month,0.0075905099511146545,france,XGBoost
weekend,0.007279970217496157,france,XGBoost
dst_flag,0.009695904329419136,france,XGBoost
is_peak,0.008690017275512218,france,XGBoost
is_off_peak,0.010343078523874283,france,XGBoost
night_period,0.003997779451310635,france,XGBoost
morning_ramp,0.017677895724773407,france,XGBoost
evening_peak,0.08070927858352661,france,XGBoost
lag_1,0.5084787607192993,france,XGBoost
lag_4,0.19563712179660797,france,XGBoost
lag_96,0.005745045840740204,france,XGBoost
lag_672,0.007274520583450794,france,XGBoost
rolling_mean_96,0.021515896543860435,france,XGBoost
rolling_std_96,0.008969266898930073,france,XGBoost
rolling_mean_672,0.018779166042804718,france,XGBoost
temperature_2m,0.00776724424213171,france,XGBoost
wind_speed_10m,0.011261751875281334,france,XGBoost
shortwave_radiation,0.03311949223279953,france,XGBoost
cloud_cover,0.006211159285157919,france,XGBoost
precipitation,0.006223072297871113,france,XGBoost
hour,0.005192796971023231,germany,Random_Forest
day_of_week,0.0009776665631884233,germany,Random_Forest
month,0.0016205966388268707,germany,Random_Forest
weekend,0.00017538880837296891,germany,Random_Forest
dst_flag,0.00012339301460890555,germany,Random_Forest
is_peak,0.00013389783482100747,germany,Random_Forest
is_off_peak,0.00013507943531479013,germany,Random_Forest
night_period,0.0001473400839841764,germany,Random_Forest
morning_ramp,0.0003999853161811691,germany,Random_Forest
evening_peak,0.0010201095413279963,germany,Random_Forest
lag_1,0.048563859382149126,germany,Random_Forest
lag_4,0.8967931979604626,germany,Random_Forest
lag_96,0.008062627278791114,germany,Random_Forest
lag_672,0.0049770008190823155,germany,Random_Forest
rolling_mean_96,0.006974690473263189,germany,Random_Forest
rolling_std_96,0.007867331607966425,germany,Random_Forest
rolling_mean_672,0.00707162305873736,germany,Random_Forest
temperature_2m,0.00221207267562918,germany,Random_Forest
wind_speed_10m,0.0028027037102188027,germany,Random_Forest
shortwave_radiation,0.003364370842433048,germany,Random_Forest
cloud_cover,0.0011656506121505278,germany,Random_Forest
precipitation,0.00021861737146672101,germany,Random_Forest
hour,0.008700531907379627,germany,XGBoost
day_of_week,0.006697476841509342,germany,XGBoost
month,0.011095552705228329,germany,XGBoost
weekend,0.006786872632801533,germany,XGBoost
dst_flag,0.012468780390918255,germany,XGBoost
is_peak,0.00507876742631197,germany,XGBoost
is_off_peak,0.00805289950221777,germany,XGBoost
night_period,0.0064443564042449,germany,XGBoost
morning_ramp,0.008165356703102589,germany,XGBoost
evening_peak,0.015662815421819687,germany,XGBoost
lag_1,0.13127198815345764,germany,XGBoost
lag_4,0.6851843595504761,germany,XGBoost
lag_96,0.02115006186068058,germany,XGBoost
lag_672,0.00862091314047575,germany,XGBoost
rolling_mean_96,0.015095392242074013,germany,XGBoost
rolling_std_96,0.008857597596943378,germany,XGBoost
rolling_mean_672,0.011325920931994915,germany,XGBoost
temperature_2m,0.005396965891122818,germany,XGBoost
wind_speed_10m,0.005713204387575388,germany,XGBoost
shortwave_radiation,0.009400737471878529,germany,XGBoost
cloud_cover,0.005298812873661518,germany,XGBoost
precipitation,0.003530682297423482,germany,XGBoost
hour,0.014963361515145672,italy,Random_Forest
day_of_week,0.0012332441527646153,italy,Random_Forest
month,0.0018968064578702168,italy,Random_Forest
weekend,0.00021433012573954835,italy,Random_Forest
dst_flag,0.0004294273705098973,italy,Random_Forest
is_peak,0.00019363282744130542,italy,Random_Forest
is_off_peak,0.0001857986764805642,italy,Random_Forest
night_period,0.00010741529719257711,italy,Random_Forest
morning_ramp,0.0002941929976794091,italy,Random_Forest
evening_peak,0.003760494495365971,italy,Random_Forest
lag_1,0.9214809856232549,italy,Random_Forest
lag_4,0.012144387988787133,italy,Random_Forest
lag_96,0.003979533364366342,italy,Random_Forest
lag_672,0.0032070545358946685,italy,Random_Forest
rolling_mean_96,0.005425338255045906,italy,Random_Forest
rolling_std_96,0.004479408392432073,italy,Random_Forest
rolling_mean_672,0.005871615422154436,italy,Random_Forest
temperature_2m,0.005386755099708498,italy,Random_Forest
wind_speed_10m,0.0030744023267455928,italy,Random_Forest
shortwave_radiation,0.009183473030376865,italy,Random_Forest
cloud_cover,0.0018589278154063278,italy,Random_Forest
precipitation,0.0006294142296374426,italy,Random_Forest
hour,0.023220371454954147,italy,XGBoost
day_of_week,0.01818964071571827,italy,XGBoost
month,0.009809090755879879,italy,XGBoost
weekend,0.025427818298339844,italy,XGBoost
dst_flag,0.013674622401595116,italy,XGBoost
is_peak,0.008321406319737434,italy,XGBoost
is_off_peak,0.008932944387197495,italy,XGBoost
night_period,0.01110552717000246,italy,XGBoost
morning_ramp,0.021753739565610886,italy,XGBoost
evening_peak,0.13814698159694672,italy,XGBoost
lag_1,0.4571863114833832,italy,XGBoost
lag_4,0.10565651953220367,italy,XGBoost
lag_96,0.005735703743994236,italy,XGBoost
lag_672,0.005229951813817024,italy,XGBoost
rolling_mean_96,0.024299316108226776,italy,XGBoost
rolling_std_96,0.010983881540596485,italy,XGBoost
rolling_mean_672,0.011197211220860481,italy,XGBoost
temperature_2m,0.01032560970634222,italy,XGBoost
wind_speed_10m,0.005523162428289652,italy,XGBoost
shortwave_radiation,0.07373376935720444,italy,XGBoost
cloud_cover,0.005936728790402412,italy,XGBoost
precipitation,0.005609744694083929,italy,XGBoost
hour,0.003577601740511389,netherlands,Random_Forest
day_of_week,0.0005814360841834925,netherlands,Random_Forest
month,0.0006758386253671255,netherlands,Random_Forest
weekend,0.0001272479520453014,netherlands,Random_Forest
dst_flag,0.00018988986264013686,netherlands,Random_Forest
is_peak,0.00018764539159607746,netherlands,Random_Forest
is_off_peak,0.0001683758180320292,netherlands,Random_Forest
night_period,3.814215730823294e-05,netherlands,Random_Forest
morning_ramp,0.0005247670807006615,netherlands,Random_Forest
evening_peak,0.0011245459464372697,netherlands,Random_Forest
lag_1,0.9405851942125862,netherlands,Random_Forest
lag_4,0.020594208581080953,netherlands,Random_Forest
lag_96,0.00587966622042716,netherlands,Random_Forest
lag_672,0.0027336245516289617,netherlands,Random_Forest
rolling_mean_96,0.003795633137147324,netherlands,Random_Forest
rolling_std_96,0.004248385873792786,netherlands,Random_Forest
rolling_mean_672,0.0026471515687244607,netherlands,Random_Forest
temperature_2m,0.003237316903552505,netherlands,Random_Forest
wind_speed_10m,0.0029015082328838378,netherlands,Random_Forest
shortwave_radiation,0.004642268402665637,netherlands,Random_Forest
cloud_cover,0.001286061436820897,netherlands,Random_Forest
precipitation,0.000253490219867477,netherlands,Random_Forest
hour,0.015350152738392353,netherlands,XGBoost
day_of_week,0.007087712176144123,netherlands,XGBoost
month,0.0055403015576303005,netherlands,XGBoost
weekend,0.006857131142169237,netherlands,XGBoost
dst_flag,0.008970889262855053,netherlands,XGBoost
is_peak,0.018264908343553543,netherlands,XGBoost
is_off_peak,0.0164046473801136,netherlands,XGBoost
night_period,0.003218561876565218,netherlands,XGBoost
morning_ramp,0.013977956026792526,netherlands,XGBoost
evening_peak,0.0917164608836174,netherlands,XGBoost
lag_1,0.49494969844818115,netherlands,XGBoost
lag_4,0.1913672536611557,netherlands,XGBoost
lag_96,0.011973684653639793,netherlands,XGBoost
lag_672,0.005774516612291336,netherlands,XGBoost
rolling_mean_96,0.0227037500590086,netherlands,XGBoost
rolling_std_96,0.012629033997654915,netherlands,XGBoost
rolling_mean_672,0.010983220301568508,netherlands,XGBoost
temperature_2m,0.007141484413295984,netherlands,XGBoost
wind_speed_10m,0.00860214326530695,netherlands,XGBoost
shortwave_radiation,0.03616638854146004,netherlands,XGBoost
cloud_cover,0.007140284404158592,netherlands,XGBoost
precipitation,0.00317979184910655,netherlands,XGBoost
hour,0.0009292371055763817,spain,Random_Forest
day_of_week,0.0003343868682583392,spain,Random_Forest
month,0.000366321210023651,spain,Random_Forest
weekend,3.370180829526918e-05,spain,Random_Forest
dst_flag,7.310248067305335e-05,spain,Random_Forest
is_peak,6.893265277839064e-05,spain,Random_Forest
is_off_peak,6.52737826118331e-05,spain,Random_Forest
night_period,3.021785311231487e-05,spain,Random_Forest
morning_ramp,0.0005179000762399609,spain,Random_Forest
evening_peak,0.0017645363374205554,spain,Random_Forest
lag_1,0.9806147200981852,spain,Random_Forest
lag_4,0.0042698515297433706,spain,Random_Forest
lag_96,0.0010754969393080341,spain,Random_Forest
lag_672,0.001133145864444215,spain,Random_Forest
rolling_mean_96,0.0013059567452497031,spain,Random_Forest
rolling_std_96,0.0013520277451124216,spain,Random_Forest
rolling_mean_672,0.0014048582051978344,spain,Random_Forest
temperature_2m,0.0012287646954734243,spain,Random_Forest
wind_speed_10m,0.0008354485272668489,spain,Random_Forest
shortwave_radiation,0.0017344363865099525,spain,Random_Forest
cloud_cover,0.0006532005469030963,spain,Random_Forest
precipitation,0.0002084825416161302,spain,Random_Forest
hour,0.009993236511945724,spain,XGBoost
day_of_week,0.0025394062977284193,spain,XGBoost
month,0.0032154936343431473,spain,XGBoost
weekend,0.002164477249607444,spain,XGBoost
dst_flag,0.006825569551438093,spain,XGBoost
is_peak,0.002369476016610861,spain,XGBoost
is_off_peak,0.003736066399142146,spain,XGBoost
night_period,0.002649599453434348,spain,XGBoost
morning_ramp,0.011987373232841492,spain,XGBoost
evening_peak,0.198053240776062,spain,XGBoost
lag_1,0.5113519430160522,spain,XGBoost
lag_4,0.1965450644493103,spain,XGBoost
lag_96,0.002064069500193,spain,XGBoost
lag_672,0.0019377252319827676,spain,XGBoost
rolling_mean_96,0.011152862571179867,spain,XGBoost
rolling_std_96,0.005003265105187893,spain,XGBoost
rolling_mean_672,0.0037442264147102833,spain,XGBoost
temperature_2m,0.0030658412724733353,spain,XGBoost
wind_speed_10m,0.0023867725394666195,spain,XGBoost
shortwave_radiation,0.014268663711845875,spain,XGBoost
cloud_cover,0.002559468848630786,spain,XGBoost
precipitation,0.00238602701574564,spain,XGBoost
