Date,Brent_Price,TTF_Price,EUA_Price,Power_Index
2022-01-04,80.0,88.74099731445312,84.80000305175781,23.230588912963867
2022-01-05,80.80000305175781,91.52200317382812,87.5199966430664,23.32965087890625
2022-01-06,81.98999786376953,96.50199890136719,86.81500244140625,22.606481552124023
2022-01-07,81.75,88.17400360107422,85.30000305175781,22.378633499145508
2022-01-10,80.87000274658203,84.60700225830078,80.41999816894531,21.843687057495117
2022-01-11,83.72000122070312,78.73600006103516,81.7300033569336,22.249849319458008
2022-01-12,84.66999816894531,75.15299987792969,80.0199966430664,22.180505752563477
2022-01-13,84.47000122070312,85.45999908447266,80.875,22.517324447631836
2022-01-14,86.05999755859375,86.97000122070312,82.25,22.11115837097168
2022-01-18,87.51000213623047,78.33399963378906,82.2300033569336,22.220130920410156
2022-01-19,88.44000244140625,75.60199737548828,81.6050033569336,22.190410614013672
2022-01-20,88.37999725341797,75.2030029296875,85.19999694824219,22.725358963012695
2022-01-21,87.88999938964844,78.9800033569336,84.4000015258789,18.946054458618164
2022-01-24,86.2699966430664,93.0,83.58999633789062,17.87120819091797
2022-01-25,88.19999694824219,93.58200073242188,87.2249984741211,18.35662269592285
2022-01-26,89.95999908447266,91.83699798583984,88.78500366210938,19.218481063842773
2022-01-27,89.33999633789062,92.3010025024414,89.84500122070312,19.49586296081543
2022-01-28,90.02999877929688,92.06199645996094,89.47000122070312,19.208574295043945
2022-01-31,91.20999908447266,84.6719970703125,88.87999725341797,19.57511329650879
2022-02-01,89.16000366210938,76.16699981689453,88.86499786376953,19.466142654418945
2022-02-02,89.47000122070312,77.35099792480469,93.1449966430664,19.426517486572266
2022-02-03,91.11000061035156,80.2229995727539,94.62999725341797,19.471094131469727
2022-02-04,93.2699966430664,82.6520004272461,95.33000183105469,19.114463806152344
2022-02-07,92.69000244140625,79.59500122070312,95.43499755859375,18.886615753173828
2022-02-08,90.77999877929688,77.30000305175781,95.23999786376953,18.926240921020508
2022-02-09,91.55000305175781,74.41699981689453,91.41000366210938,19.124370574951172
2022-02-10,91.41000366210938,74.35299682617188,90.7750015258789,19.119417190551758
2022-02-11,94.44000244140625,77.4260025024414,92.31500244140625,18.648860931396484
2022-02-14,96.4800033569336,80.77100372314453,90.80500030517578,18.48540496826172
2022-02-15,93.27999877929688,70.91899871826172,89.68499755859375,19.21352767944336
2022-02-16,94.80999755859375,69.79499816894531,89.06999969482422,18.90147590637207
2022-02-17,92.97000122070312,74.91400146484375,85.74500274658203,18.787551879882812
2022-02-18,93.54000091552734,73.76200103759766,88.66500091552734,18.247650146484375
2022-02-22,96.83999633789062,79.78900146484375,89.0,18.04952049255371
2022-02-23,96.83999633789062,88.89099884033203,94.42500305175781,17.975223541259766
2022-02-24,99.08000183105469,134.3159942626953,86.51000213623047,19.30268669128418
2022-02-25,97.93000030517578,94.4219970703125,87.1500015258789,19.35247230529785
2022-02-28,100.98999786376953,98.59500122070312,81.13500213623047,21.33900260925293
2022-03-01,104.97000122070312,121.67400360107422,69.4000015258789,20.592187881469727
2022-03-02,112.93000030517578,165.54299926757812,67.37000274658203,20.084352493286133
2022-03-03,110.45999908447266,160.822998046875,66.33999633789062,19.40226173400879
2022-03-04,118.11000061035156,192.5500030517578,64.66999816894531,19.063705444335938
2022-03-07,123.20999908447266,227.2010040283203,57.720001220703125,19.735837936401367
2022-03-08,127.9800033569336,214.5540008544922,67.75499725341797,20.91082763671875
2022-03-09,111.13999938964844,155.8800048828125,72.26499938964844,20.6419734954834
2022-03-10,109.33000183105469,126.39900207519531,74.87999725341797,20.402992248535156
2022-03-11,112.66999816894531,131.22900390625,75.91999816894531,21.289213180541992
2022-03-14,106.9000015258789,114.52200317382812,77.7699966430664,21.368873596191406
2022-03-15,99.91000366210938,115.43900299072266,76.41000366210938,21.060190200805664
2022-03-16,98.0199966430664,102.62300109863281,77.63500213623047,21.229469299316406
2022-03-17,106.63999938964844,105.08799743652344,79.25,20.7116756439209
2022-03-18,107.93000030517578,105.04399871826172,78.08000183105469,21.358917236328125
2022-03-21,115.62000274658203,96.302001953125,78.0250015258789,21.259342193603516
2022-03-22,115.4800033569336,98.74700164794922,79.9800033569336,21.30912971496582
2022-03-23,121.5999984741211,117.0009994506836,76.36499786376953,20.98052978515625
2022-03-24,119.02999877929688,111.60800170898438,78.16000366210938,21.139850616455078
2022-03-25,120.6500015258789,101.26899719238281,78.01499938964844,20.512527465820312
2022-03-28,112.4800033569336,102.54499816894531,80.125,20.47269630432129
2022-03-29,110.2300033569336,108.38099670410156,80.93000030517578,20.671846389770508
2022-03-30,113.44999694824219,118.97000122070312,77.72000122070312,20.492610931396484
2022-03-31,107.91000366210938,125.90599822998047,76.00499725341797,20.632015228271484
2022-04-01,104.38999938964844,112.1500015258789,77.5999984741211,20.821208953857422
2022-04-04,107.52999877929688,109.52300262451172,78.0,20.821208953857422
2022-04-05,106.63999938964844,108.56400299072266,77.88500213623047,21.04027557373047
2022-04-06,101.06999969482422,106.79100036621094,76.68499755859375,19.691028594970703
2022-04-07,100.58000183105469,104.56400299072266,79.43000030517578,19.088598251342773
2022-04-08,102.77999877929688,103.88200378417969,79.55999755859375,19.50681495666504
2022-04-11,98.4800033569336,100.13700103759766,77.2699966430664,19.33255958557129
2022-04-12,104.63999938964844,102.21900177001953,78.55999755859375,19.292728424072266
2022-04-13,108.77999877929688,105.3239974975586,76.92500305175781,18.90438461303711
2022-04-14,111.69999694824219,95.62000274658203,79.26000213623047,18.9442138671875
2022-04-19,107.25,93.76799774169922,79.55000305175781,19.47694206237793
2022-04-20,106.80000305175781,94.23100280761719,86.28500366210938,19.173236846923828
2022-04-21,108.33000183105469,100.06099700927734,85.94000244140625,19.068683624267578
2022-04-22,106.6500015258789,94.875,88.21499633789062,18.660423278808594
2022-04-25,102.31999969482422,92.83699798583984,82.58000183105469,18.685317993164062
2022-04-26,104.98999786376953,103.20800018310547,81.5,18.147611618041992
2022-04-27,105.31999969482422,107.427001953125,80.21499633789062,18.232250213623047
2022-04-28,107.58999633789062,100.14199829101562,82.03500366210938,18.082887649536133
2022-04-29,109.33999633789062,99.44999694824219,82.94000244140625,18.351741790771484
2022-05-03,104.97000122070312,99.4260025024414,87.38500213623047,17.789138793945312
2022-05-04,110.13999938964844,103.82099914550781,87.04000091552734,17.729394912719727
2022-05-05,110.9000015258789,106.50800323486328,87.96499633789062,17.27632713317871
2022-05-06,112.38999938964844,101.70800018310547,90.7249984741211,17.092113494873047
2022-05-09,105.94000244140625,93.78700256347656,86.12999725341797,16.609172821044922
2022-05-10,102.45999908447266,98.8010025024414,86.50499725341797,16.61414909362793
2022-05-11,107.51000213623047,94.01200103759766,87.73999786376953,16.161081314086914
2022-05-12,107.44999694824219,106.70099639892578,87.25,15.5586519241333
2022-05-13,111.55000305175781,96.88099670410156,87.37999725341797,16.380149841308594
2022-05-16,114.23999786376953,92.86000061035156,88.63500213623047,16.494661331176758
2022-05-17,111.93000030517578,94.17500305175781,90.73999786376953,16.728660583496094
2022-05-18,109.11000061035156,94.53800201416016,83.83000183105469,16.952707290649414
2022-05-19,112.04000091552734,91.02400207519531,82.0199966430664,17.017431259155273
2022-05-20,112.55000305175781,87.9020004272461,79.65499877929688,16.863088607788086
2022-05-23,113.41999816894531,83.28800201416016,77.18000030517578,16.738618850708008
2022-05-24,113.55999755859375,84.50700378417969,80.41500091552734,17.1767520904541
2022-05-25,114.02999877929688,88.0780029296875,80.68499755859375,16.853130340576172
2022-05-26,117.4000015258789,85.97100067138672,84.37999725341797,17.430667877197266
2022-05-27,119.43000030517578,86.875,83.36000061035156,17.545181274414062
2022-05-31,122.83999633789062,94.00399780273438,83.36499786376953,17.858842849731445
2022-06-01,116.29000091552734,85.5510025024414,85.45500183105469,17.769224166870117
2022-06-06,119.51000213623047,82.55799865722656,80.79000091552734,18.560848236083984
2022-06-07,120.56999969482422,79.60800170898438,80.17500305175781,18.695276260375977
2022-06-08,123.58000183105469,79.40699768066406,79.40499877929688,18.37165641784668
2022-06-09,123.06999969482422,84.87999725341797,80.28500366210938,17.14687728881836
2022-06-10,122.01000213623047,82.46399688720703,81.30500030517578,16.773469924926758
2022-06-13,122.2699966430664,83.4020004272461,80.75499725341797,15.90716552734375
2022-06-14,121.16999816894531,97.04000091552734,83.26000213623047,15.538736343383789
2022-06-15,118.51000213623047,120.33200073242188,85.75,15.75780200958252
2022-06-16,119.80999755859375,124.36399841308594,82.26499938964844,15.284819602966309
2022-06-17,113.12000274658203,117.73799896240234,81.53500366210938,15.244989395141602
2022-06-21,114.6500015258789,125.55999755859375,83.55500030517578,15.703036308288574
2022-06-22,111.73999786376953,127.1709976196289,80.81500244140625,15.543715476989746
2022-06-23,110.05000305175781,133.3470001220703,82.88999938964844,15.15537166595459
2022-06-24,113.12000274658203,128.5050048828125,82.66999816894531,15.633333206176758
2022-06-27,115.08999633789062,129.45899963378906,83.69000244140625,15.578567504882812
2022-06-28,117.9800033569336,129.17599487304688,86.54499816894531,15.52380084991455
2022-06-29,116.26000213623047,139.58799743652344,87.29499816894531,14.547961235046387
2022-06-30,114.80999755859375,144.51400756835938,88.81500244140625,13.925615310668945
2022-07-01,111.62999725341797,147.78399658203125,84.70999908447266,14.159618377685547
2022-07-05,102.7699966430664,165.072998046875,82.375,13.313226699829102
2022-07-06,100.69000244140625,170.99899291992188,82.7249984741211,13.746379852294922
2022-07-07,104.6500015258789,183.18299865722656,84.1500015258789,14.338852882385254
2022-07-08,107.0199966430664,175.21200561523438,82.125,14.776985168457031
2022-07-11,107.0999984741211,164.52000427246094,83.52999877929688,14.378683090209961
2022-07-12,99.48999786376953,172.60899353027344,84.75,14.453365325927734
2022-07-13,99.56999969482422,180.5050048828125,83.1050033569336,14.244256973266602
2022-07-14,99.0999984741211,175.0330047607422,83.20500183105469,14.094893455505371
2022-07-15,101.16000366210938,159.56700134277344,84.6449966430664,14.114809036254883
2022-07-18,106.2699966430664,157.25799560546875,83.98500061035156,14.47327995300293
2022-07-19,107.3499984741211,154.45700073242188,82.56999969482422,14.811836242675781
2022-07-20,106.91999816894531,155.03799438476562,78.375,14.931326866149902
2022-07-21,103.86000061035156,155.60000610351562,77.19999694824219,14.921368598937988
2022-07-22,103.19999694824219,159.86399841308594,75.9000015258789,15.22009563446045
2022-07-25,105.1500015258789,176.61599731445312,75.53500366210938,14.911412239074707
2022-07-26,104.4000015258789,199.91799926757812,76.0199966430664,14.363747596740723
2022-07-27,106.62000274658203,205.22500610351562,75.29000091552734,14.831751823425293
2022-07-28,107.13999938964844,198.92999267578125,77.92500305175781,15.777717590332031
2022-07-29,110.01000213623047,190.9149932861328,77.33000183105469,16.116273880004883
2022-08-01,100.02999877929688,200.79400634765625,79.62000274658203,15.459075927734375
2022-08-02,100.54000091552734,205.1739959716797,81.0250015258789,15.235032081604004
2022-08-03,96.77999877929688,199.19500732421875,83.07499694824219,15.389373779296875
2022-08-04,94.12000274658203,199.2480010986328,83.33000183105469,16.021677017211914
2022-08-05,94.91999816894531,196.32000732421875,84.01499938964844,16.46976661682129
2022-08-08,96.6500015258789,193.05499267578125,83.31999969482422,16.30048942565918
2022-08-09,96.30999755859375,192.1840057373047,84.76499938964844,15.747844696044922
2022-08-10,97.4000015258789,205.36700439453125,85.0,16.624107360839844
2022-08-11,99.5999984741211,208.11000061035156,86.13999938964844,16.489681243896484
2022-08-12,98.1500015258789,206.10800170898438,83.5,16.285551071166992
2022-08-15,95.0999984741211,220.11000061035156,89.73500061035156,16.429935455322266
2022-08-16,92.33999633789062,225.91400146484375,91.23500061035156,16.400062561035156
2022-08-17,93.6500015258789,225.8350067138672,95.04000091552734,16.215848922729492
2022-08-18,96.58999633789062,241.00399780273438,95.62999725341797,16.290531158447266
2022-08-19,96.72000122070312,244.5500030517578,96.41500091552734,15.832483291625977
2022-08-22,96.4800033569336,276.74798583984375,90.8550033569336,15.140435218811035
2022-08-23,100.22000122070312,269.04901123046875,88.28500366210938,15.22009563446045
2022-08-24,101.22000122070312,292.1499938964844,88.11499786376953,15.309713363647461
2022-08-25,99.33999633789062,321.41400146484375,87.67500305175781,15.349543571472168
2022-08-26,100.98999786376953,339.1960144042969,89.05999755859375,15.284819602966309
2022-08-30,99.30999755859375,252.93699645996094,79.5999984741211,15.19022274017334
2022-08-31,96.48999786376953,239.90699768066406,79.22000122070312,14.612686157226562
2022-09-01,92.36000061035156,243.00399780273438,79.6500015258789,13.935572624206543
2022-09-02,93.0199966430664,214.6649932861328,76.87999725341797,14.089914321899414
2022-09-06,92.83000183105469,239.8419952392578,68.74500274658203,14.079957962036133
2022-09-07,88.0,213.88299560546875,68.9000015258789,13.611952781677246
2022-09-08,89.1500015258789,220.54100036621094,66.5,13.781231880187988
2022-09-09,92.83999633789062,207.09100341796875,65.3499984741211,13.9405517578125
2022-09-12,94.0,190.58799743652344,71.16999816894531,14.348811149597168
2022-09-13,93.16999816894531,198.61199951171875,69.13500213623047,13.626890182495117
2022-09-14,94.0999984741211,217.8820037841797,70.9000015258789,13.427738189697266
2022-09-15,90.83999633789062,214.2830047607422,71.0999984741211,12.969691276550293
2022-09-16,91.3499984741211,187.79299926757812,71.88999938964844,12.247770309448242
2022-09-20,90.62000274658203,194.25900268554688,70.17500305175781,12.098406791687012
2022-09-21,89.83000183105469,189.781005859375,68.91000366210938,12.28760051727295
2022-09-22,90.45999908447266,187.46800231933594,69.18000030517578,11.944066047668457
2022-09-23,86.1500015258789,185.4949951171875,65.06999969482422,11.401379585266113
2022-09-26,84.05999755859375,173.83399963378906,69.16000366210938,11.640360832214355
2022-09-27,86.2699966430664,186.0989990234375,67.13999938964844,11.759851455688477
2022-09-28,89.31999969482422,207.18699645996094,64.41500091552734,11.779766082763672
2022-09-29,88.48999786376953,187.6649932861328,65.20999908447266,11.271931648254395
2022-09-30,87.95999908447266,188.8000030517578,65.72000122070312,11.33665657043457
2022-10-03,88.86000061035156,169.91200256347656,65.07499694824219,11.510912895202637
2022-10-04,91.80000305175781,161.9499969482422,66.61000061035156,12.143216133117676
2022-10-05,93.37000274658203,173.6929931640625,66.1449966430664,11.461125373840332
2022-10-06,94.41999816894531,175.71200561523438,68.22000122070312,11.296826362609863
2022-10-07,97.91999816894531,156.20700073242188,69.00499725341797,10.744182586669922
2022-10-10,96.19000244140625,154.1179962158203,65.97000122070312,10.878609657287598
2022-10-11,94.29000091552734,156.781005859375,65.38999938964844,10.58984088897705
2022-10-12,92.44999694824219,160.19000244140625,65.72000122070312,10.291114807128906
2022-10-13,94.56999969482422,153.8090057373047,67.93499755859375,10.764098167419434
2022-10-14,91.62999725341797,141.9969940185547,67.16500091552734,10.823843002319336
2022-10-17,91.62000274658203,127.97799682617188,66.47000122070312,11.142483711242676
2022-10-18,90.02999877929688,113.22200012207031,66.87999725341797,11.306782722473145
2022-10-19,92.41000366210938,112.51000213623047,66.62000274658203,11.261975288391113
2022-10-20,92.37999725341797,127.14700317382812,65.98500061035156,11.018013954162598
2022-10-21,93.5,113.57599639892578,68.22000122070312,10.978184700012207
2022-10-24,93.26000213623047,99.16999816894531,71.4000015258789,11.182313919067383
2022-10-25,93.5199966430664,99.79399871826172,76.00499725341797,11.197250366210938
2022-10-26,95.69000244140625,104.31999969482422,74.44000244140625,11.615467071533203
2022-10-27,96.95999908447266,107.38400268554688,79.01499938964844,11.66027545928955
2022-10-28,95.7699966430664,112.24400329589844,80.44999694824219,11.665254592895508
2022-10-31,94.83000183105469,123.35199737548828,78.76000213623047,11.764829635620117
2022-11-01,94.6500015258789,116.19300079345703,75.76499938964844,12.053598403930664
2022-11-02,96.16000366210938,125.86299896240234,75.86499786376953,12.018747329711914
2022-11-03,94.66999816894531,125.44499969482422,75.70500183105469,11.9390869140625
2022-11-04,98.56999969482422,114.78600311279297,75.54499816894531,12.21789836883545
2022-11-07,97.91999816894531,109.68299865722656,77.0,12.387175559997559
2022-11-08,95.36000061035156,118.14700317382812,75.23999786376953,12.914925575256348
2022-11-09,92.6500015258789,113.14399719238281,72.04000091552734,12.890031814575195
2022-11-10,93.66999816894531,113.4520034790039,72.30500030517578,13.9405517578125
2022-11-11,95.98999786376953,97.85299682617188,74.68000030517578,14.274129867553711
2022-11-14,93.13999938964844,113.7040023803711,74.17500305175781,14.25919246673584
2022-11-15,93.86000061035156,124.10399627685547,75.83999633789062,14.423492431640625
2022-11-16,92.86000061035156,113.9000015258789,72.53500366210938,14.458344459533691
2022-11-17,89.77999877929688,112.55599975585938,71.4000015258789,14.328896522521973
2022-11-18,87.62000274658203,115.50900268554688,71.25,14.612686157226562
2022-11-21,87.44999694824219,116.12799835205078,73.6500015258789,14.662473678588867
2022-11-22,88.36000061035156,119.63899993896484,73.03500366210938,15.020944595336914
2022-11-23,85.41000366210938,129.6199951171875,75.09500122070312,15.424224853515625
2022-11-25,83.62999725341797,124.37000274658203,77.90499877929688,16.066486358642578
2022-11-28,83.19000244140625,123.28199768066406,77.79000091552734,15.633333206176758
2022-11-29,83.02999877929688,132.28599548339844,80.33000183105469,15.603460311889648
2022-11-30,85.43000030517578,146.39700317382812,84.05000305175781,15.742866516113281
2022-12-01,86.87999725341797,139.25799560546875,84.04000091552734,15.91214370727539
2022-12-02,85.56999969482422,135.56199645996094,86.79499816894531,16.161081314086914
2022-12-05,82.68000030517578,134.69900512695312,86.69999694824219,16.619129180908203
2022-12-06,79.3499984741211,138.48800659179688,86.7699966430664,16.50461769104004
2022-12-07,77.16999816894531,149.2449951171875,87.40499877929688,16.320402145385742
2022-12-08,76.1500015258789,138.89300537109375,87.70999908447266,16.43989372253418
2022-12-09,76.0999984741211,139.11300659179688,86.48500061035156,16.863088607788086
2022-12-12,77.98999786376953,136.58999633789062,89.0250015258789,16.90789794921875
2022-12-13,80.68000030517578,137.5290069580078,87.88999938964844,17.67960548400879
2022-12-14,82.69999694824219,131.51100158691406,85.68499755859375,17.47547721862793
2022-12-15,81.20999908447266,134.76699829101562,84.4000015258789,16.793386459350586
2022-12-16,79.04000091552734,115.45099639892578,82.4800033569336,16.50461769104004
2022-12-19,79.80000305175781,108.54299926757812,83.19999694824219,16.83819580078125
2022-12-20,79.98999786376953,105.68800354003906,85.5999984741211,16.763513565063477
2022-12-21,82.19999694824219,97.75199890136719,83.76000213623047,17.35100746154785
2022-12-22,80.9800033569336,91.93800354003906,85.28500366210938,17.301219940185547
2022-12-23,83.91999816894531,82.97699737548828,85.54000091552734,17.28130531311035
2022-12-28,83.26000213623047,81.35099792480469,82.15499877929688,17.390838623046875
2022-12-29,82.26000213623047,83.83000183105469,80.57499694824219,17.664670944213867
2022-12-30,85.91000366210938,76.31500244140625,80.94499969482422,17.5003719329834
2023-01-03,82.0999984741211,72.31400299072266,79.49500274658203,17.580032348632812
2023-01-04,77.83999633789062,65.02200317382812,73.9000015258789,17.953439712524414
2023-01-05,78.69000244140625,72.4219970703125,75.25499725341797,17.629819869995117
2023-01-06,78.56999969482422,69.53399658203125,73.8949966430664,18.252164840698242
2023-01-09,79.6500015258789,74.302001953125,78.37999725341797,18.102802276611328
2023-01-10,80.0999984741211,70.07099914550781,77.49500274658203,17.589990615844727
2023-01-11,82.66999816894531,65.34600067138672,75.3499984741211,18.530977249145508
2023-01-12,84.02999877929688,66.80899810791016,76.57499694824219,18.635530471801758
2023-01-13,85.27999877929688,64.81199645996094,76.09500122070312,18.71021270751953
2023-01-17,85.91999816894531,60.06100082397461,76.05500030517578,19.34749412536621
2023-01-18,84.9800033569336,61.70899963378906,79.77999877929688,19.088598251342773
2023-01-19,86.16000366210938,60.71699905395508,80.66000366210938,18.660423278808594
2023-01-20,87.62999725341797,66.89800262451172,81.5,18.799829483032227
2023-01-23,88.19000244140625,65.9990005493164,81.49500274658203,19.053747177124023
2023-01-24,86.12999725341797,58.26900100708008,79.05500030517578,18.859575271606445
2023-01-25,86.12000274658203,56.65999984741211,81.30000305175781,18.700254440307617
2023-01-26,87.47000122070312,54.814998626708984,85.4000015258789,18.760000228881836
2023-01-27,86.66000366210938,55.42499923706055,85.49500274658203,18.81476593017578
2023-01-30,84.9000015258789,55.15599822998047,86.11000061035156,18.924299240112305
2023-01-31,84.48999786376953,57.35200119018555,89.3949966430664,19.0388126373291
2023-02-01,82.83999633789062,59.527000427246094,91.36000061035156,18.730127334594727
2023-02-02,82.16999816894531,57.040000915527344,89.25,19.457027435302734
2023-02-03,79.94000244140625,57.888999938964844,89.73999786376953,19.013916015625
2023-02-06,80.98999786376953,58.10900115966797,87.05000305175781,18.545913696289062
2023-02-07,83.69000244140625,55.40299987792969,86.72000122070312,18.122718811035156
2023-02-08,85.08999633789062,53.6870002746582,86.33999633789062,18.38161277770996
2023-02-09,84.5,52.73400115966797,87.20999908447266,18.86953353881836
2023-02-10,86.38999938964844,53.946998596191406,89.12000274658203,18.83468246459961
2023-02-13,86.61000061035156,51.707000732421875,88.33000183105469,19.023874282836914
2023-02-14,85.58000183105469,52.38600158691406,88.01499938964844,18.919321060180664
2023-02-15,85.37999725341797,54.715999603271484,90.73500061035156,19.088598251342773
2023-02-16,85.13999938964844,52.01100158691406,93.54000091552734,19.38234519958496
2023-02-17,83.0,49.047000885009766,92.2699966430664,19.118471145629883
2023-02-21,83.05000305175781,48.54199981689453,96.25,18.33680534362793
2023-02-22,80.5999984741211,50.56800079345703,92.37999725341797,18.192420959472656
2023-02-23,82.20999908447266,50.779998779296875,92.66500091552734,18.730127334594727
2023-02-24,83.16000366210938,51.01300048828125,93.16999816894531,18.665403366088867
2023-02-27,82.44999694824219,47.29899978637695,95.94999694824219,18.8048095703125
2023-02-28,83.88999938964844,46.665000915527344,95.04000091552734,18.889446258544922
2023-03-01,84.30999755859375,47.08399963378906,92.41999816894531,19.47694206237793
2023-03-02,84.75,46.814998626708984,88.79499816894531,19.392303466796875
2023-03-03,85.83000183105469,44.97999954223633,88.02999877929688,19.820478439331055
2023-03-06,86.18000030517578,42.14899826049805,89.01000213623047,20.14409637451172
2023-03-07,83.29000091552734,43.369998931884766,91.48500061035156,19.820478439331055
2023-03-08,82.66000366210938,42.3390007019043,93.55000305175781,19.91507339477539
2023-03-09,81.58999633789062,43.5989990234375,94.75499725341797,20.293458938598633
2023-03-10,82.77999877929688,52.856998443603516,95.80999755859375,19.77566909790039
2023-03-13,80.7699966430664,49.58399963378906,93.62000274658203,19.058725357055664
2023-03-14,77.44999694824219,44.185001373291016,88.83999633789062,19.496856689453125
2023-03-15,73.69000244140625,42.904998779296875,85.44499969482422,18.147611618041992
2023-03-16,74.69999694824219,44.340999603271484,84.19999694824219,19.07366371154785
2023-03-17,72.97000122070312,42.856998443603516,83.75499725341797,18.2471866607666
2023-03-20,73.79000091552734,39.32500076293945,84.08000183105469,18.90936279296875
2023-03-21,75.31999969482422,42.400001525878906,86.55500030517578,19.148344039916992
2023-03-22,76.69000244140625,39.974998474121094,85.83499908447266,18.90936279296875
2023-03-23,75.91000366210938,43.18600082397461,89.1050033569336,19.33255958557129
2023-03-24,74.98999786376953,41.09400177001953,84.44999694824219,18.461275100708008
2023-03-27,78.12000274658203,42.52799987792969,84.09500122070312,18.924299240112305
2023-03-28,78.6500015258789,42.75199890136719,85.83000183105469,19.28277015686035
2023-03-29,78.27999877929688,42.803001403808594,86.55000305175781,19.54166603088379
2023-03-30,79.2699966430664,43.60900115966797,87.21499633789062,19.97481918334961
2023-03-31,79.7699966430664,47.845001220703125,88.375,20.154054641723633
2023-04-03,84.93000030517578,51.367000579833984,91.98500061035156,21.030319213867188
2023-04-04,84.94000244140625,46.56800079345703,91.40499877929688,20.930744171142578
2023-04-05,84.98999786376953,44.57500076293945,92.8499984741211,20.781381607055664
2023-04-06,85.12000274658203,43.125,92.83999633789062,20.7116756439209
2023-04-11,85.61000061035156,43.69200134277344,94.32499694824219,21.119935989379883
2023-04-12,87.33000183105469,42.880001068115234,92.30500030517578,21.299171447753906
2023-04-13,86.08999633789062,42.09299850463867,90.7699966430664,21.219511032104492
2023-04-14,86.30999755859375,41.14899826049805,90.2249984741211,21.60785675048828
2023-04-17,84.76000213623047,41.12699890136719,89.34500122070312,21.448535919189453
2023-04-18,84.7699966430664,42.72200012207031,91.84500122070312,21.209552764892578
2023-04-19,83.12000274658203,40.29800033569336,91.0250015258789,21.26930046081543
2023-04-20,81.0999984741211,40.564998626708984,88.31500244140625,21.119935989379883
2023-04-21,81.66000366210938,40.16400146484375,86.36000061035156,21.189640045166016
2023-04-24,82.7300033569336,39.92499923706055,85.30000305175781,20.91082763671875
2023-04-25,80.7699966430664,39.83300018310547,83.36000061035156,21.04027557373047
2023-04-26,77.69000244140625,38.55099868774414,82.44499969482422,21.05023193359375
2023-04-27,78.37000274658203,39.03900146484375,82.80999755859375,21.67755889892578
2023-04-28,79.54000091552734,38.53799819946289,84.25,22.085817337036133
2023-05-02,75.31999969482422,37.52899932861328,85.18499755859375,22.4343318939209
2023-05-03,72.33000183105469,36.78200149536133,81.91500091552734,22.055944442749023
2023-05-04,72.5,35.65299987792969,81.5199966430664,21.866750717163086
2023-05-05,75.30000305175781,36.57400131225586,81.90499877929688,22.424373626708984
2023-05-09,77.44000244140625,35.95000076293945,83.48999786376953,22.14556312561035
2023-05-10,76.41000366210938,34.99300003051758,85.97000122070312,22.11568832397461
2023-05-11,74.9800033569336,34.99300003051758,85.27999877929688,21.568025588989258
2023-05-12,74.16999816894531,32.766998291015625,85.36499786376953,22.28496742248535
2023-05-15,75.2300033569336,32.31399917602539,83.79000091552734,22.832632064819336
2023-05-16,74.91000366210938,31.820999145507812,85.63999938964844,23.50974464416504
2023-05-17,76.95999908447266,31.952999114990234,85.19999694824219,23.798513412475586
2023-05-18,75.86000061035156,29.78499984741211,86.8550033569336,23.927961349487305
2023-05-19,75.58000183105469,30.176000595092773,86.31999969482422,24.137069702148438
2023-05-22,75.98999786376953,29.711000442504883,84.69999694824219,24.04745101928711
2023-05-23,76.83999633789062,29.12700080871582,82.2699966430664,23.878173828125
2023-05-24,78.36000061035156,27.78499984741211,81.86000061035156,23.3205509185791
2023-05-25,76.26000213623047,25.45199966430664,79.98999786376953,23.67902374267578
2023-05-26,76.94999694824219,24.520000457763672,79.31500244140625,24.057409286499023
2023-05-30,73.54000091552734,24.680999755859375,77.58000183105469,24.34617805480957
2023-05-31,72.66000366210938,26.851999282836914,78.30000305175781,23.639192581176758
2023-06-01,74.27999877929688,23.10300064086914,76.27999877929688,23.967790603637695
2023-06-02,76.12999725341797,23.68899917602539,76.24500274658203,24.296390533447266
2023-06-05,76.70999908447266,28.47800064086914,79.6500015258789,24.097240447998047
2023-06-06,76.29000091552734,24.860000610351562,78.76499938964844,24.26651954650879
2023-06-07,76.94999694824219,26.33099937438965,80.75,24.206771850585938
2023-06-08,75.95999908447266,26.94499969482422,81.125,23.698938369750977
2023-06-09,74.79000091552734,32.04899978637695,83.7699966430664,23.619277954101562
2023-06-12,71.83999633789062,31.035999298095703,84.30000305175781,23.788555145263672
2023-06-13,74.29000091552734,36.05099868774414,87.11000061035156,23.599363327026367
2023-06-14,73.19999694824219,38.3120002746582,89.71499633789062,23.599363327026367
2023-06-15,75.66999816894531,41.14500045776367,90.19999694824219,22.97203826904297
2023-06-16,76.61000061035156,35.007999420166016,88.9000015258789,22.91229248046875
2023-06-20,75.9000015258789,38.70800018310547,91.5,22.533905029296875
2023-06-21,77.12000274658203,36.74300003051758,87.63500213623047,22.88241958618164
2023-06-22,74.13999938964844,34.09700012207031,86.97000122070312,23.28072166442871
2023-06-23,73.8499984741211,32.50699996948242,84.7699966430664,14.587791442871094
2023-06-26,74.18000030517578,31.975000381469727,83.17500305175781,14.289066314697266
2023-06-27,72.26000213623047,34.50600051879883,85.68000030517578,14.617664337158203
2023-06-28,74.02999877929688,34.125,84.5250015258789,15.603460311889648
2023-06-29,74.33999633789062,35.18000030517578,84.91500091552734,15.633333206176758
2023-06-30,74.9000015258789,37.10300064086914,85.98999786376953,16.111295700073242
2023-07-03,74.6500015258789,33.92900085449219,84.37000274658203,16.275592803955078
2023-07-05,76.6500015258789,34.37300109863281,82.8949966430664,15.090646743774414
2023-07-06,76.5199966430664,32.347999572753906,82.83499908447266,14.861624717712402
2023-07-07,78.47000122070312,33.47800064086914,83.06999969482422,14.846687316894531
2023-07-10,77.69000244140625,30.226999282836914,83.06999969482422,15.055795669555664
2023-07-11,79.4000015258789,29.06100082397461,83.87999725341797,15.210137367248535
2023-07-12,80.11000061035156,26.638999938964844,82.75499725341797,15.503885269165039
2023-07-13,81.36000061035156,26.60700035095215,82.8949966430664,15.623374938964844
2023-07-14,79.87000274658203,25.957000732421875,83.16000366210938,15.379415512084961
2023-07-17,78.5,25.10099983215332,83.71499633789062,15.379415512084961
2023-07-18,79.62999725341797,27.069000244140625,85.06999969482422,15.498906135559082
2023-07-19,79.45999908447266,26.96299934387207,85.92500305175781,15.513842582702637
2023-07-20,79.63999938964844,28.01799964904785,87.81999969482422,15.424224853515625
2023-07-21,81.06999969482422,28.163999557495117,88.40499877929688,15.349543571472168
2023-07-24,82.73999786376953,30.55699920654297,88.00499725341797,15.478991508483887
2023-07-25,83.63999938964844,32.64799880981445,88.95999908447266,15.762781143188477
2023-07-26,82.91999816894531,29.274999618530273,87.7699966430664,15.862357139587402
2023-07-27,84.23999786376953,28.43400001525879,87.93499755859375,15.79265308380127
2023-07-28,84.98999786376953,25.840999603271484,85.80500030517578,15.727930068969727
2023-07-31,85.55999755859375,28.365999221801758,83.84500122070312,15.324649810791016
2023-08-01,84.91000366210938,27.12299919128418,81.69499969482422,15.399331092834473
2023-08-02,83.19999694824219,28.742000579833984,80.75,15.65324878692627
2023-08-03,85.13999938964844,30.472999572753906,81.875,15.61839771270752
2023-08-04,86.23999786376953,28.85300064086914,80.95500183105469,15.488948822021484
2023-08-07,85.33999633789062,30.48699951171875,80.3949966430664,14.538004875183105
2023-08-08,86.16999816894531,31.06599998474121,81.73999786376953,14.323917388916016
2023-08-09,87.55000305175781,39.823001861572266,81.26499938964844,13.935572624206543
2023-08-10,86.4000015258789,37.055999755859375,82.12999725341797,13.502420425415039
2023-08-11,86.80999755859375,35.29999923706055,84.13500213623047,13.72148609161377
2023-08-14,86.20999908447266,34.433998107910156,85.31500244140625,13.636846542358398
2023-08-15,84.88999938964844,38.8129997253418,84.25499725341797,13.363015174865723
2023-08-16,83.44999694824219,37.784000396728516,85.5199966430664,13.477526664733887
2023-08-17,84.12000274658203,36.82500076293945,86.13500213623047,13.392887115478516
2023-08-18,84.80000305175781,36.40999984741211,85.38500213623047,13.064288139343262
2023-08-21,84.45999908447266,40.78200149536133,85.2249984741211,12.835265159606934
2023-08-22,84.02999877929688,42.90800094604492,87.22000122070312,13.138969421386719
2023-08-23,83.20999908447266,36.7859992980957,85.44499969482422,12.964714050292969
2023-08-24,83.36000061035156,31.937999725341797,82.71499633789062,12.890031814575195
2023-08-25,84.4800033569336,34.777000427246094,82.26000213623047,12.865138053894043
2023-08-29,85.48999786376953,35.19499969482422,82.375,13.417781829833984
2023-08-30,85.86000061035156,35.992000579833984,83.41000366210938,12.969691276550293
2023-08-31,86.86000061035156,35.02899932861328,83.38999938964844,13.104118347167969
2023-09-01,88.55000305175781,35.617000579833984,82.80000305175781,12.984628677368164
2023-09-05,90.04000091552734,34.44900131225586,81.4000015258789,12.506667137145996
2023-09-06,90.5999984741211,31.075000762939453,81.3949966430664,12.58632755279541
2023-09-07,89.91999816894531,32.755001068115234,80.7750015258789,12.352324485778809
2023-09-08,90.6500015258789,34.507999420166016,79.3550033569336,12.168110847473145
2023-09-11,90.63999938964844,35.847999572753906,79.45500183105469,12.342367172241211
2023-09-12,92.05999755859375,34.70100021362305,78.70999908447266,12.18802547454834
2023-09-13,91.87999725341797,36.81700134277344,80.7300033569336,12.342367172241211
2023-09-14,93.69999694824219,35.520999908447266,80.7750015258789,12.860158920288086
2023-09-15,93.93000030517578,36.483001708984375,79.70500183105469,12.845222473144531
2023-09-18,94.43000030517578,34.474998474121094,78.5250015258789,12.531560897827148
2023-09-19,94.33999633789062,36.78200149536133,79.0199966430664,12.496708869934082
2023-09-20,93.52999877929688,37.284000396728516,80.45500183105469,12.571390151977539
2023-09-21,93.30000305175781,39.10499954223633,82.07499694824219,12.183046340942383
2023-09-22,93.2699966430664,39.79100036621094,83.2750015258789,12.292579650878906
2023-09-25,93.29000091552734,44.44200134277344,82.7750015258789,12.382197380065918
2023-09-26,93.95999908447266,40.321998596191406,80.50499725341797,11.869383811950684
2023-09-27,96.55000305175781,39.29600143432617,80.08499908447266,12.138236999511719
2023-09-28,95.37999725341797,39.736000061035156,80.55999755859375,12.058576583862305
2023-09-29,95.30999755859375,41.85900115966797,79.30500030517578,12.327430725097656
2023-10-02,90.70999908447266,39.334999084472656,78.80500030517578,12.083471298217773
2023-10-03,90.91999816894531,36.98699951171875,77.70999908447266,11.685169219970703
2023-10-04,85.80999755859375,38.441001892089844,79.7249984741211,11.555721282958984
2023-10-05,84.06999969482422,36.207000732421875,78.5999984741211,11.525849342346191
2023-10-06,84.58000183105469,38.23099899291992,78.43000030517578,11.40635871887207
2023-10-09,88.1500015258789,43.952999114990234,79.63999938964844,11.535806655883789
2023-10-10,87.6500015258789,49.45500183105469,82.81999969482422,11.934107780456543
2023-10-11,85.81999969482422,46.06800079345703,81.69999694824219,12.148195266723633
2023-10-12,86.0,53.00199890136719,83.2750015258789,11.949044227600098
2023-10-13,90.88999938964844,53.981998443603516,83.48999786376953,11.540785789489746
2023-10-16,89.6500015258789,48.46699905395508,82.15499877929688,11.610487937927246
2023-10-17,89.9000015258789,48.895999908447266,80.44000244140625,11.560700416564941
2023-10-18,91.5,50.83300018310547,79.93499755859375,11.381464958190918
2023-10-19,92.37999725341797,50.172000885009766,79.6500015258789,11.197250366210938
2023-10-20,92.16000366210938,51.11199951171875,79.66500091552734,10.823843002319336
2023-10-23,89.83000183105469,51.2760009765625,78.62999725341797,10.639628410339355
2023-10-24,88.06999969482422,49.263999938964844,78.72000122070312,10.78899097442627
2023-10-25,90.12999725341797,49.92399978637695,78.20500183105469,10.604776382446289
2023-10-26,87.93000030517578,50.808998107910156,77.5,6.840827941894531
2023-10-27,90.4800033569336,50.53200149536133,77.55000305175781,7.456203460693359
2023-10-30,87.44999694824219,50.547000885009766,76.91500091552734,8.400177955627441
2023-10-31,87.41000366210938,48.00600051879883,77.19000244140625,8.334458351135254
2023-11-01,84.62999725341797,47.75699996948242,76.69499969482422,8.218951225280762
2023-11-02,86.8499984741211,48.56399917602539,77.18000030517578,8.744709014892578
2023-11-03,84.88999938964844,48.05699920654297,75.66999816894531,9.505464553833008
2023-11-06,85.18000030517578,44.832000732421875,74.25,9.34614372253418
2023-11-07,81.61000061035156,46.05699920654297,73.7300033569336,9.284407615661621
2023-11-08,79.54000091552734,45.777000427246094,73.88500213623047,9.067333221435547
2023-11-09,80.01000213623047,48.12900161743164,75.87999725341797,9.638895988464355
2023-11-10,81.43000030517578,46.63199996948242,76.86000061035156,9.350127220153809
2023-11-13,82.5199966430664,47.87300109863281,75.52999877929688,9.913723945617676
2023-11-14,82.47000122070312,47.608001708984375,76.86000061035156,10.206475257873535
2023-11-15,81.18000030517578,47.0369987487793,78.06500244140625,11.102653503417969
2023-11-16,77.41999816894531,45.8489990234375,75.3550033569336,10.813884735107422
2023-11-17,80.61000061035156,45.06399917602539,74.66999816894531,11.630403518676758
2023-11-20,82.31999969482422,45.82099914550781,75.0999984741211,11.869383811950684
2023-11-21,82.44999694824219,44.064998626708984,74.0199966430664,10.928397178649902
2023-11-22,81.95999908447266,44.61600112915039,73.49500274658203,10.83877944946289
2023-11-23,81.37000274658203,46.58000183105469,75.11499786376953,10.793970108032227
2023-11-24,80.58000183105469,46.65700149536133,75.02999877929688,10.793970108032227
2023-11-27,79.9800033569336,43.98400115966797,71.48999786376953,10.759119033813477
2023-11-28,81.68000030517578,42.77399826049805,71.4000015258789,10.480307579040527
2023-11-29,83.0999984741211,40.36000061035156,69.45500183105469,10.71928882598877
2023-11-30,82.83000183105469,42.090999603271484,69.45999908447266,10.833800315856934
2023-12-01,78.87999725341797,43.49599838256836,71.13999938964844,11.28686809539795
2023-12-04,78.02999877929688,40.104000091552734,69.08999633789062,11.2520170211792
2023-12-05,77.19999694824219,38.132999420166016,67.30000305175781,11.585594177246094
2023-12-06,74.30000305175781,39.3129997253418,67.82499694824219,11.799681663513184
2023-12-07,74.05000305175781,39.96799850463867,68.33999633789062,11.570657730102539
2023-12-08,75.83999633789062,38.597999572753906,67.4000015258789,11.316740989685059
2023-12-11,76.02999877929688,36.11800003051758,66.1500015258789,11.03792953491211
2023-12-12,73.23999786376953,34.702999114990234,66.8499984741211,10.574904441833496
2023-12-13,74.26000213623047,35.8120002746582,67.55500030517578,10.236348152160645
2023-12-14,76.61000061035156,34.849998474121094,65.33000183105469,11.197250366210938
2023-12-15,76.55000305175781,33.18899917602539,65.76000213623047,11.326698303222656
2023-12-18,77.94999694824219,35.52199935913086,67.80000305175781,10.958270072937012
2023-12-19,79.2300033569336,32.56800079345703,67.82499694824219,11.042908668518066
2023-12-20,79.69999694824219,33.520999908447266,71.21499633789062,11.361549377441406
2023-12-21,79.38999938964844,34.202999114990234,73.53500366210938,11.366528511047363
2023-12-22,79.06999969482422,34.17399978637695,74.57499694824219,11.2520170211792
2023-12-27,79.6500015258789,35.51300048828125,74.98999786376953,11.864405632019043
2023-12-28,78.38999938964844,33.10499954223633,75.74500274658203,11.749894142150879
2023-12-29,77.04000091552734,32.349998474121094,76.5999984741211,11.949044227600098
2024-01-02,75.88999938964844,30.57200050354004,71.8949966430664,11.834532737731934
2024-01-03,78.25,32.79499816894531,73.31999969482422,11.077759742736816
2024-01-04,77.58999633789062,33.40999984741211,71.3550033569336,11.351592063903809
2024-01-05,78.76000213623047,34.55099868774414,72.1449966430664,11.47606086730957
2024-01-08,76.12000274658203,31.579999923706055,68.19999694824219,12.078492164611816
2024-01-09,77.58999633789062,30.641000747680664,68.25499725341797,11.963980674743652
2024-01-10,76.80000305175781,30.941999435424805,65.95999908447266,12.202961921691895
2024-01-11,77.41000366210938,30.816999435424805,64.24500274658203,11.959002494812012
2024-01-12,78.29000091552734,31.990999221801758,62.095001220703125,12.392154693603516
2024-01-16,78.29000091552734,29.6560001373291,61.92499923706055,11.685169219970703
2024-01-17,77.87999725341797,27.70800018310547,59.83000183105469,11.281888961791992
2024-01-18,79.0999984741211,27.89299964904785,59.93000030517578,11.670233726501465
2024-01-19,78.55999755859375,28.429000854492188,59.95000076293945,11.779766082763672
2024-01-22,80.05999755859375,27.263999938964844,59.34000015258789,11.914193153381348
2024-01-23,79.55000305175781,27.226999282836914,59.584999084472656,12.362281799316406
2024-01-24,80.04000091552734,28.929000854492188,62.1150016784668,13.50739860534668
2024-01-25,82.43000030517578,27.784000396728516,59.76499938964844,13.422759056091309
2024-01-26,83.55000305175781,28.07900047302246,59.97999954223633,13.666720390319824
2024-01-29,82.4000015258789,28.173999786376953,58.53499984741211,13.696592330932617
2024-01-30,82.87000274658203,29.391000747680664,60.45500183105469,13.870849609375
2024-01-31,81.70999908447266,30.235000610351562,60.88999938964844,13.90570068359375
2024-02-01,78.69999694824219,28.990999221801758,59.0099983215332,13.831019401550293
2024-02-02,77.33000183105469,29.304000854492188,60.1349983215332,13.821061134338379
2024-02-05,77.98999786376953,28.340999603271484,60.869998931884766,13.736422538757324
2024-02-06,78.58999633789062,28.60700035095215,60.36000061035156,14.179533004760742
2024-02-07,79.20999908447266,28.18600082397461,59.19499969482422,14.308980941772461
2024-02-08,81.62999725341797,27.812000274658203,57.525001525878906,13.850934028625488
2024-02-09,82.19000244140625,27.117000579833984,55.64500045776367,13.661741256713867
2024-02-12,82.0,25.729000091552734,53.85499954223633,14.443408012390137
2024-02-13,82.7699966430664,25.43600082397461,53.32500076293945,14.134723663330078
2024-02-14,81.5999984741211,24.85700035095215,53.57500076293945,14.020212173461914
2024-02-15,82.86000061035156,24.965999603271484,55.189998626708984,13.776252746582031
2024-02-16,83.47000122070312,24.82200050354004,54.10499954223633,13.83599853515625
2024-02-20,82.33999633789062,24.167999267578125,51.39500045776367,13.37297248840332
2024-02-21,83.02999877929688,23.976999282836914,52.099998474121094,13.821061134338379
2024-02-22,83.66999816894531,23.19300079345703,49.915000915527344,13.840975761413574
2024-02-23,81.62000274658203,22.93400001525879,49.665000915527344,13.671697616577148
2024-02-26,82.52999877929688,24.009000778198242,51.040000915527344,13.831019401550293
2024-02-27,83.6500015258789,24.392000198364258,52.994998931884766,13.990339279174805
2024-02-28,83.68000030517578,25.618999481201172,54.97999954223633,13.870849609375
2024-02-29,83.62000274658203,24.864999771118164,53.08000183105469,14.144680976867676
2024-03-01,83.55000305175781,25.80900001525879,53.654998779296875,14.289066314697266
2024-03-04,82.80000305175781,26.885000228881836,54.185001373291016,13.990339279174805
2024-03-05,82.04000091552734,27.468000411987305,57.130001068115234,13.716506958007812
2024-03-06,82.95999908447266,26.57200050354004,56.525001525878906,13.880805969238281
2024-03-07,82.95999908447266,25.992000579833984,56.3650016784668,14.204426765441895
2024-03-08,82.08000183105469,26.392000198364258,55.48500061035156,14.109829902648926
2024-03-11,82.20999908447266,24.93000030517578,53.290000915527344,14.18949031829834
2024-03-12,81.91999816894531,24.774999618530273,53.720001220703125,14.129744529724121
2024-03-13,84.02999877929688,24.902999877929688,53.06999969482422,13.865870475769043
2024-03-14,85.41999816894531,26.048999786376953,55.310001373291016,14.348811149597168
2024-03-15,85.33999633789062,27.025999069213867,57.0,14.358768463134766
2024-03-18,86.88999938964844,28.82200050354004,58.154998779296875,14.767026901245117
2024-03-19,87.37999725341797,28.865999221801758,58.119998931884766,14.801878929138184
2024-03-20,85.94999694824219,27.742000579833984,57.654998779296875,14.79192066192627
2024-03-21,85.77999877929688,26.402000427246094,56.3650016784668,15.787674903869629
2024-03-22,85.43000030517578,27.775999069213867,58.5,16.454830169677734
2024-03-25,86.75,28.48900032043457,61.915000915527344,16.489681243896484
2024-03-26,86.25,27.131999969482422,60.5,16.30048942565918
2024-03-27,86.08999633789062,27.687000274658203,59.31999969482422,16.395084381103516
2024-03-28,87.4800033569336,27.34000015258789,58.994998931884766,16.932790756225586
2024-04-02,88.91999816894531,26.202999114990234,56.28499984741211,17.326114654541016
2024-04-03,89.3499984741211,25.562999725341797,57.625,17.47547721862793
2024-04-04,90.6500015258789,26.20599937438965,55.77000045776367,18.147611618041992
2024-04-05,91.16999816894531,26.606000900268555,57.78499984741211,17.654712677001953
2024-04-08,90.37999725341797,27.908000946044922,60.505001068115234,18.23723030090332
2024-04-09,89.41999816894531,27.35099983215332,60.89500045776367,17.74433135986328
2024-04-10,90.4800033569336,27.100000381469727,59.915000915527344,17.73935317993164
2024-04-11,89.73999786376953,29.37700080871582,65.2249984741211,17.34602928161621
2024-04-12,90.44999694824219,30.73200035095215,68.20999908447266,17.550159454345703
2024-04-15,90.0999984741211,31.14299964904785,67.4749984741211,17.5700740814209
2024-04-16,90.0199966430664,33.138999938964844,70.67500305175781,17.34105110168457
2024-04-17,87.29000091552734,31.288999557495117,66.88999938964844,17.684585571289062
2024-04-18,87.11000061035156,32.308998107910156,68.43000030517578,17.769224166870117
2024-04-19,87.29000091552734,30.757999420166016,65.23999786376953,17.545181274414062
2024-04-22,87.0,29.309999465942383,63.25,17.694543838500977
2024-04-23,88.41999816894531,28.41699981689453,63.14500045776367,17.684585571289062
2024-04-24,88.0199966430664,29.01799964904785,63.70500183105469,17.70450210571289
2024-04-25,89.01000213623047,29.770999908447266,65.25,17.724414825439453
2024-04-26,89.5,28.88599967956543,64.05500030517578,18.76995849609375
2024-04-29,88.4000015258789,27.993999481201172,62.80500030517578,19.04378890991211
2024-04-30,87.86000061035156,29.118000030517578,65.72000122070312,19.218046188354492
2024-05-02,83.66999816894531,30.913000106811523,69.51499938964844,19.173236846923828
2024-05-03,82.95999908447266,30.527999877929688,68.3949966430664,19.696008682250977
2024-05-07,83.16000366210938,31.066999435424805,67.63500213623047,19.91507339477539
2024-05-08,83.58000183105469,30.608999252319336,68.65499877929688,22.464202880859375
2024-05-09,83.87999725341797,30.864999771118164,70.21499633789062,23.201061248779297
2024-05-10,82.79000091552734,30.02899932861328,68.2300033569336,24.17690086364746
2024-05-13,83.36000061035156,29.577999114990234,66.82499694824219,24.087282180786133
2024-05-14,82.37999725341797,29.66900062561035,67.19499969482422,24.037494659423828
2024-05-15,82.75,29.733999252319336,66.45999908447266,25.600826263427734
2024-05-16,83.2699966430664,30.24799919128418,67.08000183105469,25.31205940246582
2024-05-17,83.9800033569336,30.768999099731445,67.22000122070312,24.893842697143555
2024-05-20,83.70999908447266,31.76799964904785,70.86000061035156,24.24660301208496
2024-05-21,82.87999725341797,33.00400161743164,72.79499816894531,23.898088455200195
2024-05-22,81.9000015258789,34.388999938964844,72.91500091552734,23.83834457397461
2024-05-23,81.36000061035156,35.22800064086914,72.5999984741211,24.465667724609375
2024-05-24,82.12000274658203,34.1150016784668,72.26499938964844,25.48133659362793
2024-05-28,84.22000122070312,33.534000396728516,71.56999969482422,26.71607208251953
2024-05-29,83.5999984741211,33.87900161743164,70.83499908447266,25.690444946289062
2024-05-30,81.86000061035156,35.19200134277344,72.125,25.919469833374023
2024-05-31,81.62000274658203,34.222999572753906,70.69499969482422,24.71460723876953
2024-06-03,78.36000061035156,36.013999938964844,70.93000030517578,25.252315521240234
2024-06-04,77.5199966430664,33.797000885009766,69.69499969482422,23.8084716796875
2024-06-05,78.41000366210938,33.35499954223633,68.87000274658203,23.858257293701172
2024-06-06,79.87000274658203,33.68600082397461,68.70999908447266,23.121400833129883
2024-06-07,79.62000274658203,33.10900115966797,68.58000183105469,22.922250747680664
2024-06-10,81.62999725341797,34.257999420166016,68.08499908447266,23.400211334228516
2024-06-11,81.91999816894531,34.28499984741211,67.44000244140625,23.211017608642578
2024-06-12,82.5999984741211,35.29399871826172,68.0199966430664,23.918004989624023
2024-06-13,82.75,35.7239990234375,68.11499786376953,23.290678024291992
2024-06-14,82.62000274658203,35.36000061035156,65.73500061035156,23.141315460205078
2024-06-17,84.25,34.209999084472656,65.33999633789062,23.1811466217041
2024-06-18,85.33000183105469,34.70000076293945,65.38500213623047,23.579448699951172
2024-06-20,85.70999908447266,34.4640007019043,66.23500061035156,24.81418228149414
2024-06-21,85.23999786376953,33.93600082397461,65.2699966430664,23.529659271240234
2024-06-24,86.01000213623047,34.08000183105469,64.51499938964844,24.47562599182129
2024-06-25,85.01000213623047,34.85300064086914,65.06500244140625,24.326263427734375
2024-06-26,85.25,33.82400131225586,64.55500030517578,24.37605094909668
2024-06-27,86.38999938964844,34.564998626708984,64.05999755859375,24.535369873046875
2024-06-28,86.41000366210938,34.47999954223633,64.56500244140625,24.206771850585938
2024-07-01,86.5999984741211,33.48500061035156,65.18499755859375,24.057409286499023
2024-07-02,86.23999786376953,33.685001373291016,67.75499725341797,24.963544845581055
2024-07-03,87.33999633789062,32.691001892089844,67.68000030517578,25.83980941772461
2024-07-05,86.54000091552734,33.06700134277344,67.15499877929688,26.258026123046875
2024-07-08,85.75,32.2859992980957,66.07499694824219,26.755903244018555
2024-07-09,84.66000366210938,31.334999084472656,65.6449966430664,26.5069637298584
2024-07-10,85.08000183105469,30.784000396728516,65.55999755859375,27.084501266479492
2024-07-11,85.4000015258789,31.11199951171875,65.6050033569336,27.68195152282715
2024-07-12,85.02999877929688,31.7189998626709,66.6500015258789,27.632165908813477
2024-07-15,84.8499984741211,31.371000289916992,64.86499786376953,26.267982482910156
2024-07-16,83.7300033569336,32.797000885009766,64.80000305175781,26.487049102783203
2024-07-17,85.08000183105469,31.89299964904785,64.0999984741211,25.331974029541016
2024-07-18,85.11000061035156,32.67399978637695,63.790000915527344,24.74448013305664
2024-07-19,82.62999725341797,32.16999816894531,63.61000061035156,25.322017669677734
2024-07-22,82.4000015258789,31.839000701904297,62.10499954223633,25.730276107788086
2024-07-23,81.01000213623047,31.621999740600586,63.01499938964844,26.168407440185547
2024-07-24,81.70999908447266,32.62099838256836,66.13999938964844,25.61078453063965
2024-07-25,82.37000274658203,31.77899932861328,64.2249984741211,24.764394760131836
2024-07-26,81.12999725341797,32.474998474121094,65.22000122070312,25.292142868041992
2024-07-29,79.77999877929688,33.87300109863281,65.94999694824219,25.222440719604492
2024-07-30,78.62999725341797,34.361000061035156,65.69999694824219,25.302101135253906
2024-07-31,80.72000122070312,35.86800003051758,66.66999816894531,26.795732498168945
2024-08-01,79.5199966430664,36.96900177001953,68.375,26.01904296875
2024-08-02,76.80999755859375,36.64899826049805,67.65499877929688,24.07732582092285
2024-08-05,76.30000305175781,35.49800109863281,66.18499755859375,23.569490432739258
2024-08-06,76.4800033569336,36.67599868774414,67.30500030517578,24.35613441467285
2024-08-07,78.33000183105469,38.45100021362305,68.4000015258789,24.28643226623535
2024-08-08,79.16000366210938,40.095001220703125,68.30000305175781,24.28643226623535
2024-08-09,79.66000366210938,40.395999908447266,67.45500183105469,24.087282180786133
2024-08-12,82.30000305175781,39.65800094604492,69.84500122070312,24.14702796936035
2024-08-13,80.69000244140625,39.47999954223633,68.83499908447266,24.61503028869629
2024-08-14,79.76000213623047,38.96699905395508,69.00499725341797,24.74448013305664
2024-08-15,81.04000091552734,39.60100173950195,69.11000061035156,25.092994689941406
2024-08-16,79.68000030517578,39.64400100708008,69.76499938964844,25.063121795654297
2024-08-19,77.66000366210938,39.845001220703125,70.2750015258789,25.302101135253906
2024-08-20,77.19999694824219,37.957000732421875,70.3949966430664,24.415882110595703
2024-08-21,76.05000305175781,37.0099983215332,69.81500244140625,24.555286407470703
2024-08-22,77.22000122070312,36.58700180053711,69.01499938964844,24.963544845581055
2024-08-23,79.0199966430664,36.862998962402344,68.83499908447266,25.640657424926758
2024-08-27,79.55000305175781,38.68899917602539,69.05999755859375,25.1826114654541
2024-08-28,78.6500015258789,38.52000045776367,68.34500122070312,25.28218650817871
2024-08-29,79.94000244140625,38.60100173950195,68.6500015258789,25.491294860839844
2024-08-30,78.80000305175781,39.823001861572266,67.51499938964844,25.939382553100586
2024-09-03,73.75,37.19300079345703,65.90499877929688,25.501253128051758
2024-09-04,72.69999694824219,35.79800033569336,64.8550033569336,25.61078453063965
2024-09-05,72.69000244140625,36.19499969482422,64.13999938964844,25.44150733947754
2024-09-06,71.05999755859375,36.479000091552734,64.18499755859375,23.738767623901367
2024-09-09,71.83999633789062,37.33300018310547,64.2249984741211,24.495540618896484
2024-09-10,69.19000244140625,35.28200149536133,63.52000045776367,24.81418228149414
2024-09-11,70.61000061035156,36.141998291015625,64.04000091552734,25.28218650817871
2024-09-12,71.97000122070312,35.191001892089844,63.189998626708984,26.57666778564453
2024-09-13,71.61000061035156,35.64799880981445,62.529998779296875,29.08596420288086
2024-09-16,72.75,34.08100128173828,61.7599983215332,28.986391067504883
2024-09-17,73.69999694824219,35.547000885009766,62.540000915527344,30.22112464904785
2024-09-18,73.6500015258789,35.244998931884766,61.625,31.057558059692383
2024-09-19,74.87999725341797,33.08300018310547,60.73500061035156,31.91390609741211
2024-09-20,74.48999786376953,34.444000244140625,61.474998474121094,32.162845611572266
2024-09-23,73.9000015258789,36.21099853515625,61.82500076293945,33.08889389038086
2024-09-24,75.16999816894531,35.41299819946289,61.79999923706055,32.93953323364258
2024-09-25,73.45999908447266,37.319000244140625,63.150001525878906,33.52702713012695
2024-09-26,71.5999984741211,37.88999938964844,63.0,33.2083854675293
2024-09-27,71.9800033569336,38.11399841308594,63.97999954223633,32.76029968261719
2024-09-30,71.7699966430664,39.04399871826172,63.26499938964844,32.92957305908203
2024-10-01,73.55999755859375,39.27299880981445,61.82500076293945,33.80583953857422
2024-10-02,73.9000015258789,38.617000579833984,61.064998626708984,33.84566879272461
2024-10-03,77.62000274658203,39.9119987487793,60.4900016784668,34.04481887817383
2024-10-04,78.05000305175781,40.97999954223633,60.13999938964844,35.19989013671875
2024-10-07,80.93000030517578,40.24399948120117,60.04499816894531,35.100318908691406
2024-10-08,77.18000030517578,38.91899871826172,58.599998474121094,35.309425354003906
2024-10-09,76.58000183105469,38.340999603271484,60.61000061035156,35.468746185302734
2024-10-10,79.4000015258789,40.292999267578125,62.845001220703125,34.542694091796875
2024-10-11,79.04000091552734,39.87900161743164,62.48500061035156,35.6778564453125
2024-10-14,77.45999908447266,40.558998107910156,63.70000076293945,35.96662139892578
2024-10-15,74.25,39.972999572753906,62.7599983215332,34.52277755737305
2024-10-16,74.22000122070312,39.24100112915039,61.47999954223633,34.86133575439453
2024-10-17,74.44999694824219,39.650001525878906,61.349998474121094,36.325096130371094
2024-10-18,73.05999755859375,39.20399856567383,60.45500183105469,36.364925384521484
2024-10-21,74.29000091552734,40.02399826049805,59.86000061035156,36.464500427246094
2024-10-22,76.04000091552734,40.70399856567383,60.709999084472656,36.325096130371094
2024-10-23,74.95999908447266,41.380001068115234,62.724998474121094,36.086116790771484
2024-10-24,74.37999725341797,42.15399932861328,64.69999694824219,36.84288787841797
2024-10-25,76.05000305175781,43.51300048828125,64.80000305175781,38.18715286254883
2024-10-28,71.41999816894531,42.51900100708008,64.30999755859375,37.78885269165039
2024-10-29,71.12000274658203,42.86899948120117,67.18000030517578,37.918304443359375
2024-10-30,72.55000305175781,40.90299987792969,63.755001068115234,37.709190368652344
2024-10-31,73.16000366210938,40.5880012512207,62.584999084472656,37.370635986328125
2024-11-01,73.0999984741211,39.17499923706055,62.05500030517578,38.1473274230957
2024-11-04,75.08000183105469,40.30099868774414,63.21500015258789,38.48588180541992
2024-11-05,75.52999877929688,40.492000579833984,62.29499816894531,38.78460693359375
2024-11-06,74.91999816894531,40.38800048828125,61.915000915527344,38.0975341796875
2024-11-07,75.62999725341797,41.2760009765625,63.775001525878906,38.346473693847656
2024-11-08,73.87000274658203,42.409000396728516,65.86499786376953,39.35218811035156
2024-11-11,71.83000183105469,43.72800064086914,65.80000305175781,40.507259368896484
2024-11-12,71.88999938964844,44.255001068115234,65.3499984741211,38.78460693359375
2024-11-13,72.27999877929688,43.66600036621094,64.33999633789062,46.133270263671875
2024-11-14,72.55999755859375,46.2239990234375,66.2300033569336,46.01377868652344
2024-11-15,71.04000091552734,46.55099868774414,65.69000244140625,46.790470123291016
2024-11-18,73.30000305175781,46.900001525878906,67.34500122070312,45.446197509765625
2024-11-19,73.30999755859375,45.667999267578125,66.58499908447266,45.505943298339844
2024-11-20,72.80999755859375,46.79600143432617,66.62000274658203,45.42628479003906
2024-11-21,74.2300033569336,48.303001403808594,67.83499908447266,47.069278717041016
2024-11-22,75.16999816894531,47.018001556396484,67.1449966430664,48.144691467285156
2024-11-25,73.01000213623047,47.733001708984375,67.9000015258789,49.040870666503906
2024-11-26,72.80999755859375,47.215999603271484,67.26000213623047,48.1546516418457
2024-11-27,72.83000183105469,46.762001037597656,66.36499786376953,48.3637580871582
2024-11-29,72.94000244140625,47.81100082397461,66.54499816894531,50.8033561706543
2024-12-02,71.83000183105469,48.654998779296875,66.82499694824219,51.281314849853516
2024-12-03,73.62000274658203,48.55699920654297,66.55999755859375,51.022422790527344
2024-12-04,72.30999755859375,47.04600143432617,66.04000091552734,51.281314849853516
2024-12-05,72.08999633789062,46.55099868774414,65.37999725341797,52.79486083984375
2024-12-06,71.12000274658203,46.47999954223633,66.55000305175781,51.63978958129883
2024-12-09,72.13999938964844,44.85499954223633,64.4749984741211,51.420719146728516
2024-12-10,72.19000244140625,45.551998138427734,66.3550033569336,49.180274963378906
2024-12-11,73.5199966430664,44.694000244140625,66.91500091552734,50.84318542480469
2024-12-12,73.41000366210938,42.80400085449219,64.3550033569336,48.85167694091797
2024-12-13,74.48999786376953,41.21500015258789,62.900001525878906,48.67244338989258
2024-12-16,73.91000366210938,40.277000427246094,61.48500061035156,50.88301467895508
2024-12-17,73.19000244140625,42.064998626708984,60.77000045776367,50.88301467895508
2024-12-18,73.38999938964844,41.00699996948242,61.21500015258789,51.002506256103516
2024-12-19,72.87999725341797,43.077999114990234,64.0199966430664,49.78768539428711
2024-12-20,72.94000244140625,44.130001068115234,64.125,50.48471450805664
2024-12-23,72.62999725341797,45.54499816894531,65.49500274658203,50.90292739868164
2024-12-27,74.16999816894531,47.73099899291992,67.5199966430664,49.867347717285156
2024-12-30,74.38999938964844,47.632999420166016,67.65499877929688,50.166072845458984
2025-01-02,75.93000030517578,50.27299880981445,70.94000244140625,50.62411880493164
2025-01-03,76.51000213623047,49.62200164794922,71.76000213623047,51.75927734375
2025-01-06,76.30000305175781,47.32600021362305,70.23500061035156,54.28849411010742
2025-01-07,77.05000305175781,47.4739990234375,70.125,53.47197341918945
2025-01-08,76.16000366210938,45.558998107910156,68.1500015258789,50.285560607910156
2025-01-09,76.91999816894531,44.98699951171875,69.47000122070312,51.67961883544922
2025-01-10,79.76000213623047,45.007999420166016,70.84500122070312,49.28981018066406
2025-01-13,81.01000213623047,48.26100158691406,72.31500244140625,49.02095413208008
2025-01-14,79.91999816894531,46.946998596191406,72.3949966430664,50.62411880493164
2025-01-15,82.02999877929688,47.00600051879883,73.91000366210938,51.998260498046875
2025-01-16,81.29000091552734,46.24100112915039,73.99500274658203,50.126243591308594
2025-01-17,80.79000091552734,46.887001037597656,74.91999816894531,51.65970230102539
2025-01-21,79.29000091552734,50.027000427246094,75.33499908447266,51.54021072387695
2025-01-22,79.0,48.715999603271484,74.81999969482422,54.90585708618164
2025-01-23,78.29000091552734,49.12300109863281,76.375,58.550315856933594
2025-01-24,78.5,49.70199966430664,77.18000030517578,60.103694915771484
2025-01-27,77.08000183105469,47.86199951171875,74.9000015258789,48.11481857299805
2025-01-28,77.48999786376953,48.2239990234375,75.9800033569336,51.73936080932617
2025-01-29,76.58000183105469,51.15599822998047,78.70999908447266,54.28849411010742
2025-01-30,76.87000274658203,51.72600173950195,78.01000213623047,56.47915267944336
2025-01-31,76.76000213623047,53.23699951171875,79.3499984741211,57.59439468383789
2025-02-03,75.95999908447266,53.79399871826172,76.73999786376953,55.244415283203125
2025-02-04,76.19999694824219,52.04800033569336,76.3949966430664,53.89019012451172
2025-02-05,74.61000061035156,53.4379997253418,76.80000305175781,55.26433181762695
2025-02-06,74.29000091552734,54.50199890136719,77.49500274658203,56.63847351074219
2025-02-07,74.66000366210938,55.722999572753906,78.08999633789062,56.85753631591797
2025-02-10,75.87000274658203,58.03900146484375,78.41000366210938,57.136348724365234
2025-02-11,77.0,57.76599884033203,78.16000366210938,57.05668640136719
2025-02-12,75.18000030517578,55.6609992980957,76.32499694824219,59.88462829589844
2025-02-13,75.0199966430664,51.382999420166016,74.0999984741211,62.075286865234375
2025-02-14,74.73999786376953,50.685001373291016,75.55500030517578,61.278682708740234
2025-02-18,75.83999633789062,49.21500015258789,71.4749984741211,63.40959548950195
2025-02-19,76.04000091552734,48.263999938964844,70.41000366210938,60.40242004394531
2025-02-20,76.4800033569336,47.49399948120117,68.9800033569336,59.60581588745117
2025-02-21,74.43000030517578,47.19499969482422,69.99500274658203,57.71388244628906
2025-02-24,74.77999877929688,47.14400100708008,69.92500305175781,55.383819580078125
2025-02-25,73.0199966430664,44.29100036621094,67.86000061035156,51.32114791870117
2025-02-26,72.52999877929688,41.33599853515625,67.6500015258789,55.70246124267578
2025-02-27,74.04000091552734,44.93000030517578,69.08999633789062,55.045265197753906
2025-02-28,73.18000030517578,44.31999969482422,67.63500213623047,54.70670700073242
2025-03-03,71.62000274658203,45.2130012512207,67.97000122070312,55.2244987487793
2025-03-04,71.04000091552734,43.4640007019043,64.88500213623047,50.88301467895508
2025-03-05,69.30000305175781,41.507999420166016,64.82499694824219,55.02534866333008
2025-03-06,69.45999908447266,38.2400016784668,63.77000045776367,58.2316780090332
2025-03-07,70.36000061035156,39.97100067138672,64.88999938964844,55.42365264892578
2025-03-10,69.27999877929688,41.231998443603516,65.625,50.34531021118164
2025-03-11,69.55999755859375,42.709999084472656,64.9000015258789,52.85460662841797
2025-03-12,70.94999694824219,42.25400161743164,65.86000061035156,57.59439468383789
2025-03-13,69.87999725341797,42.07600021362305,66.56999969482422,57.6939697265625
2025-03-14,70.58000183105469,42.290000915527344,67.27999877929688,59.00836181640625
2025-03-17,71.06999969482422,41.24800109863281,66.37000274658203,60.60157012939453
2025-03-18,70.55999755859375,40.755001068115234,67.66999816894531,60.58165740966797
2025-03-19,70.77999877929688,43.35499954223633,70.01000213623047,62.69265365600586
2025-03-20,72.0,42.85499954223633,69.3550033569336,61.079532623291016
2025-03-21,72.16000366210938,42.60499954223633,67.69499969482422,61.5574951171875
2025-03-24,73.0,42.74800109863281,67.94499969482422,60.32276153564453
2025-03-25,73.0199966430664,41.55500030517578,66.93499755859375,59.386749267578125
2025-03-26,73.79000091552734,40.869998931884766,67.26000213623047,60.42233657836914
2025-03-27,74.02999877929688,41.20199966430664,65.37999725341797,57.43507385253906
2025-03-28,73.62999725341797,40.58700180053711,65.4800033569336,55.06517791748047
2025-03-31,74.73999786376953,40.66699981689453,64.75,53.61138153076172
2025-04-01,74.48999786376953,42.45000076293945,66.29000091552734,55.60288619995117
2025-04-02,74.94999694824219,41.26300048828125,65.48500061035156,56.180423736572266
2025-04-03,70.13999938964844,39.202999114990234,63.16999816894531,53.03384017944336
2025-04-04,65.58000183105469,36.4010009765625,60.79999923706055,49.28981018066406
2025-04-07,64.20999908447266,37.0,59.130001068115234,48.35380172729492
2025-04-08,62.81999969482422,36.23099899291992,58.915000915527344,51.002506256103516
2025-04-09,65.4800033569336,33.66600036621094,58.30500030517578,50.48471450805664
2025-04-10,63.33000183105469,33.292999267578125,59.31999969482422,52.75503158569336
2025-04-11,64.76000213623047,33.4630012512207,61.98500061035156,53.51180648803711
2025-04-14,64.87999725341797,34.499000549316406,63.52000045776367,56.61855697631836
2025-04-15,64.66999816894531,34.40700149536133,63.11000061035156,58.03252410888672
2025-04-16,65.8499984741211,35.3120002746582,63.67499923706055,57.47490692138672
2025-04-17,67.95999908447266,35.65700149536133,62.7599983215332,63.52908706665039
2025-04-22,67.44000244140625,34.24399948120117,61.27000045776367,63.54899978637695
2025-04-23,66.12000274658203,34.15999984741211,63.66999816894531,65.00279998779297
2025-04-24,66.55000305175781,33.57400131225586,63.2599983215332,66.2773666381836
2025-04-25,66.87000274658203,32.43199920654297,63.27000045776367,67.631591796875
2025-04-28,65.86000061035156,32.39799880981445,62.19499969482422,67.95023345947266
2025-04-29,64.25,31.856000900268555,62.0,69.46378326416016
2025-04-30,63.119998931884766,32.31700134277344,63.56999969482422,67.25320434570312
2025-05-02,61.290000915527344,33.077999114990234,65.71499633789062,72.29171752929688
2025-05-06,62.150001525878906,34.74300003051758,65.79000091552734,72.61035919189453
2025-05-07,61.119998931884766,34.53099822998047,67.87000274658203,70.67860412597656
2025-05-08,62.84000015258789,35.340999603271484,67.66999816894531,73.02857208251953
2025-05-09,63.90999984741211,34.61800003051758,67.16999816894531,74.44255065917969
2025-05-12,64.95999908447266,35.38999938964844,69.51499938964844,75.29889678955078
2025-05-13,66.62999725341797,35.74399948120117,69.40499877929688,74.72135925292969
2025-05-14,66.08999633789062,35.04800033569336,68.88999938964844,73.54637145996094
2025-05-15,64.52999877929688,35.29399871826172,70.04499816894531,75.69719696044922
2025-05-16,65.41000366210938,35.15599822998047,67.93499755859375,75.13957214355469
2025-05-19,65.54000091552734,35.224998474121094,67.38999938964844,77.80819702148438
2025-05-20,65.37999725341797,36.979000091552734,70.13500213623047,78.40564727783203
2025-05-21,64.91000366210938,36.62099838256836,69.5250015258789,78.82386779785156
2025-05-22,64.44000244140625,36.35599899291992,68.9800033569336,81.33316040039062
2025-05-23,64.77999877929688,36.45000076293945,68.52999877929688,81.35307312011719
2025-05-27,64.08999633789062,37.00600051879883,67.94000244140625,85.03736877441406
2025-05-28,64.9000015258789,36.6870002746582,68.80000305175781,85.35601043701172
2025-05-29,64.1500015258789,35.15800094604492,67.80000305175781,84.3602523803711
2025-05-30,63.900001525878906,34.22800064086914,67.54499816894531,85.1369400024414
2025-06-02,64.62999725341797,35.01499938964844,67.93000030517578,86.7898941040039
2025-06-03,65.62999725341797,35.847999572753906,69.25499725341797,88.54241943359375
2025-06-04,64.86000061035156,35.650001525878906,69.26000213623047,88.14411163330078
2025-06-05,65.33999633789062,36.393001556396484,69.69499969482422,88.06446075439453
2025-06-06,66.47000122070312,36.250999450683594,70.33499908447266,88.30343627929688
2025-06-09,67.04000091552734,35.60499954223633,70.875,85.77422332763672
2025-06-10,66.87000274658203,34.63800048828125,69.82499694824219,82.66747283935547
2025-06-11,69.7699966430664,35.91299819946289,71.0,85.19668579101562
2025-06-12,69.36000061035156,36.176998138427734,71.9749984741211,85.33609008789062
2025-06-13,74.2300033569336,37.89400100708008,72.62999725341797,84.45983123779297
2025-06-16,73.2300033569336,37.90599822998047,72.07499694824219,88.32334899902344
2025-06-17,76.44999694824219,39.308998107910156,71.2699966430664,88.26361083984375
2025-06-18,76.69999694824219,38.69300079345703,71.38500213623047,87.44709014892578
2025-06-20,77.01000213623047,40.92900085449219,69.84500122070312,87.04878997802734
2025-06-23,71.4800033569336,40.52199935913086,70.1050033569336,86.94921112060547
2025-06-24,67.13999938964844,35.6150016784668,70.45999908447266,90.73307800292969
2025-06-25,67.68000030517578,35.4010009765625,68.17500305175781,92.00764465332031
2025-06-26,67.7300033569336,34.02399826049805,67.71499633789062,92.50552368164062
2025-06-27,67.7699966430664,33.08700180053711,68.08999633789062,95.094482421875
2025-06-30,67.61000061035156,32.89799880981445,66.28500366210938,97.64360809326172
2025-07-01,67.11000061035156,33.69300079345703,67.76499938964844,91.98772430419922
2025-07-02,69.11000061035156,33.590999603271484,68.67500305175781,91.23095703125
2025-07-03,68.80000305175781,33.62099838256836,68.91999816894531,92.14704895019531
2025-07-04,68.29000091552734,33.43000030517578,68.58499908447266,92.16696166992188
2025-07-07,69.58000183105469,33.62099838256836,68.125,94.53685760498047
2025-07-08,70.1500015258789,34.21900177001953,67.17500305175781,91.13137817382812
2025-07-09,70.19000244140625,34.30400085449219,67.6449966430664,92.00764465332031
2025-07-10,68.63999938964844,35.16999816894531,68.12000274658203,89.5979232788086
2025-07-11,70.36000061035156,35.56100082397461,67.57499694824219,91.29070281982422
2025-07-14,69.20999908447266,35.45399856567383,67.31999969482422,91.649169921875
2025-07-15,68.70999908447266,34.44499969482422,68.4800033569336,92.82416534423828
2025-07-16,68.5199966430664,34.808998107910156,68.22000122070312,90.87248229980469
2025-07-17,69.5199966430664,34.40700149536133,67.52999877929688,95.13430786132812
2025-07-18,69.27999877929688,33.595001220703125,67.09500122070312,93.62075805664062
2025-07-21,69.20999908447266,33.159000396728516,66.99500274658203,93.32203674316406
2025-07-22,68.58999633789062,33.111000061035156,66.49500274658203,90.6534194946289
2025-07-23,68.51000213623047,32.689998626708984,66.55000305175781,96.40887451171875
2025-07-24,69.18000030517578,32.358001708984375,67.88999938964844,96.7474365234375
2025-07-25,68.44000244140625,32.499000549316406,68.50499725341797,96.4487075805664
2025-07-28,70.04000091552734,32.89899826049805,67.76499938964844,94.61651611328125
2025-07-29,72.51000213623047,34.10300064086914,69.94000244140625,97.48429107666016
2025-07-30,73.23999786376953,34.5369987487793,69.68499755859375,101.56687927246094
2025-07-31,72.52999877929688,35.27899932861328,70.01499938964844,101.56687927246094
2025-08-01,69.66999816894531,33.97200012207031,68.12999725341797,97.50420379638672
2025-08-04,68.76000213623047,34.28300094604492,67.92500305175781,98.6592788696289
2025-08-05,67.63999938964844,34.40599822998047,68.30000305175781,97.22538757324219
2025-08-06,66.88999938964844,33.25699996948242,68.12999725341797,98.2410659790039
2025-08-07,66.43000030517578,32.95100021362305,68.5,95.89108276367188
2025-08-08,66.58999633789062,32.44599914550781,70.04000091552734,95.59235382080078
2025-08-11,66.62999725341797,32.999000549316406,69.27999877929688,99.09740447998047
2025-08-12,66.12000274658203,32.409000396728516,68.5,103.25965881347656
2025-08-13,65.62999725341797,32.599998474121094,68.91000366210938,98.06182861328125
2025-08-14,66.83999633789062,32.14099884033203,68.06500244140625,97.40462493896484
2025-08-15,65.8499984741211,31.0310001373291,67.80500030517578,94.4372787475586
2025-08-18,66.5999984741211,31.27199935913086,68.73999786376953,96.40887451171875
2025-08-19,65.79000091552734,31.226999282836914,68.13500213623047,94.07881164550781
2025-08-20,66.83999633789062,31.9060001373291,68.55000305175781,91.370361328125
2025-08-21,67.66999816894531,33.17499923706055,69.65499877929688,92.60509490966797
2025-08-22,67.7300033569336,33.573001861572266,69.29499816894531,92.50552368164062
2025-08-26,67.22000122070312,33.459999084472656,69.73500061035156,93.42161560058594
2025-08-27,68.05000305175781,32.55099868774414,69.37000274658203,90.89239501953125
2025-08-28,68.62000274658203,31.55900001525879,68.9000015258789,92.02755737304688
2025-08-29,68.12000274658203,31.621999740600586,70.03500366210938,90.33477783203125
2025-09-02,69.13999938964844,31.77199935913086,70.37000274658203,84.04161071777344
2025-09-03,67.5999984741211,32.11199951171875,70.91000366210938,85.5750732421875
2025-09-04,66.98999786376953,32.4119987487793,71.61000061035156,88.74156951904297
2025-09-05,65.5,31.9689998626709,72.95999908447266,87.20811462402344
2025-09-08,66.0199966430664,33.06399917602539,73.61499786376953,89.11995697021484
2025-09-09,66.38999938964844,32.930999755859375,73.53500366210938,90.59367370605469
2025-09-10,67.48999786376953,33.12200164794922,74.19999694824219,94.73600769042969
2025-09-11,66.37000274658203,32.323001861572266,72.625,93.66059112548828
2025-09-12,66.98999786376953,32.6619987487793,72.72000122070312,92.76441955566406
2025-09-15,67.44000244140625,32.15399932861328,73.57499694824219,95.33345794677734
2025-09-16,68.47000122070312,32.32899856567383,74.23500061035156,93.64067840576172
2025-09-17,67.94999694824219,32.4010009765625,73.8949966430664,91.60934448242188
2025-09-18,67.44000244140625,32.95199966430664,74.48999786376953,94.77584075927734
2025-09-19,66.68000030517578,32.30799865722656,74.5999984741211,94.83557891845703
2025-09-22,66.56999969482422,31.8439998626709,73.29499816894531,96.5084457397461
2025-09-23,67.62999725341797,32.26499938964844,73.7699966430664,96.05039978027344
2025-09-24,69.30999755859375,31.902999877929688,73.0199966430664,98.2410659790039
2025-09-25,69.41999816894531,32.45600128173828,72.7750015258789,96.7474365234375
2025-09-26,70.12999725341797,32.696998596191406,73.02999877929688,98.3008041381836
2025-09-29,67.97000122070312,32.060001373291016,73.8949966430664,98.67919158935547
2025-09-30,67.0199966430664,31.410999298095703,72.80999755859375,98.99783325195312
2025-10-01,65.3499984741211,31.334999084472656,73.49500274658203,103.70774841308594
2025-10-02,64.11000061035156,31.454999923706055,74.44000244140625,107.98948669433594
2025-10-03,64.52999877929688,31.437999725341797,76.30500030517578,105.59968566894531
2025-10-06,65.47000122070312,33.11600112915039,75.875,106.29670715332031
2025-10-07,65.44999694824219,33.24599838256836,75.36499786376953,104.4545669555664
2025-10-08,66.25,32.70000076293945,76.0999984741211,107.93970489501953
2025-10-09,65.22000122070312,32.362998962402344,76.23999786376953,109.28396606445312
2025-10-10,62.72999954223633,32.16999816894531,76.34500122070312,105.54989624023438
2025-10-13,63.31999969482422,31.475000381469727,75.1449966430664,108.03927612304688
2025-10-14,62.38999938964844,31.801000595092773,73.99500274658203,105.69925689697266
2025-10-15,61.90999984741211,31.826000213623047,75.05999755859375,105.4503173828125
2025-10-16,61.060001373291016,32.37799835205078,76.40499877929688,104.85286712646484
2025-10-17,61.290000915527344,31.81599998474121,76.38500213623047,100.47154998779297
2025-10-20,61.0099983215332,31.73900032043457,76.66000366210938,101.51708984375
2025-10-21,61.31999969482422,32.20000076293945,76.42500305175781,99.05757904052734
2025-10-22,62.59000015258789,31.76799964904785,75.48500061035156,95.3932113647461
2025-10-23,65.98999786376953,32.45399856567383,75.41500091552734,98.46012115478516
2025-10-24,65.94000244140625,32.01599884033203,75.34600067138672,103.35923767089844
2025-10-27,65.62000274658203,31.399999618530273,74.8550033569336,102.56262969970703
2025-10-28,64.4000015258789,31.493999481201172,75.38500213623047,103.50859832763672
2025-10-29,64.91999816894531,31.868999481201172,75.9000015258789,106.39627838134766
2025-10-30,65.0,31.04800033569336,75.74500274658203,105.64946746826172
2025-10-31,65.06999969482422,31.121999740600586,75.52999877929688,106.84437561035156
2025-11-03,64.88999938964844,31.740999221801758,78.23500061035156,109.53290557861328
2025-11-04,64.44000244140625,32.55099868774414,79.16999816894531,109.0350341796875
2025-11-05,63.52000045776367,31.819000244140625,78.41500091552734,106.79458618164062
2025-11-06,63.380001068115234,31.54800033569336,77.31999969482422,104.15583801269531
2025-11-07,63.630001068115234,31.201000213623047,76.62000274658203,101.36772918701172
2025-11-10,64.05999755859375,31.070999145507812,76.93499755859375,106.04776763916016
2025-11-11,65.16000366210938,31.101999282836914,77.68499755859375,107.04352569580078
2025-11-12,62.709999084472656,30.933000564575195,78.87999725341797,106.89415740966797
2025-11-13,63.0099983215332,30.45800018310547,78.27999877929688,100.62091827392578
2025-11-14,64.38999938964844,31.25,77.9800033569336,110.0307846069336
2025-11-17,64.19999694824219,31.417999267578125,76.86000061035156,113.76486206054688
2025-11-18,64.88999938964844,31.694000244140625,78.18000030517578,106.49585723876953
2025-11-19,63.5099983215332,30.940000534057617,77.63500213623047,108.48736572265625
2025-11-20,63.380001068115234,31.159000396728516,78.25,111.62398529052734
2025-11-21,62.560001373291016,30.197999954223633,77.4749984741211,100.37197875976562
2025-11-24,63.369998931884766,29.746999740600586,77.58499908447266,105.99797821044922
2025-11-25,62.47999954223633,29.38599967956543,78.79499816894531,106.39627838134766
2025-11-26,63.130001068115234,29.368000030517578,78.48500061035156,111.72356414794922
2025-11-28,63.20000076293945,28.816999435424805,80.07499694824219,114.8104019165039
2025-12-01,63.16999816894531,28.226999282836914,79.55999755859375,112.07208251953125
2025-12-02,62.45000076293945,28.049999237060547,78.75499725341797,115.55722045898438
2025-12-03,62.66999816894531,28.20599937438965,78.76000213623047,113.56571197509766
2025-12-04,63.2599983215332,27.08799934387207,79.41999816894531,116.6027603149414
2025-12-05,63.75,27.266000747680664,78.80000305175781,116.55297088623047
2025-12-08,62.4900016784668,26.871000289916992,78.98500061035156,116.9014892578125
2025-12-09,61.939998626708984,27.48900032043457,79.63999938964844,117.947021484375
2025-12-10,62.209999084472656,26.601999282836914,78.99500274658203,123.07515716552734
2025-12-11,61.279998779296875,26.80500030517578,80.7750015258789,122.9755859375
2025-12-12,61.119998931884766,27.68400001525879,80.6500015258789,117.74787902832031
2025-12-15,60.560001373291016,27.424999237060547,82.02999877929688,119.29129791259766
2025-12-16,58.91999816894531,26.763999938964844,82.1050033569336,118.89299774169922
2025-12-17,59.68000030517578,27.35700035095215,81.31999969482422,115.05934143066406
2025-12-18,59.81999969482422,27.652000427246094,80.91500091552734,119.0921401977539
2025-12-19,60.470001220703125,28.160999298095703,81.77999877929688,119.63980865478516
2025-12-22,62.06999969482422,27.687000274658203,82.33499908447266,118.7436294555664
2025-12-23,62.380001068115234,27.73200035095215,83.06500244140625,120.23725891113281
2025-12-29,61.939998626708984,28.534000396728516,82.06999969482422,120.08789825439453
2025-12-30,61.91999816894531,27.766000747680664,81.94499969482422,119.88874816894531
