date,AI Portfolio,SPY
2021-07-22,1.0056331198581654,1.0020941203543896
2021-07-23,1.0182872070515718,1.0124036359452309
2021-07-26,1.01895510726937,1.0148889655965943
2021-07-27,1.0137417056915565,1.0102634909676678
2021-07-28,1.0168966927958967,1.0098492693591072
2021-07-29,1.0144977897447427,1.0140375100678864
2021-07-30,1.0114182786088008,1.009112875388333
2021-08-02,1.0087108382049788,1.0069957427223566
2021-08-03,1.010333753377014,1.0151881256472215
2021-08-04,1.0136409439113956,1.010194454032908
2021-08-05,1.0198528520238612,1.01659187665401
2021-08-06,1.018208708290073,1.0182717753998392
2021-08-09,1.0172255958821568,1.0174433321827179
2021-08-10,1.0135514661930134,1.0187090093199862
2021-08-11,1.0108135657190196,1.0212403635945229
2021-08-12,1.0148414801074095,1.0243010010355538
2021-08-13,1.0182475619517206,1.0261649982740764
2021-08-16,1.0214440347192706,1.0285812909906797
2021-08-17,1.0142636627647434,1.021838683695777
2021-08-18,1.0060432725564703,1.0106547002646413
2021-08-19,1.0121592614164971,1.012219537452537
2021-08-20,1.022930953952508,1.0202738465078816
2021-08-23,1.0335080444192826,1.0292486480266942
2021-08-24,1.0335157272501394,1.0308825221493498
2021-08-25,1.0350466034589303,1.0330456794384995
2021-08-26,1.0305111227191952,1.0269474168680242
2021-08-27,1.038920529339144,1.0361293291911169
2021-08-30,1.0453741046048886,1.0406857668852834
2021-08-31,1.041463258206364,1.0391439420089745
2021-09-01,1.0436190332900699,1.0396962374870555
2021-09-02,1.0382874613308024,1.0428949487976067
2021-09-03,1.0416399968505217,1.042641813370153
2021-09-07,1.0445372135765043,1.0389138188931077
2021-09-08,1.0417588890165972,1.0376481417558394
2021-09-09,1.0387066347783838,1.0332067656196064
2021-09-10,1.0334577515751544,1.025060407317915
2021-09-13,1.033144540312499,1.0276838108387987
2021-09-14,1.0329799062126632,1.0221378437464044
2021-09-15,1.0366616046015316,1.0306754113450696
2021-09-16,1.035627023860687,1.029041537222414
2021-09-17,1.025261543372495,1.0157634334368886
2021-09-20,1.0131756717963871,0.9988263721090783
2021-09-21,1.0150705676927523,0.9978828673340235
2021-09-22,1.0192433483073613,1.0076170751351972
2021-09-23,1.0264894386861414,1.019859624899321
2021-09-24,1.0288273482096981,1.0215395236451499
2021-09-27,1.0227428640204448,1.018616960073639
2021-09-28,1.0035950063043293,0.9980899781383037
2021-09-29,1.0026822922467835,0.9997698768841327
2021-09-30,0.999816957394731,0.9875503394315956
2021-10-01,1.009503149529293,0.999286618340812
2021-10-04,0.9912539494441055,0.9863997238522605
2021-10-05,1.0013938989435052,0.9966632148199283
2021-10-06,1.0068541321293123,1.0008054309055339
2021-10-07,1.0116750393969183,1.0094580600621328
2021-10-08,1.0107792407884058,1.0076170751351967
2021-10-11,1.0057865581760044,1.000322172362213
2021-10-12,1.0016745831577643,0.9978598550224363
2021-10-13,1.0039844703762582,1.0014497756299614
2021-10-14,1.016581653808201,1.018294787711425
2021-10-15,1.019819053697982,1.0260499367161426
2021-10-18,1.027575830370516,1.0290875618455868
2021-10-19,1.0325734341076709,1.037026809342998
2021-10-20,1.0301272518714426,1.0410999884938439
2021-10-21,1.0338776640813312,1.0438154412610743
2021-10-22,1.0254348701772447,1.0427338626164995
2021-10-25,1.0292470238420661,1.0483258543320673
2021-10-26,1.033525357380351,1.0492693591071218
2021-10-27,1.0332371972303447,1.0446208721666086
2021-10-28,1.036567343120683,1.0547002646415826
2021-10-29,1.0439857540961468,1.0568404096191457
2021-11-01,1.0429978079614861,1.058658382234495
2021-11-02,1.0462581352239657,1.062938672189621
2021-11-03,1.0496472301546063,1.0694281440570703
2021-11-04,1.064867627663601,1.0744678402945573
2021-11-05,1.0706494427893902,1.0781958347716023
2021-11-08,1.075156722404105,1.0791163272350703
2021-11-09,1.0702478871769208,1.0755494189391321
2021-11-10,1.05930332057133,1.0668967897825334
2021-11-11,1.0604990731114137,1.067241974456334
2021-11-12,1.0701673247429937,1.0752962835116784
2021-11-15,1.0707101076946932,1.0756644804970656
2021-11-16,1.0726625420072695,1.0799217581406046
2021-11-17,1.0656769564165791,1.077298354619721
2021-11-18,1.0774186573489721,1.0809573121620062
2021-11-19,1.0841221039563755,1.0790242779887234
2021-11-22,1.0743464507420009,1.075986652859279
2021-11-23,1.0733001239376585,1.0774134161776543
2021-11-24,1.0805467256583383,1.0802899551259917
2021-11-26,1.06300442139722,1.056196064894718
2021-11-29,1.0766418364130266,1.0691519963180294
2021-11-30,1.067857082231978,1.0483488666436536
2021-12-01,1.056612809584775,1.036704636980784
2021-12-02,1.0636625399782993,1.052583131975606
2021-12-03,1.0530390118165183,1.0434242319641
2021-12-06,1.0617741672489172,1.0557818432861574
2021-12-07,1.0830270534574784,1.0776205269819346
2021-12-08,1.0874317298508085,1.0804740536186854
2021-12-09,1.0827365326962874,1.073179150845702
2021-12-10,1.0888060157625326,1.083281555632263
2021-12-13,1.0774661009137092,1.0736854217006095
2021-12-14,1.0718408445560619,1.0662984696812794
2021-12-15,1.0897851749706047,1.0829593832700495
2021-12-16,1.0730956045386144,1.0734092739615693
2021-12-17,1.0664791097814728,1.0582671729375215
2021-12-20,1.0599813720687867,1.0470141525716257
2021-12-21,1.0765208064368283,1.0656081003336784
2021-12-22,1.0832893384407194,1.07626280059832
2021-12-23,1.086196349271937,1.0829593832700495
2021-12-27,1.1001660419860968,1.0982855827867908
2021-12-28,1.096393741247308,1.0973881026349095
2021-12-29,1.0945965334232077,1.0987918536416983
2021-12-30,1.0916313362192431,1.0957542285122541
2021-12-31,1.0857520569900851,1.09299275112185
2022-01-03,1.0934135324064314,1.099321136808192
2022-01-04,1.0868474721207482,1.098952939822805
2022-01-05,1.0643483168832069,1.0778506500978022
2022-01-06,1.0664504523077722,1.0768381083879874
2022-01-07,1.0611929399499773,1.0725808307444482
2022-01-10,1.059586712778372,1.0712461166724196
2022-01-11,1.0669545514656238,1.08100333678518
2022-01-12,1.0704735049643799,1.0839259003566906
2022-01-13,1.0545147975586764,1.068990910136923
2022-01-14,1.0603537233571156,1.0694281440570705
2022-01-18,1.0458052440452037,1.0504890116212173
2022-01-19,1.0400461544873945,1.039581175929122
2022-01-20,1.032366210138954,1.0280750201357727
2022-01-21,1.0158361036240908,1.0078932228742379
2022-01-24,1.0156608810716472,1.0121735128293636
2022-01-25,1.00211171856746,0.9998159015073065
2022-01-26,1.008527369073655,0.9973075595443562
2022-01-27,1.005713575972501,0.9923829248648027
2022-01-28,1.0348285293940247,1.0170291105741571
2022-01-31,1.0498882666126037,1.0353469105971695
2022-02-01,1.0560171865346581,1.042342653319526
2022-02-02,1.0709329894915884,1.0524680704176737
2022-02-03,1.0278537313047194,1.0277298354619724
2022-02-04,1.0291366793915995,1.032562420895179
2022-02-07,1.0203724803185263,1.0292486480266942
2022-02-08,1.0232694994292195,1.0377171786905994
2022-02-09,1.0405137956032822,1.0529053043378207
2022-02-10,1.0259679082654285,1.0339891842135542
2022-02-11,1.007354999005303,1.013600276147739
2022-02-14,1.0091311388853663,1.0102865032792543
2022-02-15,1.0253273829118787,1.0265792198826371
2022-02-16,1.0241734889934835,1.0277298354619722
2022-02-17,1.0023243185500765,1.0057760902082615
2022-02-18,0.9940138131153007,0.9992636060292257
2022-02-22,0.9883458363982349,0.988539868829824
2022-02-23,0.9737951896700575,0.9710044874007595
2022-02-24,0.9943760103374651,0.9856173052583134
2022-02-25,1.0015834462019655,1.0073639397077436
2022-02-28,1.0024312613364375,1.0047865608100335
2022-03-01,0.98919204071421,0.9894833736048788
2022-03-02,0.9980936540484815,1.0076861120699576
2022-03-03,0.9911271139469418,1.0026694281440571
2022-03-04,0.9784124555432285,0.9945230698423658
2022-03-07,0.9518638213103393,0.9652053848809115
2022-03-08,0.9528551376178851,0.9578874697963412
2022-03-09,0.9788845124205846,0.9835692095270973
2022-03-10,0.970880767673214,0.9791278333908644
2022-03-11,0.9585626580316144,0.9666781728224603
2022-03-14,0.9501809979275593,0.9596133931653438
2022-03-15,0.9710085091327961,0.9807156828903466
2022-03-16,0.9933679550284049,1.002462317339777
2022-03-17,0.9983709528888606,1.015004027154528
2022-03-18,1.0166803975627867,1.0229432746519391
2022-03-21,1.0149420204313295,1.022644114601312
2022-03-22,1.023490370759524,1.0346105166263957
2022-03-23,1.0152828580952404,1.021286388217697
2022-03-24,1.0348180691174553,1.0366816246691986
2022-03-25,1.035027971554197,1.0417443332182723
2022-03-28,1.041417095485853,1.0491542975491894
2022-03-29,1.0532413295017609,1.0621332412840876
2022-03-30,1.0455373682327176,1.0555747324818785
2022-03-31,1.0351361491759614,1.0393280405016692
2022-04-01,1.0371461005015201,1.0422736163847666
2022-04-04,1.0502860785087051,1.0512023932804058
2022-04-05,1.0385413531746583,1.0379242894948804
2022-04-06,1.0176141482745873,1.027545736969279
2022-04-07,1.015704921207007,1.0327235070762864
2022-04-08,1.0069950997192043,1.0299620296858825
2022-04-11,0.9889678876685439,1.0123576113220578
2022-04-12,0.9838771231873851,1.0086066045334259
2022-04-13,0.9931512706009163,1.0201587849499485
2022-04-14,0.9790499814981323,1.0074559889540908
2022-04-18,0.9825806483292928,1.0078702105626514
2022-04-19,0.9930731780562257,1.0241399148544474
2022-04-20,0.9823418354989613,1.0233805085720862
2022-04-21,0.9656321377414598,1.0080773213669314
2022-04-22,0.9484990170180178,0.9804165228397195
2022-04-25,0.9578919625383098,0.986100563801634
2022-04-26,0.9358107855268225,0.9575422851225408
2022-04-27,0.9377577214448701,0.9602347255781846
2022-04-28,0.9723227991930483,0.9844897019905653
2022-04-29,0.9502232301599092,0.9481072373719943
2022-05-02,0.9636046490690932,0.9538142906454957
2022-05-03,0.9636421165279379,0.9581866298469686
2022-05-04,0.9850020122019572,0.9873662409389028
2022-05-05,0.9538408949188273,0.952272465769187
2022-05-06,0.9488520412954802,0.9465884248072723
2022-05-09,0.9237668891839886,0.91628121044759
2022-05-10,0.9326247582585545,0.9183983431135663
2022-05-11,0.9169151061545453,0.9038085375675993
2022-05-12,0.9097781415176706,0.9028650327925445
2022-05-13,0.930954790780365,0.9244505810608682
2022-05-16,0.926643521778907,0.9206995742722361
2022-05-17,0.940912690796615,0.9396387067080895
2022-05-18,0.9154755083240801,0.9017604418363832
2022-05-19,0.9111527333050339,0.8962374870555754
2022-05-20,0.909512969296921,0.8966286963525493
2022-05-23,0.9238900744589027,0.9134046714992529
2022-05-24,0.9047043761716629,0.906431941088483
2022-05-25,0.9118239025990522,0.9144402255206544
2022-05-26,0.9267943899065556,0.9327120009204933
2022-05-27,0.9448164124247875,0.9556092509492587
2022-05-31,0.9433739287140561,0.9502473823495579
2022-06-01,0.9386041862117559,0.9425612702796003
2022-06-02,0.9570521250266455,0.9605108733172255
2022-06-03,0.9407904650089081,0.9447474398803368
2022-06-06,0.9447268247772507,0.9476239788286743
2022-06-07,0.9498212169573034,0.9567138419054203
2022-06-08,0.9473883735998304,0.9463122770682325
2022-06-09,0.9285432719950741,0.9238062363364409
2022-06-10,0.9060698015818385,0.8970199056495234
2022-06-13,0.8798703970551375,0.862961684501209
2022-06-14,0.8827709290762932,0.860361293291912
2022-06-15,0.8971207070793444,0.8726268553676225
2022-06-16,0.8762423982321466,0.8437464043263153
2022-06-17,0.8824316890389525,0.8419284317109662
2022-06-21,0.8929086314557636,0.8631227706823158
2022-06-22,0.8903514382004355,0.8615579334944203
2022-06-23,0.8968396945344149,0.870003451846739
2022-06-24,0.9210635129533823,0.897664250373951
2022-06-27,0.9160106814285843,0.8942354159475329
2022-06-28,0.896201202749335,0.8759636405476939
2022-06-29,0.8983208125105278,0.8752502588885063
2022-06-30,0.8888917408986345,0.8681394546082163
2022-07-01,0.8877604864691323,0.8773213669313091
2022-07-05,0.9014570124594397,0.8789782533655515
2022-07-06,0.9064266215879228,0.8819468415602356
2022-07-07,0.9185558775076813,0.8951559084110008
2022-07-08,0.9187039412651316,0.8944195144402265
2022-07-11,0.9063659331675938,0.8842020480957322
2022-07-12,0.9018647404279317,0.8763778621562545
2022-07-13,0.8995933650475427,0.8717753998389147
2022-07-14,0.9001324624526056,0.8696582671729385
2022-07-15,0.9106522750086752,0.8862731561385351
2022-07-18,0.9079153584594077,0.8789552410539647
2022-07-19,0.9278005605330697,0.9027039466114379
2022-07-20,0.9378648928499902,0.9084570245081126
2022-07-21,0.9428807252685157,0.9177079737659657
2022-07-22,0.9240044131758608,0.909193418478887
2022-07-25,0.9198465188899176,0.9102980094350486
2022-07-26,0.907446631519225,0.8995282476124734
2022-07-27,0.9343586228506957,0.922885743872973
2022-07-28,0.9348045306855347,0.9344609366010824
2022-07-29,0.9410999130768994,0.9480842250604081
2022-08-01,0.9400795189437384,0.9452767230468307
2022-08-02,0.9368377323481644,0.9390403866068354
2022-08-03,0.9525852108055484,0.9537452537107359
2022-08-04,0.9576057563532038,0.9531009089863084
2022-08-05,0.9546288860114737,0.9514900471752394
2022-08-08,0.9482596071135129,0.9503854562190779
2022-08-09,0.9426205205202067,0.9466114371188593
2022-08-10,0.9609215259840781,0.9664940743297671
2022-08-11,0.9574793228582198,0.9664940743297671
2022-08-12,0.9687886372665877,0.9828558278679099
2022-08-15,0.9741950634192105,0.986905994707169
2022-08-16,0.972420747992533,0.9888390288804517
2022-08-17,0.964972216067185,0.9818202738465086
2022-08-18,0.9672540334223304,0.9846738004832594
2022-08-19,0.9531608843640608,0.9714417213209076
2022-08-22,0.9374099127270187,0.9512138994361993
2022-08-23,0.9354508059740338,0.9489126682775293
2022-08-24,0.9366140591548225,0.9519502934069736
2022-08-25,0.9492680765386291,0.9653894833736056
2022-08-26,0.9222866353513152,0.9327120009204932
2022-08-29,0.915236331924488,0.9265447014152579
2022-08-30,0.909418585626358,0.916373259693937
2022-08-31,0.9073249724461042,0.9094005292831673
2022-09-01,0.9038961549809201,0.9122540559199179
2022-09-02,0.8943269122947135,0.9026349096766778
2022-09-06,0.8901612817349654,0.8992290875618463
2022-09-07,0.8979584290978019,0.9153837302957089
2022-09-08,0.8992091227084178,0.9213669313082506
2022-09-09,0.9127601910367582,0.9356805891151775
2022-09-12,0.9182520180819387,0.9457369692785649
2022-09-13,0.8835295582579884,0.9046139684731339
2022-09-14,0.883939123629244,0.9080658152111388
2022-09-15,0.8742853647295762,0.8977562996202977
2022-09-16,0.8720974811140187,0.8872626855367629
2022-09-19,0.8763866866689092,0.8941433667011859
2022-09-20,0.8726125590195833,0.883879875733518
2022-09-21,0.8642207078829359,0.8684616269704297
2022-09-22,0.8606098889611801,0.8611667241974462
2022-09-23,0.8547038050361379,0.8467380048325859
2022-09-26,0.8485084775600694,0.8383615234150276
2022-09-27,0.8469308772361098,0.8362213784374646
2022-09-28,0.8567230379646762,0.8526751812219543
2022-09-29,0.8433721868602854,0.8348636520538495
2022-09-30,0.8358775674400297,0.8219537452537113
2022-10-03,0.8494973695676146,0.8436543550799684
2022-10-04,0.8638603368223917,0.8697963410424584
2022-10-05,0.8643500548672843,0.8677712576228288
2022-10-06,0.8616297396175068,0.858819468415603
2022-10-07,0.8414729900224939,0.8348636520538495
2022-10-10,0.8360272684156695,0.8284892417443338
2022-10-11,0.8282876984641017,0.8232424347025665
2022-10-12,0.8266971037279358,0.820526981935336
2022-10-13,0.8412933817539647,0.8421815671384197
2022-10-14,0.8267287260309532,0.8229892992751128
2022-10-17,0.8452647973588563,0.8441376136232891
2022-10-18,0.8476379125602446,0.8540559199171563
2022-10-19,0.8465706915477815,0.8480036819698545
2022-10-20,0.8467289738381063,0.8408928776895647
2022-10-21,0.85419852505962,0.8613278103785533
2022-10-24,0.8590800246328247,0.8718674490852615
2022-10-25,0.8742009999341026,0.8857898975952143
2022-10-26,0.855359352651096,0.8791163272350716
2022-10-27,0.8309731678870362,0.8744218156713851
2022-10-28,0.8506001326759753,0.8952249453457608
2022-10-31,0.8388039201774283,0.8887584857898984
2022-11-01,0.8345014458364717,0.8848694051317463
2022-11-02,0.8175037230038199,0.8626625244505819
2022-11-03,0.8062837506578256,0.8537797721781161
2022-11-04,0.8182604693081761,0.8660683465654133
2022-11-07,0.8297146817370573,0.8743527787366249
2022-11-08,0.8328897432765391,0.8790703026118982
2022-11-09,0.8238628740264493,0.8609596133931662
2022-11-10,0.8674258969629043,0.9082729260154192
2022-11-11,0.876299149142677,0.9170636290415383
2022-11-14,0.8744964405337814,0.9092624554136474
2022-11-15,0.8832928313749465,0.9170176044183649
2022-11-16,0.876283770565915,0.9100218616960083
2022-11-17,0.8747471213063449,0.9072373719940178
2022-11-18,0.8730466860420836,0.9113565757680367
2022-11-21,0.8660569684707908,0.9080428028995521
2022-11-22,0.8762475592419665,0.9202623403520891
2022-11-23,0.8825050300537606,0.9260614428719373
2022-11-25,0.8788809016094129,0.9258543320676569
2022-11-28,0.8682523421584698,0.9110804280289962
2022-11-29,0.8639165111781987,0.9095155908411008
2022-11-30,0.8944984246631649,0.9381659187665409
2022-12-01,0.8973184951592519,0.9374755494189398
2022-12-02,0.8978057670930576,0.936393970774365
2022-12-05,0.8909918880624774,0.9195489586929013
2022-12-06,0.8741487729862238,0.9062938672189628
2022-12-07,0.8710126385536391,0.904752042342654
2022-12-08,0.8789487478580765,0.9118398343113573
2022-12-09,0.8766187412937361,0.9050281900816943
2022-12-12,0.8850220908778053,0.9180761707513526
2022-12-13,0.8951455694220237,0.9250258888505357
2022-12-14,0.8926560901984744,0.919111724772754
2022-12-15,0.8726745900853251,0.8966286963525493
2022-12-16,0.8695330906008412,0.8819928661834087
2022-12-19,0.8592008582667341,0.8745138649177315
2022-12-20,0.8614400605347998,0.8757105051202401
2022-12-21,0.8693807537293335,0.8888045104130718
2022-12-22,0.8552014309192905,0.8761247267288008
2022-12-23,0.8567854585786305,0.8811644229662878
2022-12-27,0.846850405614826,0.8776895639166962
2022-12-28,0.840418486421487,0.8667817282246011
2022-12-29,0.8548307674053687,0.8823840754803829
2022-12-30,0.8544178404501472,0.8800598320101263
2023-01-03,0.8533233540748363,0.8763548498446677
2023-01-04,0.8558698265783267,0.8831204694511572
2023-01-05,0.8473057661981306,0.873041076976183
2023-01-06,0.8601876014508198,0.8930617880566111
2023-01-09,0.8662052149961158,0.8925555172017038
2023-01-10,0.8722656998547417,0.8988148659532859
2023-01-11,0.8802695419357578,0.9101829478771152
2023-01-12,0.8865223188488726,0.9134967207455998
2023-01-13,0.8905177540045558,0.9170406167299515
2023-01-17,0.8938984655240727,0.9153607179841224
2023-01-18,0.8872805310308887,0.9009089863076756
2023-01-19,0.8871049321274225,0.8943504775054664
2023-01-20,0.9052321414369545,0.9110113910942363
2023-01-23,0.9186128024118412,0.9219422390979183
2023-01-24,0.9176335615428362,0.9209527096996902
2023-01-25,0.9140906844244531,0.9212978943734909
2023-01-26,0.9258704470793577,0.9314233114716383
2023-01-27,0.9366514189667394,0.9335634564492012
2023-01-30,0.9217372127293585,0.9218501898515714
2023-01-31,0.9294378086481091,0.9354044413761372
2023-02-01,0.9424617340451792,0.9453457599815911
2023-02-02,0.9803899711827263,0.9591071223104369
2023-02-03,0.9743689332362934,0.9489126682775294
2023-02-06,0.9698951069564673,0.9431135657576811
2023-02-07,0.988144615084821,0.9554481647681518
2023-02-08,0.974587574912206,0.9450005753077904
2023-02-09,0.9661631978865161,0.9368081923829256
2023-02-10,0.9583839880397369,0.9389943619836622
2023-02-13,0.968714263231742,0.9500172592336907
2023-02-14,0.9739342788838862,0.9495800253135435
2023-02-15,0.9742310758390728,0.9526636750661611
2023-02-16,0.962545663126102,0.9395466574617426
2023-02-17,0.9560496452315266,0.9371994016798993
2023-02-21,0.9444661363786995,0.9183983431135663
2023-02-22,0.9438187740896006,0.917132665976298
2023-02-23,0.9581458816367876,0.9220112760326782
2023-02-24,0.9497533861799254,0.912162006673571
2023-02-27,0.9522977486351997,0.9152686687377755
2023-02-28,0.9535538956076958,0.9118858589345307
2023-03-01,0.9479133916891439,0.9083879875733525
2023-03-02,0.955026332983985,0.9154527672304691
2023-03-03,0.9712467193495786,0.930134622022783
2023-03-06,0.9747534194796778,0.9307789667472105
2023-03-07,0.9684686340057592,0.916511333563457
2023-03-08,0.9728318295452213,0.9180071338165926
2023-03-09,0.9636169712898117,0.9010700724887821
2023-03-10,0.9547081549608399,0.8880681164422973
2023-03-13,0.95836455579569,0.8868024393050289
2023-03-14,0.9778127032062419,0.9014612817857562
2023-03-15,0.9833376453117697,0.895823265447015
2023-03-16,1.0020078667625802,0.9115406742607305
2023-03-17,1.0001747633527873,0.8974571395696708
2023-03-20,1.000857296756015,0.9060867564146828
2023-03-21,1.0109319803934194,0.9179841215050063
2023-03-22,1.00713536286109,0.902335749626051
2023-03-23,1.0176818927316187,0.904775054654241
2023-03-24,1.0180419519966828,0.9107122310436093
2023-03-27,1.0105665986011367,0.9124151421010249
2023-03-28,1.0063169490869177,0.9103670463698087
2023-03-29,1.016031181825063,0.9235991255321606
2023-03-30,1.0199516276297549,0.9290070187550348
2023-03-31,1.0303989227940762,0.9421010240478663
2023-04-03,1.03413971623581,0.9456909446553915
2023-04-04,1.032489648711517,0.9404441376136242
2023-04-05,1.0268397062126102,0.9379818202738475
2023-04-06,1.0353970804934105,0.9416407778161324
2023-04-10,1.032806651560399,0.9426072949027737
2023-04-11,1.0278019023976426,0.9428604303302274
2023-04-12,1.0243083050831734,0.9390173742952486
2023-04-13,1.0373211909686728,0.9514900471752394
2023-04-14,1.0393812072702597,0.9491658037049827
2023-04-17,1.0371498468717955,0.9525716258198141
2023-04-18,1.0384441811135559,0.953192958232655
2023-04-19,1.0383567000187717,0.9530318720515482
2023-04-20,1.0347311731812356,0.9478310896329543
2023-04-21,1.0335116352441827,0.9485674836037287
2023-04-24,1.0319585348371219,0.9495570130019566
2023-04-25,1.0201266816660601,0.9344839489126687
2023-04-26,1.0299971489149762,0.9305258313197565
2023-04-27,1.0547256588677387,0.9490507421470491
2023-04-28,1.0603686960956649,0.957151075825567
2023-05-01,1.0649746717512607,0.9561845587389256
2023-05-02,1.0559633405710913,0.9454378092279372
2023-05-03,1.0522145376614414,0.9389483373604881
2023-05-04,1.048332846216779,0.9322977793119321
2023-05-05,1.0621126798967666,0.9495570130019564
2023-05-08,1.0656124506207039,0.94981014842941
2023-05-09,1.06211998205975,0.9456449200322175
2023-05-10,1.0692483824055887,0.9500632838568638
2023-05-11,1.0730298026549765,0.9484063974226214
2023-05-12,1.071222832577468,0.9471637325969398
2023-05-15,1.0752703166358049,0.950431480842251
2023-05-16,1.0785507242580854,0.9440800828443222
2023-05-17,1.0868096009160955,0.9555402140144983
2023-05-18,1.0989049428884912,0.9647451386491779
2023-05-19,1.0968114066295953,0.9633413876423893
2023-05-22,1.099093845025844,0.9637325969393633
2023-05-23,1.0880974791551203,0.9529168104936148
2023-05-24,1.085844452622715,0.9460131170176052
2023-05-25,1.1200480753544804,0.9542054999424701
2023-05-26,1.1323188970674416,0.9665631112645273
2023-05-30,1.133912429506386,0.9669313082499146
2023-05-31,1.126698352584625,0.9615694396502137
2023-06-01,1.1419591133561586,0.9707053273501332
2023-06-02,1.1441426011798026,0.9847428374180196
2023-06-05,1.1427646088584105,0.9828558278679104
2023-06-06,1.1420704597925204,0.9849959728454734
2023-06-07,1.1259669268868575,0.981590150730642
2023-06-08,1.1302430335087015,0.9875273271200102
2023-06-09,1.13219396931366,0.989299275112186
2023-06-12,1.142559705099805,0.9982740766309987
2023-06-13,1.1462809842062809,1.0048555977447946
2023-06-14,1.1536584985143497,1.006052237947303
2023-06-15,1.1635593261398147,1.0185249108272938
2023-06-16,1.1607979291634511,1.0112990449890702
2023-06-20,1.1621232152397734,1.006052237947303
2023-06-21,1.1551126829972722,1.0008974801518824
2023-06-22,1.1631366050456358,1.004510413070994
2023-06-23,1.1606257209686395,0.9969163502473835
2023-06-26,1.1443498268775096,0.9928431710965377
2023-06-27,1.1552260798871972,1.0037279944770463
2023-06-28,1.1556944499441602,1.0042342653319536
2023-06-29,1.1554569253327622,1.0081923829248658
2023-06-30,1.168021307391119,1.0200897480151891
2023-07-03,1.16664829786366,1.021263375906111
2023-07-05,1.1714851076708308,1.0197445633413889
2023-07-06,1.1695345349735937,1.0117592912208044
2023-07-07,1.1663251081488757,1.0092049246346808
2023-07-10,1.1618371534958571,1.0117592912208044
2023-07-11,1.165704090965734,1.01820273846508
2023-07-12,1.1788199736567642,1.0263951213899447
2023-07-13,1.1937674208997322,1.0345414796916363
2023-07-14,1.1925322908306009,1.0338971349672086
2023-07-17,1.1974895205513818,1.0374870555747338
2023-07-18,1.2026344767832622,1.045196179956278
2023-07-19,1.2012053053795355,1.0475204234265345
2023-07-20,1.1851474751969286,1.0405707053273514
2023-07-21,1.1779285542075184,1.0405707053273514
2023-07-24,1.1807119782454663,1.0452191922678644
2023-07-25,1.1866323242162804,1.048072718904615
2023-07-26,1.189687503985605,1.0482338050857218
2023-07-27,1.1915369487016856,1.0412840869865387
2023-07-28,1.2063032106778675,1.0514785410194463
2023-07-31,1.2044347059265634,1.053480612127489
2023-08-01,1.2050080657473783,1.0504659993096312
2023-08-02,1.1877888308094047,1.0358531814520775
2023-08-03,1.1875380635252764,1.0328845932573933
2023-08-04,1.181794874871426,1.0282130940052934
2023-08-07,1.1888542737214258,1.0371878955241058
2023-08-08,1.1835885068555616,1.0326774824531129
2023-08-09,1.1719265073847496,1.025773788977103
2023-08-10,1.1720177609366575,1.02614198596249
2023-08-11,1.1654901915006233,1.0255436658612358
2023-08-14,1.1800438408862792,1.0312046945115638
2023-08-15,1.1741857955556725,1.019192267863307
2023-08-16,1.167929331129809,1.0117132665976298
2023-08-17,1.1613576893643123,1.0040041422160857
2023-08-18,1.15898064979538,1.0044874007594062
2023-08-21,1.1751284987186048,1.0110228972500288
2023-08-22,1.173358645594153,1.0082844321712117
2023-08-23,1.1872313311740972,1.0195144402255207
2023-08-24,1.1754695727174997,1.0053848809112877
2023-08-25,1.1762833152140433,1.012472672879991
2023-08-28,1.182976754705133,1.0188931078126802
2023-08-29,1.19857428843546,1.0336209872281674
2023-08-30,1.2024550565627483,1.0378782648717066
2023-08-31,1.2027596963147393,1.0363594523069846
2023-09-01,1.2029657766697082,1.0382924864802674
2023-09-05,1.2051918418571534,1.0338050857208612
2023-09-06,1.1961883697819924,1.026855367621678
2023-09-07,1.1907695905102498,1.0237026809343002
2023-09-08,1.191737479253379,1.0252445058106088
2023-09-11,1.1968903269867497,1.0319871131055116
2023-09-12,1.1885770653811778,1.0263260844551838
2023-09-13,1.1929483319429175,1.0275227246576921
2023-09-14,1.1958109016102487,1.0363824646185713
2023-09-15,1.1832797928334111,1.0202968588194687
2023-09-18,1.1881763470828142,1.0208951789207228
2023-09-19,1.1878697644687375,1.0187780462547464
2023-09-20,1.1731812715731584,1.00941203543896
2023-09-21,1.1618230611397324,0.9927281095386032
2023-09-22,1.1634737259095556,0.9904959153146936
2023-09-25,1.1666859022065972,0.9946611437118861
2023-09-26,1.1567228932162559,0.9800483258543322
2023-09-27,1.1586197237049662,0.9804395351513062
2023-09-28,1.165572143583613,0.9861235761132208
2023-09-29,1.1643306749694702,0.9837302957082042
2023-10-02,1.1772795601679882,0.9833390864112304
2023-10-03,1.165471069695288,0.9701760441836386
2023-10-04,1.1748622780336402,0.9772408238407552
2023-10-05,1.1781389434458882,0.9768726268553679
2023-10-06,1.1920748313315526,0.9884708318950642
2023-10-09,1.194174742286284,0.9947992175814064
2023-10-10,1.1966390258343547,0.9999769876884138
2023-10-11,1.20522278123285,1.0040731791508462
2023-10-12,1.2036683375327135,0.9979519042687843
2023-10-13,1.1933673341467363,0.9929812449660573
2023-10-16,1.2015473914218695,1.0034288344264188
2023-10-17,1.197023311591297,1.0033828098032453
2023-10-18,1.1852672235753543,0.9900126567713733
2023-10-19,1.1817595369046614,0.9813140029916012
2023-10-20,1.1731249574811013,0.969255551720171
2023-10-23,1.1802311469146027,0.9675756529743419
2023-10-24,1.1856286404125604,0.9748705557473254
2023-10-25,1.1682404882568476,0.9608790703026124
2023-10-26,1.1476495370189803,0.949372914509263
2023-10-27,1.1517693965968552,0.9450696122425503
2023-10-30,1.1635289384563041,0.9563686572316193
2023-10-31,1.163192545809958,0.9623748705557477
2023-11-01,1.1798132397998062,0.9726383615234154
2023-11-02,1.1888149671982826,0.9912783339086415
2023-11-03,1.1965763808139078,1.0003221723622142
2023-11-06,1.202747268585609,1.002623403520884
2023-11-07,1.2085723007973137,1.005476930157635
2023-11-08,1.2123547432925215,1.0062133241284092
2023-11-09,1.2099867258288945,0.9983661258773449
2023-11-10,1.2256192955316239,1.0139454608215401
2023-11-13,1.2237733653564329,1.0129789437348986
2023-11-14,1.2340742367690238,1.0326314578299396
2023-11-15,1.2325900345599274,1.034817627430676
2023-11-16,1.23992166490886,1.0360833045679443
2023-11-17,1.236854476418495,1.0373719940167994
2023-11-20,1.245805253450819,1.045357266137384
2023-11-21,1.2434682864653674,1.0430790472903009
2023-11-22,1.2461202802284634,1.0471062018179733
2023-11-24,1.2404358246478708,1.047750546542401
2023-11-27,1.2402805609659413,1.0458635369922917
2023-11-28,1.242559149267593,1.0468990910136933
2023-11-29,1.2378245846667282,1.046162697042919
2023-11-30,1.2320170750280959,1.050281900816938
2023-12-01,1.2299072551323968,1.056495224945347
2023-12-04,1.218961004202381,1.0509492578529525
2023-12-05,1.2262026922880562,1.0507421470486722
2023-12-06,1.2203412148041743,1.0465078817167195
2023-12-07,1.2353012934011551,1.0544931538373041
2023-12-08,1.2400492846636042,1.0590265792198836
2023-12-11,1.23159136364579,1.0631457829939026
2023-12-12,1.2400611519221312,1.068001380738696
2023-12-13,1.2446282198431833,1.0827292601541834
2023-12-14,1.2398955528338276,1.0862041192037748
2023-12-15,1.2433495679371498,1.0800368196985395
2023-12-18,1.2523245803744432,1.086112069957428
2023-12-19,1.2555122061579993,1.0927166033828106
2023-12-20,1.2495503683945646,1.0775745023587626
2023-12-21,1.2571626155341642,1.087791968703257
2023-12-22,1.2566016078585038,1.0899781383039933
2023-12-26,1.2582490918863838,1.094580600621333
2023-12-27,1.2583966407757823,1.096559659417789
2023-12-28,1.2600264530124143,1.0969738810263496
2023-12-29,1.2576618608877534,1.0937981820273852
2024-01-02,1.2438170144548915,1.0876769071453234
2024-01-03,1.2409677360001643,1.0787941548728577
2024-01-04,1.2391817196976533,1.075319295823266
2024-01-05,1.2424750160975215,1.0767920837648148
2024-01-08,1.261517859461229,1.0921643079047296
2024-01-09,1.2654393673730835,1.0905074214704873
2024-01-10,1.2772594457299915,1.0966747209757226
2024-01-11,1.2778358958011438,1.096191462432402
2024-01-12,1.2811787259086158,1.0969508687147629
2024-01-16,1.2820366839852286,1.0929237141870907
2024-01-17,1.280500878660331,1.0868484639282021
2024-01-18,1.2932105598774624,1.0965136347946156
2024-01-19,1.3079823991311879,1.1101829478771146
2024-01-22,1.3084233468509174,1.1125302036589577
2024-01-23,1.312522939026859,1.1157749395926824
2024-01-24,1.3197558770633353,1.1169945921067774
2024-01-25,1.3247419731522894,1.123069842365666
2024-01-26,1.3204960812023179,1.1216430790472909
2024-01-29,1.330835701092992,1.1305258313197564
2024-01-30,1.3282634885400122,1.1296513634794618
2024-01-31,1.3053966243560018,1.1112185018985161
2024-02-01,1.3162203579840435,1.1257622828213096
2024-02-02,1.3508554843998852,1.1376136232884597
2024-02-05,1.3527652810283517,1.133471407202854
2024-02-06,1.351370138763331,1.1367621677597521
2024-02-07,1.3644896513129312,1.1462432401334721
2024-02-08,1.3616590055162894,1.1467495109883796
2024-02-09,1.3712542045139953,1.153377056725349
2024-02-12,1.3669217423667066,1.1528707858704417
2024-02-13,1.3581967359832243,1.1369922908756194
2024-02-14,1.3670337982670795,1.1473248187780472
2024-02-15,1.3654383755075525,1.1552410539638716
2024-02-16,1.3573672833248815,1.149487976067197
2024-02-20,1.349305041232433,1.143159590380855
2024-02-21,1.347014440142802,1.1441951444022564
2024-02-22,1.3822830299421611,1.1678748130249696
2024-02-23,1.3802455984336648,1.1686802439305042
2024-02-26,1.3725807590449897,1.1643999539753782
2024-02-27,1.3752252003477279,1.1665631112645278
2024-02-28,1.3706470986599764,1.165021286388219
2024-02-29,1.376799543867696,1.1692095270969982
2024-03-01,1.3841349717160727,1.1801863997238538
2024-03-04,1.3793784884625766,1.1789207225865852
2024-03-05,1.3695094492695226,1.1671384190541954
2024-03-06,1.373541677523698,1.173052583131977
2024-03-07,1.3878661468492055,1.1846968127948465
2024-03-08,1.3811606004473296,1.1775860085145566
2024-03-11,1.3761236748066301,1.1765734668047418
2024-03-12,1.396191946852503,1.1892302381774262
2024-03-13,1.3937325207094138,1.1873662409389039
2024-03-14,1.3968583335683828,1.1850189851570605
2024-03-15,1.3881787603548499,1.1732366816246704
2024-03-18,1.4008443836636675,1.1802094120354403
2024-03-19,1.4056960238119143,1.1867679208376494
2024-03-20,1.4153375215477628,1.1977447934645047
2024-03-21,1.4127983636055275,1.2017029110574171
2024-03-22,1.4176097224185293,1.1994246922103338
2024-03-25,1.412286503256155,1.196110919341849
2024-03-26,1.405858087404148,1.193901737429526
2024-03-27,1.40415443299894,1.2039351052813267
2024-03-28,1.4005023461276287,1.20370498216546
2024-04-01,1.4058532097994816,1.2016108618110701
2024-04-02,1.4034858830194108,1.1939707743642862
2024-04-03,1.4052082151267704,1.1952824761247278
2024-04-04,1.394979137721847,1.180692670578761
2024-04-05,1.4088513932718174,1.1930272695892314
2024-04-08,1.4066210980065763,1.1936946266252457
2024-04-09,1.4057898477018793,1.1950753653204478
2024-04-10,1.405280396533512,1.1831089632953642
2024-04-11,1.4223807073311434,1.1920377401910032
2024-04-12,1.4137607729704225,1.1755839374065136
2024-04-15,1.3969535559772792,1.160856057991026
2024-04-16,1.3964141150138867,1.1587389253250497
2024-04-17,1.3893665487996152,1.1518812564722136
2024-04-18,1.3890306808511335,1.1495109883787835
2024-04-19,1.3645101158438682,1.139477620526983
2024-04-22,1.3747356092433685,1.1499712346105175
2024-04-23,1.388994348246053,1.1636175353814298
2024-04-24,1.3872251055107443,1.1630652399033492
2024-04-25,1.3730072246902343,1.158646876078703
2024-04-26,1.3967710481766222,1.1696237487055583
2024-04-29,1.3897475345500134,1.173765964791164
2024-04-30,1.3759537395612609,1.1551720170291113
2024-05-01,1.3749364125125811,1.1514210102404794
2024-05-02,1.3863115549706144,1.1621907720630544
2024-05-03,1.40579751961535,1.1765964791163281
2024-05-06,1.4187945549164371,1.1887469796341052
2024-05-07,1.4207660972058418,1.1900586813945468
2024-05-08,1.4213482685487844,1.1901737429524804
2024-05-09,1.4227425848214623,1.1970314118053165
2024-05-10,1.4244033374167362,1.1985732366816255
2024-05-13,1.4246581921077934,1.1987343228627323
2024-05-14,1.4291643598284645,1.2042342653319533
2024-05-15,1.4442740185875096,1.2191462432401343
2024-05-16,1.4414220617238331,1.2166379012771842
2024-05-17,1.4396722301838363,1.218386836957773
2024-05-20,1.4446390534521403,1.2197905879645614
2024-05-21,1.445879239766382,1.2227821884708323
2024-05-22,1.4442841179589923,1.2192613047980676
2024-05-23,1.449640471535349,1.2103555402140151
2024-05-24,1.4615245980658877,1.2183638246461865
2024-05-28,1.4711801922309988,1.2192152801748941
2024-05-29,1.4690441923163335,1.2106777125762291
2024-05-30,1.4558122552494739,1.2026464158324712
2024-05-31,1.4564148435967508,1.2136002761477398
2024-06-03,1.466651831962559,1.2145898055459676
2024-06-04,1.4709208682547534,1.215947531929583
2024-06-05,1.4896810989920082,1.2303992636060297
2024-06-06,1.4891818328475848,1.2303762512944432
2024-06-07,1.4893704670508294,1.2288804510413078
2024-06-10,1.4904342156217667,1.232677482453113
2024-06-11,1.5038715106943965,1.2356460706477972
2024-06-12,1.5149408315719217,1.2457945000575312
2024-06-13,1.5179859671573912,1.2483028420204816
2024-06-14,1.5207545195594587,1.2490622483028424
2024-06-17,1.5258891579963865,1.2590035669082964
2024-06-18,1.5262424320964132,1.2622022782188476
2024-06-20,1.5210836221942303,1.2587734437924294
2024-06-21,1.5161101384415616,1.2530433782073414
2024-06-24,1.5076354200396598,1.2489701990564956
2024-06-25,1.524891644047647,1.2537797721781159
2024-06-26,1.5291982303964493,1.2553446093660112
2024-06-27,1.5265195015716828,1.2573236681624673
2024-06-28,1.5125720814070875,1.252376021171327
2024-07-01,1.5220671208594048,1.2549534000690374
2024-07-02,1.5292790430116316,1.2633989184213559
2024-07-03,1.5383022554502106,1.2690369347600974
2024-07-05,1.5540253653205942,1.2763548498446675
2024-07-08,1.5510587260014599,1.2778276377862163
2024-07-09,1.552784449214039,1.2790703026118981
2024-07-10,1.5634200035992123,1.2917270739845825
2024-07-11,1.537111086312192,1.2805891151766202
2024-07-12,1.5382062887284793,1.2886664365435514
2024-07-15,1.5417556518461448,1.2922103325279028
2024-07-16,1.534668517816335,1.2998734322862737
2024-07-17,1.5104949653380118,1.2816476815096083
2024-07-18,1.510093584647848,1.271798412150501
2024-07-19,1.5036161045659961,1.2633528937981826
2024-07-22,1.5198254716579,1.276377862156254
2024-07-23,1.5189106972451965,1.2743757910482112
2024-07-24,1.47832027244783,1.2454953400069042
2024-07-25,1.4647032447350872,1.239005868139455
2024-07-26,1.4750060703606025,1.2528822920262344
2024-07-29,1.4771424517503167,1.2536186859970087
2024-07-30,1.466965483033532,1.2472672879990798
2024-07-31,1.491469242337706,1.2675411345069614
2024-08-01,1.4855066254469353,1.2495915314693364
2024-08-02,1.4752122049004717,1.2263260844551838
2024-08-05,1.4395901513709473,1.1906109768726272
2024-08-06,1.45047796360387,1.2015878494994825
2024-08-07,1.4428750699931168,1.1935565527557246
2024-08-08,1.4654232607744744,1.2211483143481765
2024-08-09,1.471836952014737,1.2265331952594642
2024-08-12,1.4770807384313953,1.2271775399838916
2024-08-13,1.49645318293681,1.2473593372454264
2024-08-14,1.496889863000669,1.251294442526752
2024-08-15,1.51287006412019,1.2727419169255556
2024-08-16,1.5140080436153551,1.2755954435623063
2024-08-19,1.5245849473898658,1.2877919687032569
2024-08-20,1.5236339990155674,1.2856978483488672
2024-08-21,1.5260296120137549,1.2901162121735132
2024-08-22,1.5136278547160595,1.2799907950753657
2024-08-23,1.52240989813768,1.2935910712231047
2024-08-26,1.5171936497631255,1.2905074214704868
2024-08-27,1.5194750787555227,1.2922793694626626
2024-08-28,1.5112182453754344,1.2847773558853988
2024-08-29,1.5071879756650841,1.2848924174433323
2024-08-30,1.5136433934831703,1.2971579795190427
2024-09-03,1.4863778159075947,1.270463698078472
2024-09-04,1.4830523020288016,1.2678633068691751
2024-09-05,1.486105663731629,1.2647796571165575
2024-09-06,1.467069737781873,1.243493268898861
2024-09-09,1.475850262795735,1.2574157174088139
2024-09-10,1.4802720576217339,1.2628926475664481
2024-09-11,1.500154482126607,1.2758485789897598
2024-09-12,1.5122354424347935,1.2865953285007483
2024-09-13,1.5165539064831495,1.2933149234840644
2024-09-16,1.5144781388205688,1.2952249453457603
2024-09-17,1.5171167641277343,1.2957542285122543
2024-09-18,1.5148462441270834,1.2919111724772754
2024-09-19,1.5348105053101764,1.313956966977333
2024-09-20,1.532567830604909,1.3076746059141642
2024-09-23,1.5324191769477187,1.3109423541594754
2024-09-24,1.5294136779034282,1.3146933609481073
2024-09-25,1.5318516499594883,1.3117938096881832
2024-09-26,1.5350784564010944,1.3169945921067772
2024-09-27,1.533864406442499,1.3150845702450813
2024-09-30,1.540950112698895,1.3203543895984353
2024-10-01,1.5314408098957195,1.3085260614428722
2024-10-02,1.5306482623007713,1.309078356920953
2024-10-03,1.5371270276948832,1.3066850765159364
2024-10-04,1.5451298441698755,1.3185594292946727
2024-10-07,1.5342124972929152,1.3066390518927626
2024-10-08,1.5486361555090382,1.3189966632148198
2024-10-09,1.5500209082308325,1.3281325509147393
2024-10-10,1.5503504294586274,1.3258083074444826
2024-10-11,1.55236044524808,1.3337475549418938
2024-10-14,1.5626209175337396,1.344655390633989
2024-10-15,1.5557809080088292,1.3342078011736276
2024-10-16,1.5599024836107351,1.3400069036934756
2024-10-17,1.5611976760115687,1.3401219652514094
2024-10-18,1.5651641367884737,1.3452767230468299
2024-10-21,1.5708394787138893,1.3430675411345065
2024-10-22,1.5751447542651724,1.342354159475319
2024-10-23,1.5591843869067008,1.3300885973996084
2024-10-24,1.5607596951195004,1.3329651363479458
2024-10-25,1.566702440552109,1.3325048901162118
2024-10-28,1.570273793051215,1.3366240938902312
2024-10-29,1.5784928994031393,1.3387872511793808
2024-10-30,1.5826610804865033,1.3347370843401218
2024-10-31,1.5543146708618971,1.3085720860660452
2024-11-01,1.5572719408858227,1.314095040846853
2024-11-04,1.5537747157062303,1.3112645265216891
2024-11-05,1.5643391266913522,1.327120009204925
2024-11-06,1.5861955518619255,1.3601196640202509
2024-11-07,1.602815867131701,1.3706362904153722
2024-11-08,1.5985252459763866,1.3765734668047407
2024-11-11,1.5942186847878188,1.3778851685651825
2024-11-12,1.6001896751555722,1.3736048786100565
2024-11-13,1.5957664351381289,1.374272235646071
2024-11-14,1.5948159388335748,1.3654355079967786
2024-11-15,1.575339812363358,1.3479461511908875
2024-11-18,1.5794662424170487,1.353469105971695
2024-11-19,1.5918806015617668,1.3584167529628353
2024-11-20,1.5875555766805065,1.3588769991945693
2024-11-21,1.5804704059277574,1.3661719019675527
2024-11-22,1.574368762058479,1.3704061672995052
2024-11-25,1.5765288517833835,1.3750546542400182
2024-11-26,1.5851738768287882,1.382234495455068
2024-11-27,1.5819190720476464,1.378046254746289
2024-11-29,1.5881829419553137,1.3866068346565408
2024-12-02,1.6006878314448347,1.3890921643079042
2024-12-03,1.6080084592867807,1.3897365090323317
2024-12-04,1.6170354984116562,1.3983661258773437
2024-12-05,1.6156413484261198,1.3960648947186738
2024-12-06,1.619640789124716,1.3987113105511442
2024-12-09,1.615742919712081,1.3915084570245073
2024-12-10,1.6234194705810676,1.3871821424462079
2024-12-11,1.6421129593172639,1.3979058796456096
2024-12-12,1.638011729469111,1.3907030261189728
2024-12-13,1.6297063487855399,1.3904268783799323
2024-12-16,1.6375956464877028,1.3963640547693004
2024-12-17,1.637205817361602,1.3906109768726256
2024-12-18,1.6107361198496697,1.349165803704981
2024-12-19,1.6160166176709327,1.3487515820964207
2024-12-20,1.6246209901573814,1.3603727994477033
2024-12-23,1.6366075042238541,1.3685191577493947
2024-12-24,1.6454372804781545,1.3837302957082025
2024-12-26,1.6437525734103677,1.3838223449545495
2024-12-27,1.6313554679001605,1.369255551720169
2024-12-30,1.622661908498278,1.3536301921528007
2024-12-31,1.6140137829038477,1.3487055574732472
2025-01-02,1.6164416959606276,1.3453917846047625
2025-01-03,1.6283528010979187,1.3622137843746396
2025-01-06,1.646201757893939,1.3700609826257037
2025-01-07,1.6277247260573546,1.3545736969278555
2025-01-08,1.6262443194516998,1.3565527557243116
2025-01-10,1.613114086947348,1.3358416752962825
2025-01-13,1.6047128611410628,1.3379127833390854
2025-01-14,1.5981711458956265,1.3397537682660214
2025-01-15,1.6244891393403142,1.3641238062363352
2025-01-16,1.6114427410033667,1.3615004027154516
2025-01-17,1.6229939379873646,1.3751697157979508
2025-01-21,1.6258723467805447,1.3877574502358747
2025-01-22,1.6420198894325448,1.3955586238637658
2025-01-23,1.6474535408081201,1.4031756989989632
2025-01-24,1.6464383127023652,1.3990795075365308
2025-01-27,1.6198147614091354,1.3792889195719698
2025-01-28,1.6500120002319074,1.3911402600391198
2025-01-29,1.6438013060868404,1.3849039235991245
2025-01-30,1.6443204801236215,1.3923369002416284
2025-01-31,1.6399057353301616,1.3849269359107115
2025-02-03,1.6301552369461279,1.3756069497180983
2025-02-04,1.6418397779933074,1.3848348866643645
2025-02-05,1.6407981761813533,1.390449890691519
2025-02-06,1.6480358228302758,1.3952824761247258
2025-02-07,1.639027684816087,1.3825106431941077
2025-02-10,1.6475282883677789,1.3918996663214809
2025-02-11,1.649089336189732,1.3929582326544687
2025-02-12,1.6491930721151589,1.3884708318950627
2025-02-13,1.662596803597933,1.4031296743757897
2025-02-14,1.6681671840016703,1.4030606374410297
2025-02-18,1.6648477091158518,1.407179841215049
2025-02-19,1.6647375704087746,1.4104936140835334
2025-02-20,1.662133649082509,1.4046254746289253
2025-02-21,1.6447795682403188,1.3806006213324118
2025-02-24,1.6359812290121507,1.374318260269243
2025-02-25,1.6243547841548733,1.3674836037279934
2025-02-26,1.627376338171092,1.3681739730755942
2025-02-27,1.604266890175193,1.346335289379817
2025-02-28,1.621996481936732,1.3673455298584731
2025-03-03,1.5963166890074627,1.3433897134967197
2025-03-04,1.5936186873380025,1.3274882061903108
2025-03-05,1.6060818038574414,1.341755839374064
2025-03-06,1.5844228083909877,1.317938096881831
2025-03-07,1.5896634282741873,1.3253250489011612
2025-03-10,1.554082709243586,1.2900241629271654
2025-03-11,1.5485409273797652,1.2793004257277636
2025-03-12,1.5630342042765646,1.2860890576458397
2025-03-13,1.5432349658277802,1.2689448855137488
2025-03-14,1.5656961493093298,1.295155908410999
2025-03-17,1.56296223384202,1.3051432516396264
2025-03-18,1.5461519818995284,1.29103670463698
2025-03-19,1.5579154729958773,1.305097227016453
2025-03-20,1.5573717468464068,1.3013232079162342
2025-03-21,1.56294439019096,1.2978483488666428
2025-03-24,1.5827337939946766,1.3210907835692087
2025-03-25,1.5894670960927044,1.3242664825681734
2025-03-26,1.5684035640470901,1.3084570245081113
2025-03-27,1.564985172490801,1.3049821654585199
2025-03-28,1.5373967318285606,1.2787021056265095
2025-03-31,1.5406620660218227,1.2872856978483482
2025-04-01,1.5494981105491967,1.2909216430790467
2025-04-02,1.549746569867595,1.2990910136923248
2025-04-03,1.498725754080996,1.2350707628581288
2025-04-04,1.449393684127403,1.1627660798527206
2025-04-07,1.4523353458800803,1.1606949718099178
2025-04-08,1.436916843039484,1.1425152456564256
2025-04-09,1.5420581740476484,1.2625014382694735
2025-04-10,1.5047279327507703,1.2071798412150494
2025-04-11,1.5250055319609432,1.2287193648601997
2025-04-14,1.5270198570187865,1.2406397422621098
2025-04-15,1.5229291904073416,1.2371648832125182
2025-04-16,1.4918137708851231,1.2096651708664128
2025-04-17,1.4852374932669659,1.2113910942354154
2025-04-21,1.4605701653505243,1.1825566678172819
2025-04-22,1.4842201702770088,1.2133241284086982
2025-04-23,1.5066381192334577,1.232125186975031
2025-04-24,1.5273268972639,1.2580600621332407
2025-04-25,1.542067381344512,1.2671499252099865
2025-04-28,1.5398492302043474,1.2676331837533072
2025-04-29,1.544675398482627,1.2756184558738917
2025-04-30,1.5449174013115878,1.2761247267287987
2025-05-01,1.5676860117089797,1.2851685651823717
2025-05-02,1.5807500989811807,1.3042457714877451
2025-05-05,1.5765908236092738,1.296766770222068
2025-05-06,1.5706236900021007,1.2859279714647327
2025-05-07,1.5660350948395345,1.291335864687607
2025-05-08,1.5728264903293583,1.3003336785180062
2025-05-09,1.5705502887419542,1.298676792083764
2025-05-12,1.6105580376980086,1.3415947531929573
2025-05-13,1.625933060767706,1.3504544931538365
2025-05-14,1.6399156571312992,1.3521804165228388
2025-05-15,1.636288256974371,1.3587849499482214
2025-05-16,1.6396911888690917,1.3673915544816468
2025-05-19,1.6411823794047522,1.3688873547347824
2025-05-20,1.634436372324601,1.3642848924174427
2025-05-21,1.6262493894638024,1.3412955931423305
2025-05-22,1.6299424298052994,1.3418248763088247
2025-05-23,1.6153599307120816,1.3326659762973185
2025-05-27,1.6381824388980752,1.360372799447704
2025-05-28,1.636420883426766,1.352502588885053
2025-05-29,1.6426594360940774,1.357841445173167
2025-05-30,1.641052554860527,1.356322632608445
2025-06-02,1.6481371179110798,1.3639627200552291
2025-06-03,1.6507365329296564,1.3717408813715335
2025-06-04,1.6591771047222221,1.371372684386146
2025-06-05,1.6554593701958316,1.3647451386491767
2025-06-06,1.6706008616557233,1.3787596364054764
2025-06-09,1.6703411919413746,1.380002301231158
2025-06-10,1.6781416319529596,1.3878264871706356
2025-06-11,1.672496517191306,1.3838683695777234
2025-06-12,1.6748951458561612,1.3893683120469444
2025-06-13,1.656653965248336,1.3738350017259227
2025-06-16,1.6702334899208635,1.3869059947071676
2025-06-17,1.6662038762627838,1.3750546542400177
2025-06-18,1.6587110374226992,1.3748475434357377
2025-06-20,1.6495391627991325,1.3675756529743406
2025-06-23,1.6579114800770616,1.3810838798757328
2025-06-24,1.6706727763351872,1.396341042457714
2025-06-25,1.679374347710668,1.3971234610516619
2025-06-26,1.6883580934264584,1.4080543090553437
2025-06-27,1.6983058164025042,1.4150500517777
2025-06-30,1.7042372486229356,1.4218156713841896
2025-07-01,1.695407183491982,1.4213554251524556
2025-07-02,1.7036165538810701,1.4277988723967314
2025-07-03,1.7133989278350854,1.439051892762627
2025-07-07,1.7054672342603279,1.428328155563225
2025-07-08,1.704295754949398,1.4275457369692774
2025-07-09,1.7167032913483122,1.4361063168795292
2025-07-10,1.7170844599755686,1.4401564837187886
2025-07-11,1.7140497469401705,1.4350937751697148
2025-07-14,1.7143717958954017,1.4378322402485317
2025-07-15,1.7186724092274233,1.4316879530548832
2025-07-16,1.7205886010319147,1.4364745138649169
2025-07-17,1.724180278246011,1.4452652168910358
2025-07-18,1.7256437392002721,1.4442066505580478
2025-07-21,1.733106385513678,1.4469451156368647
2025-07-22,1.7284561531272187,1.447152226441145
2025-07-23,1.734884449344766,1.459463813140029
2025-07-24,1.740464159459167,1.4599470716833494
2025-07-25,1.7430762246066582,1.4661143711885847
2025-07-28,1.7458475824980964,1.4657461742031976
2025-07-29,1.7392093524089725,1.461880105856632
2025-07-30,1.7405879135507252,1.4600391209296961
2025-07-31,1.7569205417227236,1.4545621907720618
2025-08-01,1.7353355650436502,1.4307214359682419
2025-08-04,1.758184697927566,1.452468070417672
2025-08-05,1.7482858412361368,1.4451041307099286
2025-08-06,1.7612359835950813,1.4561730525831307
2025-08-07,1.7609026558765342,1.4549534000690356
2025-08-08,1.7784620728611913,1.4662984696812782
2025-08-11,1.774609077899098,1.463398918421354
2025-08-12,1.7876654776626082,1.4789782533655496
2025-08-13,1.785783559570608,1.4840409619146233
2025-08-14,1.7891542736077852,1.4841790357841436
2025-08-15,1.7870282208943225,1.4807041767345521
2025-08-18,1.7818963087629778,1.4803820043723381
2025-08-19,1.7679746733978146,1.4723507076285802
2025-08-20,1.7610564132903586,1.4684386146588415
2025-08-21,1.7576350366321645,1.4625474628926465
2025-08-22,1.7756820128634787,1.4850074790012646
2025-08-25,1.7770281393936125,1.4784719825106423
2025-08-26,1.7799727375609995,1.4846622943274643
2025-08-27,1.780643725496939,1.488045104130709
2025-08-28,1.7858362409658717,1.4933149234840628
2025-08-29,1.7779962204327984,1.4844091589000104
2025-09-02,1.7694730995462602,1.4734092739615685
2025-09-03,1.792146828855495,1.4813945460821532
2025-09-04,1.799000856351551,1.4937751697157973
2025-09-05,1.7889505187238401,1.4894488551374978
2025-09-08,1.7888943479539965,1.493107812679783
2025-09-09,1.7969015786840972,1.4965596594177877
2025-09-10,1.792300895604409,1.5008859739960871
2025-09-11,1.7981542511617636,1.5133586468760778
2025-09-12,1.804209915116113,1.5128523760211703
2025-09-15,1.8175703155219007,1.520906685076515
2025-09-16,1.8171386758008325,1.5188125647221253
2025-09-17,1.8148172892107002,1.516925555172016
2025-09-18,1.8182752251864298,1.5240133471407193
2025-09-19,1.8307231162631987,1.5273271200092042
2025-09-22,1.8409069082010863,1.5345529858474276
2025-09-23,1.82726430311207,1.526199516741456
2025-09-24,1.8227588994613226,1.5213439189966624
2025-09-25,1.819975541885093,1.514325163962719
2025-09-26,1.8216316066562843,1.5230008054309048
2025-09-29,1.8251786015629408,1.5272810953860305
2025-09-30,1.8288233631457231,1.533034173282705
2025-10-01,1.8311424551170155,1.538257968012886
2025-10-02,1.8344907194692335,1.5400299160050617
2025-10-03,1.8322153721498222,1.540006903693475
2025-10-06,1.8377786474449218,1.5455298584742827
2025-10-07,1.8333009524028603,1.5397997928891947
2025-10-08,1.83836160676311,1.5489817052122874
2025-10-09,1.8374736790800588,1.5444943044528812
2025-10-10,1.8068681675149556,1.5027499712346095
2025-10-13,1.8223841986201932,1.5258083074444817
2025-10-14,1.816412965022068,1.5239443102059593
2025-10-15,1.822066625274747,1.530709929812449
2025-10-16,1.815823310095208,1.5202853526636744
2025-10-17,1.8270565993492651,1.5289149695086865
2025-10-20,1.8417431064368646,1.5448164768150954
2025-10-21,1.8384816105581046,1.5447934645035089
2025-10-22,1.8356734948162359,1.536762167759751
2025-10-23,1.839696954704503,1.5458750431480839
2025-10-24,1.8534152956948666,1.5585088022091815
2025-10-27,1.8747158421681889,1.576895639166954
2025-10-28,1.885816051207722,1.5810838798757332
2025-10-29,1.8934299882139138,1.5818432861580942
2025-10-30,1.8716696229154746,1.56444597859855
2025-10-31,1.8606468741497926,1.5695777240823838
2025-11-03,1.8600429851794438,1.5725232999654812
2025-11-04,1.8477405485262162,1.553883327580255
2025-11-05,1.8488547155917,1.5592682084915426
2025-11-06,1.8325790197959695,1.5425382579680122
2025-11-07,1.828349942171016,1.5440570705327343
2025-11-10,1.8516364227618127,1.568150960764008
2025-11-11,1.852739459476592,1.571740881371533
2025-11-12,1.845107847155995,1.5726153492118278
2025-11-13,1.829520206166164,1.5465193878725112
2025-11-14,1.8300340704084448,1.5462662524450577
2025-11-17,1.8236891074223358,1.5318605453917842
2025-11-18,1.8099098138616037,1.5189966632148197
2025-11-19,1.817870423050356,1.5248648026694276
2025-11-20,1.8052573058841923,1.5016223679668617
2025-11-21,1.8145314553130596,1.5165803704982157
2025-11-24,1.8387754167968449,1.5389023127373136
2025-11-25,1.8481254558409357,1.553377056725347
2025-11-26,1.8510529320715978,1.5641007939247487
2025-11-28,1.8555357432319826,1.572638361523414
2025-12-01,1.852245089545082,1.565458520308364
2025-12-02,1.8587121653690535,1.5683580715682879
2025-12-03,1.851241559249155,1.573788977102749
2025-12-04,1.8575937833094942,1.5749395926820837
2025-12-05,1.863783207059087,1.5779311931883548
2025-12-08,1.8608714661215444,1.5731906570014949
2025-12-09,1.859316559904824,1.5718329306178795
2025-12-10,1.8538182062782875,1.5822575077666543
2025-12-11,1.8596420500699504,1.585939477620526
2025-12-12,1.8492025632408697,1.5688873547347821
2025-12-15,1.846273389218543,1.5665170866413523
2025-12-16,1.8493910848624002,1.5622367966862263
2025-12-17,1.8326478553895293,1.5450465999309622
2025-12-18,1.8472964886428036,1.5567138419054185
2025-12-19,1.858811603560798,1.5661949142791383
2025-12-22,1.8630452254436982,1.5759521343918985
2025-12-23,1.8742377864213833,1.5831549879185354
2025-12-24,1.8765039365021607,1.5887239673225164
2025-12-26,1.8764006368819186,1.5885628811414094
2025-12-29,1.8728214120240796,1.5829018524910816
2025-12-30,1.873509345646485,1.580968818317799
2025-12-31,1.866755715860393,1.5692555517201692
2026-01-02,1.8609557150849978,1.5721320906685063
2026-01-05,1.8646116765298424,1.5826026924404544
2026-01-06,1.8637931756829256,1.592014727879414
2026-01-07,1.8663192925234824,1.5868829823955803
2026-01-08,1.858973615450328,1.5867218962144733
2026-01-09,1.8618586219530056,1.5972155102980083
2026-01-12,1.857171084454021,1.5997238522609583
2026-01-13,1.8473842249987131,1.596525140950407
2026-01-14,1.836130298709643,1.588677942699343
2026-01-15,1.8368334420109989,1.5930042572776424
2026-01-16,1.834114067811759,1.5916695432056138
2026-01-20,1.8081741898413963,1.559268208491542
2026-01-21,1.8156528877448577,1.5772638361523403
2026-01-22,1.8318828878368256,1.5855022437003787
2026-01-23,1.8416350143696971,1.586077551490046
2026-01-26,1.8551337262639076,1.5941318605453905
2026-01-27,1.862064379742195,1.6004832585433195
2026-01-28,1.864624074857499,1.6003221723622125
2026-01-29,1.8713813662513958,1.597146473363248
2026-01-30,1.858799496930063,1.5923829248648016
2026-02-02,1.8651478333784905,1.6002991600506258
2026-02-03,1.8461939014809157,1.5867679208376468
2026-02-04,1.837323258825463,1.5790818087676897
2026-02-05,1.8248502885720852,1.5593602577378887
2026-02-06,1.8379065503666117,1.5892762628005974
2026-02-09,1.8473518783923557,1.5969393625589683
2026-02-10,1.841763744704771,1.5927281095386023
2026-02-11,1.8364041314955315,1.592359912553215
2026-02-12,1.8148742701154956,1.5677597514670338
2026-02-13,1.796925868411839,1.5688643424231956
2026-02-17,1.803249646091274,1.5713956966977327
2026-02-18,1.8097981145788442,1.579311931883557
2026-02-19,1.8061654808742458,1.5751467034863644
2026-02-20,1.8209858158000392,1.5865377977217803
2026-02-23,1.8033709861881533,1.5703371303647444
2026-02-24,1.8110622981574682,1.581751236911747
2026-02-25,1.828268369362777,1.5950983776320324
2026-02-26,1.8182706023877004,1.5862386376711533
2026-02-27,1.8035742394935144,1.578621562535956
2026-03-02,1.8103644199348718,1.5795190426878374
2026-03-03,1.8086753663912603,1.5655965941778847
2026-03-04,1.814178404030208,1.5766425037395
2026-03-05,1.811757870030684,1.5678518007133808
2026-03-06,1.7971846823378619,1.5473018064664588
2026-03-09,1.8081005194567317,1.5608560579910242
2026-03-10,1.8105249259131555,1.558347716028074
2026-03-11,1.8094492223229426,1.5563916695432047
2026-03-12,1.793436413441515,1.5327580255436648
2026-03-13,1.7773078151917927,1.5240823840754794
2026-03-16,1.791136631960625,1.5395926820849142
2026-03-17,1.791440541146666,1.5436428489241734
2026-03-18,1.774885650928024,1.522103325279023
2026-03-19,1.7688917350538238,1.518352318490391
2026-03-20,1.753627142550952,1.4925094925785285
2026-03-23,1.7644491528620112,1.50818087676907
2026-03-24,1.7496165745594188,1.503118168219996
2026-03-25,1.7543034711437429,1.5114946496375548
2026-03-26,1.7264006828468699,1.484501208146357
2026-03-27,1.7001196566142995,1.4591876654009883
2026-03-30,1.7024310541905041,1.454309055344608
2026-03-31,1.7420556276393881,1.496582671729374
2026-04-01,1.7499048658076026,1.5078587044068563
2026-04-02,1.752505201947806,1.5092164307904716
2026-04-06,1.7577908763864654,1.516350247382348
2026-04-07,1.7577078056928315,1.5170176044183623
2026-04-08,1.7869978165227625,1.5556552755724296
2026-04-09,1.7939104020819594,1.564630077091242
2026-04-10,1.794836781283532,1.5635945230698407
2026-04-13,1.8071800630673427,1.5788746979634087
2026-04-14,1.8324144172106698,1.5981129904498892
2026-04-15,1.8549286245394145,1.6107237371994
2026-04-16,1.856711931276671,1.614681854792312
2026-04-17,1.8725138353668318,1.6341962950178326
2026-04-20,1.8641549089325107,1.6309285467725214
2026-04-21,1.8547981476990647,1.6202508341962931
2026-04-22,1.871547687736697,1.6366586123576095
2026-04-23,1.8563384718831304,1.6303072143596806
2026-04-24,1.8737470114410903,1.6429409734207783
2026-04-27,1.8829093638846741,1.645771487745942
2026-04-28,1.8815893644202517,1.637763203313771
2026-04-29,1.8903100684451903,1.6375100678863175
2026-04-30,1.8754309750112856,1.6538027844897
2026-05-01,1.8816722774912311,1.6583822344954533
2026-05-04,1.8779196198632577,1.6523069842365647
2026-05-05,1.8780993174889729,1.6655620757105034
2026-05-06,1.8966927017817248,1.6887124611667226
2026-05-07,1.905392880877052,1.6835346910597153
2026-05-08,1.9076160983509451,1.6974341272580813
2026-05-11,1.9038723783156741,1.7013001956046465
2026-05-12,1.9062406670513432,1.6987228167069361
2026-05-13,1.9196869235506988,1.7082269013922426
2026-05-14,1.9303527512538194,1.721712115982048
2026-05-15,1.9276936122230548,1.701001035554019
2026-05-18,1.9275464617428464,1.6998043953515107
2026-05-19,1.9157401149426412,1.6884823380508551
2026-05-20,1.9235302551783506,1.7057875963640525
2026-05-21,1.9213958672469873,1.7091704061672972
2026-05-22,1.917378770685559,1.7158900011506133
2026-05-26,1.9176916673194062,1.7272810953860294
2026-05-27,1.9232598684227329,1.7269819353354023
2026-05-28,1.9311876541082293,1.7365090323322956
2026-05-29,1.9336575190927514,1.7408353469105948
2026-06-01,1.9327184591895872,1.7455758830974546
2026-06-02,1.9179682724178866,1.747946151190885
2026-06-03,1.9061226874154495,1.7356805891151743
2026-06-04,1.9229114150717561,1.7422390979173836
2026-06-05,1.8943091804360792,1.6972730410769739
2026-06-08,1.8847928955856326,1.7011160971119526
2026-06-09,1.8774416114089332,1.6961224254976386
2026-06-10,1.859453579380516,1.6693821194338945
2026-06-11,1.8604775196403205,1.6977562996202944
2026-06-12,1.860588139539685,1.7069382119433871
2026-06-15,1.8881327236259169,1.7370383154987894
2026-06-16,1.89203115744643,1.7266827752847749
2026-06-17,1.8648496254888798,1.705120239328038
2026-06-18,1.8750047224643118,1.71842135542515
2026-06-22,1.8535076930318595,1.7130134622022757
2026-06-23,1.8464578445035507,1.6881371533770544
2026-06-24,1.8409641172785651,1.6873547347831066
2026-06-25,1.8148227014412124,1.6897940398112963
2026-06-26,1.8295034338799825,1.6775745023587592
2026-06-29,1.8435878727775508,1.7052122885743843
2026-06-30,1.8579386945838283,1.7184903923599093
2026-07-01,1.8858738293613444,1.7161661488896527
2026-07-02,1.891208807228375,1.713910942354156
2026-07-06,1.8987571408955384,1.7288689448855104
2026-07-07,1.9022061484034907,1.720653549649059
2026-07-08,1.89924445058449,1.7153377056725314
2026-07-09,1.9075514572403873,1.7298584742837384
2026-07-10,1.9251882967433145,1.737314463237829
2026-07-13,1.9214707592382392,1.7240133471407169
2026-07-14,1.9286416497334233,1.7301346220227791
2026-07-15,1.9528527467830064,1.736992290875615
2026-07-16,1.9466072691923513,1.7275802554366555
2026-07-17,1.9267787382301484,1.710482107927738
