date,close
2021-07-22,0.002094120354389606
2021-07-23,0.010287971340651403
2021-07-26,0.002454880210937871
2021-07-27,-0.0045576164346288195
2021-07-28,-0.00041001343932944856
2021-07-29,0.004147391928537303
2021-07-30,-0.004856462044706689
2021-08-02,-0.002098013728307313
2021-08-03,0.00813546927489206
2021-08-04,-0.0049189618043747885
2021-08-05,0.006332862544990547
2021-08-06,0.001652480985150362
2021-08-09,-0.0008135777079708584
2021-08-10,0.0012439780155157898
2021-08-11,0.002484864913707252
2021-08-12,0.002996980485826306
2021-08-13,0.0018197748871064956
2021-08-16,0.002354682454251966
2021-08-17,-0.006555249793050999
2021-08-18,-0.01094495991352129
2021-08-19,0.0015483400883464782
2021-08-20,0.007957077251852906
2021-08-23,0.008796463370624341
2021-08-24,0.0015874435451415092
2021-08-25,0.002098354800544655
2021-08-26,-0.005903187721369663
2021-08-27,0.008940976112580046
2021-08-30,0.004397556912826284
2021-08-31,-0.0014815470004201359
2021-09-01,0.0005314908317832767
2021-09-02,0.003076582558654284
2021-09-03,-0.00024272380237877478
2021-09-07,-0.0035755275006621456
2021-09-08,-0.0012182696141407323
2021-09-09,-0.0042802333059812625
2021-09-10,-0.007884538286783371
2021-09-13,0.002559267241379226
2021-09-14,-0.005396569483631097
2021-09-15,0.008352657766170557
2021-09-16,-0.0015852460480485497
2021-09-17,-0.01290337008296627
2021-09-20,-0.016674218396012574
2021-09-21,-0.0009446133996867667
2021-09-22,0.009754860134215892
2021-09-23,0.012150002283835004
2021-09-24,0.0016471862448665942
2021-09-27,-0.0028609402806876183
2021-09-28,-0.02015181637448027
2021-09-29,0.0016831135294659294
2021-09-30,-0.012222350097824797
2021-10-01,0.011884233583445925
2021-10-04,-0.012896094325718588
2021-10-05,0.010405001866368169
2021-10-06,0.004156084045255026
2021-10-07,0.008645665670269143
2021-10-08,-0.0018237359230384165
2021-10-11,-0.007239756999954383
2021-10-12,-0.002461524304676832
2021-10-13,0.00359762003597619
2021-10-14,0.016820625947883583
2021-10-15,0.007615819209039643
2021-10-18,0.0029605041828335565
2021-10-19,0.007714841566224706
2021-10-20,0.003927747203976706
2021-10-21,0.002608253575296704
2021-10-22,-0.0010361780462531112
2021-10-25,0.005362817796610075
2021-10-26,0.0009000109757435482
2021-10-27,-0.004430213176594422
2021-10-28,0.00964885227122525
2021-10-29,0.0020291499389073486
2021-11-01,0.0017201959716930393
2021-11-02,0.0040431266846361336
2021-11-03,0.006105217579562838
2021-11-04,0.004712515062833544
2021-11-05,0.0034696194127346036
2021-11-08,0.0008537340191663301
2021-11-09,-0.003305397394067322
2021-11-10,-0.008044845735803774
2021-11-11,0.000323540830852842
2021-11-12,0.007546844340944769
2021-11-15,0.0003424144498898052
2021-11-16,0.00395781186487798
2021-11-17,-0.002429253324241376
2021-11-18,0.003396419874396539
2021-11-19,-0.0017882613416217996
2021-11-22,-0.0028151592057839014
2021-11-23,0.0013260046624035127
2021-11-24,0.002669856254939207
2021-11-26,-0.02230316973415125
2021-11-29,0.012266596945334163
2021-11-30,-0.019457597933706494
2021-12-01,-0.011107208710158911
2021-12-02,0.01531631520532728
2021-12-03,-0.008701355487538143
2021-12-06,0.011843324070398342
2021-12-07,0.020684844918154255
2021-12-08,0.002647988383018829
2021-12-09,-0.006751576077696275
2021-12-10,0.009413530610056897
2021-12-13,-0.008858393168203249
2021-12-14,-0.006879996570718139
2021-12-15,0.015625
2021-12-16,-0.008818529536761655
2021-12-17,-0.01410654946939649
2021-12-20,-0.010633439885184948
2021-12-21,0.0177590223746098
2021-12-22,0.009998704271584558
2021-12-23,0.006222070174688454
2021-12-27,0.014152146196344972
2021-12-28,-0.0008171646482001416
2021-12-29,0.0012791746178204555
2021-12-30,-0.002764513696908777
2021-12-31,-0.002520161290322731
2022-01-03,0.005789961259895504
2022-01-04,-0.0003349312344308464
2022-01-05,-0.019202177782431162
2022-01-06,-0.0009394081728510972
2022-01-07,-0.003953498311749404
2022-01-10,-0.001244394859361897
2022-01-11,0.009108289832656657
2022-01-12,0.002703565726450252
2022-01-13,-0.013778608127043457
2022-01-14,0.0004090155641187643
2022-01-18,-0.017709588569461254
2022-01-19,-0.010383579048829139
2022-01-20,-0.011068068622025473
2022-01-21,-0.019630665920537194
2022-01-24,0.004246769258870131
2022-01-25,-0.012208985085485513
2022-01-26,-0.0025088038299537763
2022-01-27,-0.004937929761410276
2022-01-28,0.02483535850106655
2022-01-31,0.018011087227062017
2022-02-01,0.006756906936942864
2022-02-02,0.009714096478640188
2022-02-03,-0.023504974308516502
2022-02-04,0.004702194357366629
2022-02-07,-0.003209271227991972
2022-02-08,0.008227876402987055
2022-02-09,0.014636093493591185
2022-02-10,-0.017965642348210076
2022-02-11,-0.019718686014421838
2022-02-14,-0.003269309358398087
2022-02-15,0.01612682793494602
2022-02-16,0.00112082492714638
2022-02-17,-0.021361397223466194
2022-02-18,-0.006475083512561208
2022-02-22,-0.010731639914331126
2022-02-23,-0.017738668901459587
2022-02-24,0.015049176442706536
2022-02-25,0.022063973850104945
2022-02-28,-0.002558537978298081
2022-03-01,-0.015230286512607827
2022-03-02,0.018396204474626643
2022-03-03,-0.004978419237708143
2022-03-04,-0.008124670078721974
2022-03-07,-0.029479140153180428
2022-03-08,-0.00758171804591945
2022-03-09,0.026810810810810937
2022-03-10,-0.00451557052946816
2022-03-11,-0.01271505123625083
2022-03-14,-0.007308305758564004
2022-03-15,0.021990407673860846
2022-03-16,0.022174249712556104
2022-03-17,0.012510903998898204
2022-03-18,0.007821887682227358
2022-03-21,-0.00029245028345181723
2022-03-22,0.01170143342559471
2022-03-23,-0.01287840032029175
2022-03-24,0.015074357818837258
2022-03-25,0.004883571222446648
2022-03-28,0.007113035410545976
2022-03-29,0.012370862670263882
2022-03-30,-0.006174845628859282
2022-03-31,-0.015391323304992377
2022-04-01,0.0028341156673457046
2022-04-04,0.008566634284200347
2022-04-05,-0.012631348511383589
2022-04-06,-0.009999334855774533
2022-04-07,0.0050389680193496655
2022-04-08,-0.0026739755331238735
2022-04-11,-0.01709229841142168
2022-04-12,-0.0037052191307510585
2022-04-13,0.011453603778320165
2022-04-14,-0.012451783176558151
2022-04-18,0.0004111560337147768
2022-04-19,0.016142658172934254
2022-04-20,-0.0007415063814489864
2022-04-21,-0.01495356524476621
2022-04-22,-0.027439163584896953
2022-04-25,0.005797577692235434
2022-04-26,-0.028960817717206044
2022-04-27,0.0028118240807497585
2022-04-28,0.02525942435353623
2022-04-29,-0.03695565788550992
2022-05-02,0.006019417475728206
2022-05-03,0.004584057131827857
2022-05-04,0.030452951630721925
2022-05-05,-0.035542814524775035
2022-05-06,-0.005968922935646881
2022-05-09,-0.032017309281859196
2022-05-10,0.002310570861692174
2022-05-11,-0.015886140970708285
2022-05-12,-0.0010439210693826695
2022-05-13,0.023907835041035996
2022-05-16,-0.004057552524146302
2022-05-17,0.02057037166637521
2022-05-18,-0.04031152037617547
2022-05-19,-0.006124636349716828
2022-05-20,0.00043650182303700547
2022-05-23,0.018710058260400952
2022-05-24,-0.007633780106822585
2022-05-25,0.008834953921145638
2022-05-26,0.019981377557440227
2022-05-27,0.024549110557351206
2022-05-31,-0.0056109425420218795
2022-06-01,-0.008088538008863555
2022-06-02,0.01904343367757999
2022-06-03,-0.016411509619300824
2022-06-06,0.0030447703025284767
2022-06-07,0.00959226790354295
2022-06-08,-0.01087217972771437
2022-06-09,-0.023782889937259966
2022-06-10,-0.02899561578318055
2022-06-13,-0.037968188814776815
2022-06-14,-0.0030133333333333123
2022-06-15,0.01425629229411296
2022-06-16,-0.03309599156118148
2022-06-17,-0.0021546433928814057
2022-06-21,0.02517356365822976
2022-06-22,-0.0018129949076172158
2022-06-23,0.009802612249258935
2022-06-24,0.03179389514891806
2022-06-27,-0.003819729286300255
2022-06-28,-0.0204328469595203
2022-06-29,-0.0008143964271640769
2022-06-30,-0.00812430982804857
2022-07-01,0.010576540755467212
2022-07-05,0.0018885741265344258
2022-07-06,0.0033773169965440886
2022-07-07,0.014977168949771746
2022-07-08,-0.0008226432556106555
2022-07-11,-0.011423572696632078
2022-07-12,-0.008848866564297508
2022-07-13,-0.005251687104482317
2022-07-14,-0.002428529947469782
2022-07-15,0.019105077928607272
2022-07-18,-0.008256952197959189
2022-07-19,0.02701924335646022
2022-07-20,0.006373161342952516
2022-07-21,0.010183144615852457
2022-07-22,-0.00927806615010418
2022-07-25,0.001214913057784317
2022-07-26,-0.011831028642212527
2022-07-27,0.02596638440481991
2022-07-28,0.012542389786554864
2022-07-29,0.014578767207624299
2022-08-01,-0.0029612369232263624
2022-08-02,-0.006597365922535681
2022-08-03,0.015659461843846367
2022-08-04,-0.0006755941609360994
2022-08-05,-0.0016901272424366676
2022-08-08,-0.0011609064744722009
2022-08-09,-0.00397104046102803
2022-08-10,0.021004011182691018
2022-08-11,0.0
2022-08-12,0.01692897449939279
2022-08-15,0.004120814797471395
2022-08-16,0.0019586811546892235
2022-08-17,-0.007097975331626705
2022-08-18,0.0029063635298254287
2022-08-19,-0.013438033139358208
2022-08-22,-0.020822475955843966
2022-08-23,-0.0024192572880126217
2022-08-24,0.0032011640596580904
2022-08-25,0.014117533299489837
2022-08-26,-0.03384901432623777
2022-08-29,-0.006612222743085594
2022-08-30,-0.01097782082805554
2022-08-31,-0.007609050500991921
2022-09-01,0.0031378106179462684
2022-09-02,-0.01054437213056858
2022-09-06,-0.0037732000815827726
2022-09-07,0.01796499129900697
2022-09-08,0.006536276333651836
2022-09-09,0.015535241520555632
2022-09-12,0.010747663551401887
2022-09-13,-0.04348249263936543
2022-09-14,0.0038158229458153947
2022-09-15,-0.011353269133299593
2022-09-16,-0.011688711165795174
2022-09-19,0.007754953833385203
2022-09-20,-0.011478574186076562
2022-09-21,-0.01744382826941604
2022-09-22,-0.00839979861681539
2022-09-23,-0.01675485008818356
2022-09-26,-0.009892648457670794
2022-09-27,-0.002552770991737785
2022-09-28,0.019676371842148654
2022-09-29,-0.020888996842360785
2022-09-30,-0.015463491275944818
2022-10-03,0.026401254269555974
2022-10-04,0.030986607021085133
2022-10-05,-0.0023282271079716477
2022-10-06,-0.010315839719960751
2022-10-07,-0.027893890675241062
2022-10-10,-0.007635271093470175
2022-10-11,-0.006332981501027679
2022-10-12,-0.0032984849331917365
2022-10-13,0.026391070226609914
2022-10-14,-0.022788753176489984
2022-10-17,0.025696949361071475
2022-10-18,0.011749631972084451
2022-10-19,-0.007086465658933561
2022-10-20,-0.008385345997286242
2022-10-21,0.024301469582113322
2022-10-24,0.012236501108765951
2022-10-25,0.0159685380209571
2022-10-26,-0.0075340330458277815
2022-10-27,-0.005340034553164674
2022-10-28,0.023790725827675052
2022-10-31,-0.007223279008791383
2022-11-01,-0.004375857694000618
2022-11-02,-0.025096223863518063
2022-11-03,-0.010296902926347884
2022-11-04,0.014393143041966594
2022-11-07,0.009565563969708979
2022-11-08,0.005395446769311807
2022-11-09,-0.0206020942408377
2022-11-10,0.054954160318605894
2022-11-11,0.009678481846512543
2022-11-14,-0.008506687410604452
2022-11-15,0.008529054464466501
2022-11-16,-0.007628798715149765
2022-11-17,-0.003059805285118178
2022-11-18,0.004540381493506329
2022-11-21,-0.0036360881751382745
2022-11-22,0.013457006006234229
2022-11-23,0.0063015753938484576
2022-11-25,-0.00022364693603704744
2022-11-28,-0.015957050182685784
2022-11-29,-0.0017175620721880946
2022-11-30,0.03150064519393769
2022-12-01,-0.0007358712715855864
2022-12-02,-0.0011537139771220506
2022-12-05,-0.017989235948981497
2022-12-06,-0.014414775144523162
2022-12-07,-0.0017012416524895269
2022-12-08,0.007833960728456546
2022-12-09,-0.0074702200686453946
2022-12-12,0.014417209113100071
2022-12-13,0.007569870911141807
2022-12-14,-0.006393511953628472
2022-12-15,-0.024461692538808144
2022-12-16,-0.01632317840002062
2022-12-19,-0.008479661857176413
2022-12-20,0.001368349034261529
2022-12-21,0.014952436011983039
2022-12-22,-0.014266110866582027
2022-12-23,0.005752258877915528
2022-12-27,-0.003943485414327208
2022-12-28,-0.012427897220765427
2022-12-29,0.01800031858970952
2022-12-30,-0.002634049655747983
2023-01-03,-0.0042099207698140795
2023-01-04,0.007720182763510275
2023-01-05,-0.011413383364602847
2023-01-06,0.0229321524592756
2023-01-09,-0.0005668934240361523
2023-01-10,0.007012839684422234
2023-01-11,0.012647857033130316
2023-01-12,0.00364077669902918
2023-01-13,0.003879484079000406
2023-01-17,-0.0018318695106650518
2023-01-18,-0.01578801820147313
2023-01-19,-0.007279879434979208
2023-01-20,0.018629065459036642
2023-01-23,0.011998585429928266
2023-01-24,-0.0010733095374785284
2023-01-25,0.0003748125937033109
2023-01-26,0.010990383414512195
2023-01-27,0.002297714638665793
2023-01-30,-0.012546834943798157
2023-01-31,0.014703312613894681
2023-02-01,0.010627829167486613
2023-02-02,0.014556962025316311
2023-02-03,-0.010629108882383886
2023-02-06,-0.006111313204801849
2023-02-07,0.013078593563184748
2023-02-08,-0.010934752763794964
2023-02-09,-0.008669183002556924
2023-02-10,0.002333636296642183
2023-02-13,0.011739045191647701
2023-02-14,-0.0004602378703097987
2023-02-15,0.003247382706475399
2023-02-16,-0.013768781100536365
2023-02-17,-0.0024982854903496943
2023-02-21,-0.020060894760104198
2023-02-22,-0.0013781352577111328
2023-02-23,0.005319415867917954
2023-02-24,-0.010682374082763513
2023-02-27,0.003405822695393468
2023-02-28,-0.0036959746561738838
2023-03-01,-0.0038358653409377164
2023-03-02,0.0077772711151644636
2023-03-03,0.016037806993288273
2023-03-06,0.0006927435117147773
2023-03-07,-0.015328701757856056
2023-03-08,0.0016320586536773263
2023-03-09,-0.018449814499147732
2023-03-10,-0.01442946164061698
2023-03-13,-0.0014252027674847012
2023-03-14,0.016529997924019213
2023-03-15,-0.006254307814055671
2023-03-16,0.017545211672832073
2023-03-17,-0.015450253717401718
2023-03-20,0.009615631170029948
2023-03-21,0.013130492202976685
2023-03-22,-0.017046451580557065
2023-03-23,0.002703323047104078
2023-03-24,0.006562046951700262
2023-03-27,0.0018698673404926591
2023-03-28,-0.0022446972180887315
2023-03-29,0.014534883720930258
2023-03-30,0.005855238569826726
2023-03-31,0.014094624721327609
2023-04-03,0.003810547399790032
2023-04-04,-0.00554812020927109
2023-04-05,-0.002618249443316123
2023-04-06,0.003900883218841855
2023-04-10,0.0010264180454067073
2023-04-11,0.00026854813114907117
2023-04-12,-0.004075954310260754
2023-04-13,0.01328268594534987
2023-04-14,-0.002442740706701918
2023-04-17,0.0035882267371381005
2023-04-18,0.0006522684447021199
2023-04-19,-0.00016899640279088857
2023-04-20,-0.005457091804703662
2023-04-21,0.0007769253180538449
2023-04-24,0.0010431829209121002
2023-04-25,-0.015873785231321103
2023-04-26,-0.0042356185973206895
2023-04-27,0.019908002769809086
2023-04-28,0.008535195557818565
2023-05-01,-0.0010097853004111812
2023-05-02,-0.011239200019253492
2023-05-03,-0.006863985979943532
2023-05-04,-0.007082986128130964
2023-05-05,0.01851257621010549
2023-05-08,0.0002665826527397108
2023-05-09,-0.004385327324708088
2023-05-10,0.00467232862044642
2023-05-11,-0.001743974809252813
2023-05-12,-0.0013102661781476677
2023-05-15,0.0034500352292330394
2023-05-16,-0.00668264690927578
2023-05-17,0.01213893967093238
2023-05-18,0.009633215326445566
2023-05-19,-0.0014550485413734604
2023-05-22,0.00040609622091647424
2023-05-23,-0.011222808567539877
2023-05-24,-0.007244801854669247
2023-05-25,0.008659904157240605
2023-05-26,0.012950681297479782
2023-05-30,0.0003809342412266492
2023-05-31,-0.0055452425151125695
2023-06-01,0.009501017111403609
2023-06-02,0.014461144564032136
2023-06-05,-0.0019162460272947879
2023-06-06,0.00217747600093654
2023-06-07,-0.0034577015629744245
2023-06-08,0.006048528894619487
2023-06-09,0.001794328059096184
2023-06-12,0.009071877180739873
2023-06-13,0.006592899953895781
2023-06-14,0.0011908578756927302
2023-06-15,0.012397639416258821
2023-06-16,-0.007094441934026308
2023-06-20,-0.005188185500386799
2023-06-21,-0.0051237476554280015
2023-06-22,0.0036096932910285595
2023-06-23,-0.007559964261987129
2023-06-26,-0.004085778259966255
2023-06-27,0.010963285740775097
2023-06-28,0.000504390489946438
2023-06-29,0.003941428538692504
2023-06-30,0.011800689324598768
2023-07-03,0.0011505143475907254
2023-07-05,-0.0014871898871088307
2023-07-06,-0.007830659174508536
2023-07-07,-0.0025246781603966983
2023-07-10,0.002531068293239125
2023-07-11,0.006368557521721163
2023-07-12,0.00804592505537216
2023-07-13,0.007936863817766149
2023-07-14,-0.0006228312127414259
2023-07-17,0.003472222222222321
2023-07-18,0.007430574039570592
2023-07-19,0.002223738963869737
2023-07-20,-0.006634446397188021
2023-07-21,0.0
2023-07-24,0.004467247556282805
2023-07-25,0.0027300748568912514
2023-07-26,0.0001536975232740989
2023-07-27,-0.006629931285811463
2023-07-28,0.009790271608212331
2023-07-31,0.001904053225947555
2023-08-01,-0.0028615740841870796
2023-08-02,-0.013910795653697905
2023-08-03,-0.0028658387576923072
2023-08-04,-0.004522769806612592
2023-08-07,0.008728542333430234
2023-08-08,-0.004348694282354515
2023-08-09,-0.006685236768802283
2023-08-10,0.00035894559730786924
2023-08-11,-0.00058307730259477
2023-08-14,0.005520026926960631
2023-08-15,-0.011648925487045658
2023-08-16,-0.007338165232902094
2023-08-17,-0.007619870803384554
2023-08-18,0.0004813312246441104
2023-08-21,0.0065063001145475585
2023-08-22,-0.002708608367096077
2023-08-23,0.011137738217505522
2023-08-24,-0.013859106606776028
2023-08-25,0.007049829476527325
2023-08-28,0.006341341455099236
2023-08-29,0.014454783629957557
2023-08-30,0.004118799536913187
2023-08-31,-0.0014633821866476548
2023-09-01,0.0018652159431553628
2023-09-05,-0.004321904297524326
2023-09-06,-0.006722464606891632
2023-09-07,-0.003070234413518058
2023-09-08,0.0015061256603348117
2023-09-11,0.006576584665110463
2023-09-12,-0.005485561378079984
2023-09-13,0.0011659454247852086
2023-09-14,0.008622427269266097
2023-09-15,-0.01552091660005328
2023-09-18,0.0005864176647043529
2023-09-19,-0.002073800238937884
2023-09-20,-0.009193377154344762
2023-09-21,-0.01652836038664962
2023-09-22,-0.002248545399754165
2023-09-25,0.004205194925886335
2023-09-26,-0.014691252342502903
2023-09-27,0.000399173476096637
2023-09-28,0.005797441614833865
2023-09-29,-0.0024269579016147347
2023-10-02,-0.0003976794235988068
2023-10-03,-0.013386066321874113
2023-10-04,0.007281956403140555
2023-10-05,-0.00037677200584007586
2023-10-06,0.011872791519434767
2023-10-09,0.006402197699864942
2023-10-10,0.005204839343958989
2023-10-11,0.004096285727435811
2023-10-12,-0.006096442977631011
2023-10-13,-0.00498086058202285
2023-10-16,0.010521436848204058
2023-10-17,-4.586735161915545e-05
2023-10-18,-0.01332507683133799
2023-10-19,-0.008786406638618294
2023-10-20,-0.012288066036629686
2023-10-23,-0.0017331845485411002
2023-10-24,0.007539361651524468
2023-10-25,-0.01435214692066189
2023-10-26,-0.01197461381870435
2023-10-27,-0.004532783904981241
2023-10-30,0.01195578065647207
2023-10-31,0.006280228109434738
2023-11-01,0.010664753706360663
2023-11-02,0.019164340131547775
2023-11-03,0.00912340978735271
2023-11-06,0.0023004900043708254
2023-11-07,0.0028460602722120143
2023-11-08,0.0007323827615406397
2023-11-09,-0.007798742138364845
2023-11-10,0.015604831274202535
2023-11-13,-0.0009532239395384501
2023-11-14,0.019400713328335595
2023-11-15,0.0021170859982617696
2023-11-16,0.0012230919765165993
2023-11-17,0.001243808719987527
2023-11-20,0.0076975975509661065
2023-11-21,-0.002179368643508095
2023-11-22,0.0038608334987977333
2023-11-24,0.0006153575667005029
2023-11-27,-0.0018010103228640606
2023-11-28,0.00099014258053165
2023-11-29,-0.0007034049194380998
2023-11-30,0.0039374408833945385
2023-12-01,0.005915863277826672
2023-12-04,-0.005249401001960363
2023-12-05,-0.00019707022268933283
2023-12-06,-0.004029785370127104
2023-12-07,0.007630398451930809
2023-12-08,0.004299151081334607
2023-12-11,0.003889613211647047
2023-12-12,0.004567198424208385
2023-12-13,0.013790131437190212
2023-12-14,0.0032093517534537153
2023-12-15,-0.0056778458083515115
2023-12-18,0.005625039950567956
2023-12-19,0.00608089497213804
2023-12-20,-0.013857299300817139
2023-12-21,0.009481911758424832
2023-12-22,0.002009731330653741
2023-12-26,0.004222527182518698
2023-12-27,0.0018080521391778959
2023-12-28,0.0003777465320768947
2023-12-29,-0.0028949631836203693
2024-01-02,-0.005596347646798949
2024-01-03,-0.008166719559927982
2024-01-04,-0.0032210584696773514
2024-01-05,0.0013696284882727117
2024-01-08,0.014275944605915525
2024-01-09,-0.001517067003792727
2024-01-10,0.005655440195830197
2024-01-11,-0.0004406580493536705
2024-01-12,0.0006927679227457517
2024-01-16,-0.003671225979692827
2024-01-17,-0.005558713915734925
2024-01-18,0.008892841262783335
2024-01-19,0.012466158786123449
2024-01-22,0.002114296374603475
2024-01-23,0.002916537387527285
2024-01-24,0.0010930990388977602
2024-01-25,0.005438925400193639
2024-01-26,-0.0012704137040754349
2024-01-29,0.007919410763012502
2024-01-30,-0.0007735054043601641
2024-01-31,-0.016317301228381043
2024-02-01,0.01308813783962881
2024-02-02,0.010527391659852947
2024-02-05,-0.003641144937797103
2024-02-06,0.0029032585524313426
2024-02-07,0.00834041864043078
2024-02-08,0.0004416783778358191
2024-02-09,0.0057794188473270225
2024-02-12,-0.0004389465283319849
2024-02-13,-0.013773004910375697
2024-02-14,0.009087597150259086
2024-02-15,0.006899733237057948
2024-02-16,-0.004979980478476476
2024-02-20,-0.005505395287381587
2024-02-21,0.0009058700378452578
2024-02-22,0.02069548078276795
2024-02-23,0.0006896551724138167
2024-02-26,-0.003662498769321676
2024-02-27,0.0018577442241940467
2024-02-28,-0.0013216814944864153
2024-02-29,0.0035949907162327044
2024-03-01,0.00938828530940028
2024-03-04,-0.0010724383347958666
2024-03-05,-0.009994144056217014
2024-03-06,0.005067234512401875
2024-03-07,0.0099264345267287
2024-03-08,-0.006002214409199347
2024-03-11,-0.0008598452278590907
2024-03-12,0.01075731497418242
2024-03-13,-0.0015673981191220987
2024-03-14,-0.0019768591197162344
2024-03-15,-0.009942712884746241
2024-03-18,0.005943157523095932
2024-03-19,0.005557072105447869
2024-03-20,0.009249384343914091
2024-03-21,0.0033046418690441115
2024-03-22,-0.001895825354270464
2024-03-25,-0.0027628019416359173
2024-03-26,-0.001846970775535417
2024-03-27,0.008403847265858522
2024-03-28,-0.00019114245847418054
2024-04-01,-0.001739728908176863
2024-04-02,-0.006358204381798571
2024-04-03,0.0010986045794463273
2024-04-04,-0.012206156985810623
2024-04-05,0.010446917574599812
2024-04-08,0.00055938120864929
2024-04-09,0.001156693399136488
2024-04-10,-0.010013094046060322
2024-04-11,0.007546876215669407
2024-04-12,-0.013803088803088781
2024-04-15,-0.01252813937555064
2024-04-16,-0.0018237684606997595
2024-04-17,-0.005918217385259994
2024-04-18,-0.002057736489861184
2024-04-19,-0.008728379244074214
2024-04-22,0.00920914451894328
2024-04-23,0.01186664532137982
2024-04-24,-0.0004746366063481666
2024-04-25,-0.003798895945865799
2024-04-26,0.0094738723708514
2024-04-29,0.0035414945106835294
2024-04-30,-0.015841273575657788
2024-05-01,-0.003247141320371294
2024-05-02,0.009353452583191757
2024-05-03,0.01239530324931204
2024-05-06,0.010326820395470282
2024-05-07,0.0011034322550669273
2024-05-08,9.668561704767598e-05
2024-05-09,0.005761905682631019
2024-05-10,0.0012880404483150976
2024-05-13,0.00013439827970196383
2024-05-14,0.004588124628054802
2024-05-15,0.012382954328301166
2024-05-16,-0.002057457812676855
2024-05-17,0.0014375153681740471
2024-05-20,0.0011521390121822517
2024-05-21,0.0024525525412217863
2024-05-22,-0.002879403794037838
2024-05-23,-0.007304229658569694
2024-05-24,0.006616472735569312
2024-05-28,0.0006988516168024983
2024-05-29,-0.007002510333893097
2024-05-30,-0.006633719825128281
2024-05-31,0.00910813034576452
2024-06-03,0.0008153668202588449
2024-06-04,0.001117847669571903
2024-06-05,0.011885160582145726
2024-06-06,-1.8703125292174327e-05
2024-06-07,-0.001215725881868801
2024-06-10,0.0030898297784685003
2024-06-11,0.0024082440353956347
2024-06-12,0.008213055219294052
2024-06-13,0.002013447613418151
2024-06-14,0.0006083510000920445
2024-06-17,0.007959025756291815
2024-06-18,0.002540668981904526
2024-06-20,-0.002716549071086094
2024-06-21,-0.004552102376599643
2024-06-24,-0.0032506290058951226
2024-06-25,0.0038508309687881326
2024-06-26,0.0012480957362845935
2024-06-27,0.0015765063885171404
2024-06-28,-0.003935062320405525
2024-07-01,0.002057991253537228
2024-07-02,0.006729746580115048
2024-07-03,0.004462578095116854
2024-07-05,0.005766510717005735
2024-07-08,0.001153901629886045
2024-07-09,0.000972482351246251
2024-07-10,0.009895289842035249
2024-07-11,-0.00862253260172452
2024-07-12,0.006307504312823342
2024-07-15,0.002750049108019681
2024-07-16,0.005930226345876477
2024-07-17,-0.014021173388096053
2024-07-18,-0.007684849355406476
2024-07-19,-0.006640610863822172
2024-07-22,0.010309841709320589
2024-07-23,-0.0015685567474984508
2024-07-24,-0.0226624291234786
2024-07-25,-0.005210354193226685
2024-07-26,0.01119964339443924
2024-07-29,0.0005877599000807532
2024-07-30,-0.005066451281298123
2024-07-31,0.01625461254612537
2024-08-01,-0.014160962945480193
2024-08-02,-0.018618441649325135
2024-08-05,-0.029123662976168085
2024-08-06,0.009219529166183404
2024-08-07,-0.006683903092980947
2024-08-08,0.02311726371804257
2024-08-09,0.004409686233864285
2024-08-12,0.0005253381864573914
2024-08-13,0.016445702927222472
2024-08-14,0.0031547487270313646
2024-08-15,0.01714022988505759
2024-08-16,0.0022420308460049387
2024-08-19,0.009561436741173823
2024-08-20,-0.0016261324851235548
2024-08-21,0.003436549131913269
2024-08-22,-0.007848453497912966
2024-08-23,0.010625292150587828
2024-08-26,-0.0023837902264601807
2024-08-27,0.0013730630004100686
2024-08-28,-0.005805256784671253
2024-08-29,8.955758552753323e-05
2024-08-30,0.0095459837019789
2024-09-03,-0.02057905194436549
2024-09-04,-0.0020468048108969183
2024-09-05,-0.002432162628187684
2024-09-06,-0.01683011590036576
2024-09-09,0.011196239544007724
2024-09-10,0.004355703592540339
2024-09-11,0.010258933289600813
2024-09-12,0.008423217055661958
2024-09-13,0.005222772719955637
2024-09-16,0.0014768420490738343
2024-09-17,0.0004086418875701714
2024-09-18,-0.002965883460315899
2024-09-19,0.017064481653010333
2024-09-20,-0.004781253283827835
2024-09-23,0.002498900131984172
2024-09-24,0.0028613056681938698
2024-09-25,-0.002205496236653226
2024-09-26,0.003964634060767747
2024-09-27,-0.001450288310326675
2024-09-30,0.004007209477312923
2024-10-01,-0.008958449525934165
2024-10-02,0.0004220744961485057
2024-10-03,-0.001828217839187074
2024-10-04,0.009087386847944634
2024-10-07,-0.009040455164229244
2024-10-08,0.009457555477280666
2024-10-09,0.0069263918209256925
2024-10-10,-0.0017500086634092415
2024-10-11,0.0059882318226789355
2024-10-14,0.008178336036440248
2024-10-15,-0.0077697152245346235
2024-10-16,0.00434647624961193
2024-10-17,8.586639189434031e-05
2024-10-18,0.0038464840731518013
2024-10-21,-0.00164217656819321
2024-10-22,-0.0005311584394221969
2024-10-23,-0.009137351710896358
2024-10-24,0.0021626671741725723
2024-10-25,-0.00034528002209799347
2024-10-28,0.0030913235700471553
2024-10-29,0.0016183737065922355
2024-10-30,-0.003025250528559398
2024-10-31,-0.019603110291201875
2024-11-01,0.004220596510973618
2024-11-04,-0.0021539646959932712
2024-11-05,0.012091749881539604
2024-11-06,0.024865614704352224
2024-11-07,0.007732133188955048
2024-11-08,0.004331693557865224
2024-11-11,0.0009528745047560072
2024-11-12,-0.0031064199345314236
2024-11-13,0.0004858435248786819
2024-11-14,-0.006430114368961348
2024-11-15,-0.012808628971096359
2024-11-18,0.0040973111395645745
2024-11-19,0.0036555300518574807
2024-11-20,0.0003388107741826296
2024-11-21,0.005368331922099845
2024-11-22,0.003099364967069196
2024-11-25,0.0033920505113262944
2024-11-26,0.005221495155054878
2024-11-27,-0.003030050778323412
2024-11-29,0.006212113621561821
2024-12-02,0.0017923823749066425
2024-12-03,0.0004638603117803619
2024-12-04,0.0062095345332913165
2024-12-05,-0.0016456571108843798
2024-12-06,0.0018956252266508766
2024-12-09,-0.0051496355769072855
2024-12-10,-0.0031090824899120406
2024-12-11,0.0077305905773059624
2024-12-12,-0.005152602640503101
2024-12-13,-0.0001985670080916213
2024-12-16,0.0042700385627512105
2024-12-17,-0.004120041530018659
2024-12-18,-0.0298035711330652
2024-12-19,-0.00030702053626241455
2024-12-20,0.008616277085821356
2024-12-23,0.0059883278355747915
2024-12-24,0.011115034723973682
2024-12-26,6.652253450867285e-05
2024-12-27,-0.010526490837130531
2024-12-30,-0.01141157291474082
2024-12-31,-0.003638094590459273
2025-01-02,-0.002457002457002533
2025-01-03,0.012503420908593466
2025-01-06,0.005760621674127719
2025-01-07,-0.011304084923407731
2025-01-08,0.0014610196558109134
2025-01-10,-0.01526743456207913
2025-01-13,0.0015504143051559005
2025-01-14,0.0013760126593165278
2025-01-15,0.01818993799275126
2025-01-16,-0.0019231418064037387
2025-01-17,0.010039889121763235
2025-01-21,0.009153586130727032
2025-01-22,0.005621424425835464
2025-01-23,0.005458083239891831
2025-01-24,-0.002919229192291928
2025-01-27,-0.014145434807638524
2025-01-28,0.00859235530640512
2025-01-29,-0.004482895520412922
2025-01-30,0.0053671424535983725
2025-01-31,-0.005321962184318241
2025-02-03,-0.006729586919677066
2025-02-04,0.006708265720929418
2025-02-05,0.004054637907541014
2025-02-06,0.003475555261328589
2025-02-07,-0.009153582266789972
2025-02-10,0.006791284518201657
2025-02-11,0.0007605191369759456
2025-02-12,-0.003221489815135925
2025-02-13,0.010557544417926223
2025-02-14,-4.9202105850132405e-05
2025-02-18,0.0029358701000492538
2025-02-19,0.0023549035961338838
2025-02-20,-0.00416034457442116
2025-02-21,-0.01710409908581534
2025-02-24,-0.004550455045504553
2025-02-25,-0.00497312503139602
2025-02-26,0.0005048465266557223
2025-02-27,-0.015961920139940133
2025-02-28,0.015605503803093779
2025-03-03,-0.017519943451479336
2025-03-04,-0.011836853555338478
2025-03-05,0.010747841764032762
2025-03-06,-0.017751174836208805
2025-03-07,0.005604930942361586
2025-03-10,-0.026635643839421963
2025-03-11,-0.00831281886617441
2025-03-12,0.005306518923586134
2025-03-13,-0.013330470413513096
2025-03-14,0.020655761488520552
2025-03-17,0.007711305769265042
2025-03-18,-0.010808428105439472
2025-03-19,0.010890877330576476
2025-03-20,-0.002891753213548953
2025-03-21,-0.002670250579143718
2025-03-24,0.017908436469378453
2025-03-25,0.0024038461538462563
2025-03-26,-0.011938275466583215
2025-03-27,-0.0026556921507588926
2025-03-28,-0.020138252098469533
2025-03-31,0.006712738005254959
2025-04-01,0.0028245052646633795
2025-04-02,0.006328324152806708
2025-04-03,-0.049280804931623234
2025-04-04,-0.05854294764300372
2025-04-07,-0.0017811906269790123
2025-04-08,-0.01566279392521508
2025-04-09,0.10501933612632941
2025-04-10,-0.04381903685611166
2025-04-11,0.017842845705135613
2025-04-14,0.009701464584035646
2025-04-15,-0.002800860661819282
2025-04-16,-0.022228009151615602
2025-04-17,0.0014267777650953661
2025-04-21,-0.02380273930966348
2025-04-22,0.026017747334007968
2025-04-23,0.015495495495495337
2025-04-24,0.021048896193642586
2025-04-25,0.007225301359088165
2025-04-28,0.0003813744006975206
2025-04-29,0.006299355541435903
2025-04-30,0.0003968826670512904
2025-05-01,0.007086954953655411
2025-05-02,0.014844127706054033
2025-05-05,-0.005734349636530411
2025-05-06,-0.008358325495554708
2025-05-07,0.004205440229062329
2025-05-08,0.006967833912500998
2025-05-09,-0.0012742009698083478
2025-05-12,0.033047453662685466
2025-05-13,0.006603886859122943
2025-05-14,0.0012780314906959411
2025-05-15,0.004884358140880618
2025-05-16,0.006334044643159675
2025-05-19,0.0010939077751599413
2025-05-20,-0.003362192149281351
2025-05-21,-0.016850805431390725
2025-05-22,0.0003946059087946985
2025-05-23,-0.006825704436707936
2025-05-27,0.020790523389338844
2025-05-28,-0.0057853336716569
2025-05-29,0.003947390808704654
2025-05-30,-0.001118549275485048
2025-06-02,0.005632942533806196
2025-06-03,0.005702620168379191
2025-06-04,-0.00026841584324532874
2025-06-05,-0.004832782373768718
2025-06-06,0.010268948655256738
2025-06-09,0.0009012918516539958
2025-06-10,0.0056696905016009325
2025-06-11,-0.002852026265172114
2025-06-12,0.003974324863642353
2025-06-13,-0.011180124223602483
2025-06-16,0.009514237855946295
2025-06-17,-0.008545164929979365
2025-06-18,-0.0001506200525495105
2025-06-20,-0.005289234065345649
2025-06-23,0.00987749882210398
2025-06-24,0.01104723819045228
2025-06-25,0.0005603348824945176
2025-06-26,0.00782382395572534
2025-06-27,0.004968375635347355
2025-06-30,0.004781187490852323
2025-07-01,-0.00032370316419849665
2025-07-02,0.004533311746134583
2025-07-03,0.007881376420340036
2025-07-07,-0.007451946141299293
2025-07-08,-0.0005477862988978455
2025-07-09,0.0059967114808006095
2025-07-10,0.0028202416434319755
2025-07-11,-0.0035153878111917614
2025-07-14,0.0019082133350436514
2025-07-15,-0.004273299082921178
2025-07-16,0.003343298935930994
2025-07-17,0.006119637307359538
2025-07-18,-0.0007324374243677934
2025-07-21,0.0018961725995090273
2025-07-22,0.00014313660002862605
2025-07-23,0.008507457939764151
2025-07-24,0.0003311206067388994
2025-07-25,0.004224330884902816
2025-07-28,-0.000251137968921622
2025-07-29,-0.002637611077966673
2025-07-30,-0.001259326889777368
2025-07-31,-0.0037512215112063263
2025-08-01,-0.016390330337931913
2025-08-04,0.01519976838448156
2025-08-05,-0.005069949458941236
2025-08-06,0.00765960157332346
2025-08-07,-0.000837573880337561
2025-08-08,0.007797548438117863
2025-08-11,-0.0019774631972127032
2025-08-12,0.010645993206692905
2025-08-13,0.0034231122314023477
2025-08-14,9.303912295122174e-05
2025-08-15,-0.0023412667648654573
2025-08-18,-0.00021758050478692947
2025-08-19,-0.005425151562257091
2025-08-20,-0.0026570388083961838
2025-08-21,-0.004011847487110476
2025-08-22,0.015356777594209836
2025-08-25,-0.004400985572825311
2025-08-26,0.004186965928370201
2025-08-27,0.0022785045570090645
2025-08-28,0.0035414379165827903
2025-08-29,-0.005963755162423756
2025-09-02,-0.007410278273002002
2025-09-03,0.005419588611054849
2025-09-04,0.008357411377264201
2025-09-05,-0.002896228740448592
2025-09-08,0.0024565848835054194
2025-09-09,0.0023118536442519044
2025-09-10,0.002890840035059128
2025-09-11,0.008310206835221656
2025-09-12,-0.0003345346167298313
2025-09-15,0.005323922666220504
2025-09-16,-0.0013768894403171084
2025-09-17,-0.001242424242424267
2025-09-18,0.004672471858976346
2025-09-19,0.0021743726029053168
2025-09-22,0.004731053186680656
2025-09-23,-0.005443584667986334
2025-09-24,-0.003181496057055866
2025-09-25,-0.004613522916351642
2025-09-26,0.005729047944685206
2025-09-29,0.0028104318394728267
2025-09-30,0.0037668756027000594
2025-10-01,0.0034074874658502896
2025-10-02,0.0011519186176975893
2025-10-03,-1.4942769194004057e-05
2025-10-06,0.0035863181960820167
2025-10-07,-0.00370750882208426
2025-10-08,0.005963055954088858
2025-10-09,-0.0028970004902616475
2025-10-10,-0.027027832409559527
2025-10-13,0.01534409359590816
2025-10-14,-0.0012216457528956282
2025-10-15,0.0044395451731271685
2025-10-16,-0.006810289099027256
2025-10-17,0.005676313877452266
2025-10-20,0.010400517768178297
2025-10-21,-1.4896469536673784e-05
2025-10-22,-0.005198945314245695
2025-10-23,0.005929919137466433
2025-10-24,0.008172561629153252
2025-10-27,0.011797711332595107
2025-10-28,0.002656003735917345
2025-10-29,0.0004803073967338811
2025-10-30,-0.010998123336097287
2025-10-31,0.0032802318226614613
2025-11-03,0.0018766677418409206
2025-11-04,-0.01185354289226448
2025-11-05,0.0034654345121734043
2025-11-06,-0.010729360370731245
2025-11-07,0.000984619056854319
2025-11-10,0.015604274408691943
2025-11-11,0.002289269781638792
2025-11-12,0.0005563689604686228
2025-11-13,-0.016593988703210605
2025-11-14,-0.0001636807332896506
2025-11-17,-0.009316446653669264
2025-11-18,-0.008397554343743785
2025-11-19,0.0038631681008360896
2025-11-20,-0.015242292078535558
2025-11-21,0.00996122783626796
2025-11-24,0.014718601581111601
2025-11-25,0.009405888774243643
2025-11-26,0.006903499155580528
2025-11-28,0.005458451035781575
2025-12-01,-0.0045654750581659576
2025-12-02,0.0018522057418377535
2025-12-03,0.0034627969421743288
2025-12-04,0.0007311117284942714
2025-12-05,0.0018995017460805563
2025-12-08,-0.003004273068004548
2025-12-09,-0.0008630399485102247
2025-12-10,0.006632115249473047
2025-12-11,0.002327035792719201
2025-12-12,-0.010752064077078183
2025-12-15,-0.0015107955878901347
2025-12-16,-0.0027323608479132844
2025-12-17,-0.011003579477661396
2025-12-18,0.007551385165326163
2025-12-19,0.006090440078643455
2025-12-22,0.006229888772976366
2025-12-23,0.004570477344742585
2025-12-24,0.0035176463747892406
2025-12-26,-0.00010139343549930846
2025-12-29,-0.003563616346279108
2025-12-30,-0.001221196481791087
2025-12-31,-0.007408916900772944
2026-01-02,0.0018330595964335394
2026-01-05,0.006660128518523933
2026-01-06,0.005947187808991838
2026-01-07,-0.003223428397970407
2026-01-08,-0.00010151106470612792
2026-01-09,0.006613392119041217
2026-01-12,0.0015704467849062542
2026-01-13,-0.0019995396743195393
2026-01-14,-0.0049151736166164195
2026-01-15,0.0027232168723565486
2026-01-16,-0.0008378597018375844
2026-01-20,-0.02035682271636341
2026-01-21,0.011541072640868899
2026-01-22,0.0052232273125183415
2026-01-23,0.000362855235275239
2026-01-26,0.005078130667556469
2026-01-27,0.003984236282534415
2026-01-28,-0.00010064846367319191
2026-01-29,-0.0019844122976042655
2026-01-30,-0.002982537029565968
2026-02-02,0.004971313785279596
2026-02-03,-0.008455443551286246
2026-02-04,-0.004843879164068143
2026-02-05,-0.012489252247919747
2026-02-06,0.01918479383725402
2026-02-09,0.004821754365642583
2026-02-10,-0.0026370775992506923
2026-02-11,-0.00023117378489279083
2026-02-12,-0.015448869876871552
2026-02-13,0.0007045664714431243
2026-02-17,0.0016134946828016972
2026-02-18,0.005037709599472695
2026-02-19,-0.002637369042241544
2026-02-20,0.007231767180925663
2026-02-23,-0.010211334000551076
2026-02-24,0.007268570758657056
2026-02-25,0.008438204699207086
2026-02-26,-0.005554353314578431
2026-02-27,-0.004801973016103189
2026-03-02,0.0005685214070176858
2026-03-03,-0.0088143593927561
2026-03-04,0.00705539958549517
2026-03-05,-0.005575584195700145
2026-03-06,-0.013107102493725264
2026-03-09,0.008759927421993385
2026-03-10,-0.0016070296489598679
2026-03-11,-0.0012552054106735877
2026-03-12,-0.015184894947732785
2026-03-13,-0.005660150737170744
2026-03-16,0.010176810762656752
2026-03-17,0.002630674259749277
2026-03-18,-0.013953696387841275
2026-03-19,-0.0024643575283854746
2026-03-20,-0.01702030918460129
2026-03-23,0.01050002312780407
2026-03-24,-0.0033568311513931803
2026-03-25,0.005572736458556715
2026-03-26,-0.017858774093358898
2026-03-27,-0.017051884233207804
2026-03-30,-0.003343373968994978
2026-03-31,0.029067835498520544
2026-04-01,0.0075345204047112535
2026-04-02,0.0009004334289726135
2026-04-06,0.004726834698016047
2026-04-07,0.0004401074469215782
2026-04-08,0.025469494250781155
2026-04-09,0.005769145426842703
2026-04-10,-0.0006618523039813029
2026-04-13,0.009772466370352895
2026-04-14,0.012184812709517656
2026-04-15,0.007891023241079376
2026-04-16,0.0024573534874416936
2026-04-17,0.012085625516631948
2026-04-20,-0.001999605711549779
2026-04-21,-0.006547014335703816
2026-04-22,0.010126690148846818
2026-04-23,-0.003880710338718507
2026-04-24,0.007749311878043619
2026-04-27,0.0017228338515840047
2026-04-28,-0.004865975921808707
2026-04-29,-0.00015456167713467917
2026-04-30,0.009949689423536245
2026-05-01,0.0027690423844377587
2026-05-04,-0.0036633594671476866
2026-05-05,0.00802217239314218
2026-05-06,0.013899443193279737
2026-05-07,-0.0030661052287314083
2026-05-08,0.008256103228628353
2026-05-11,0.002277595509883046
2026-05-12,-0.0015149465710807553
2026-05-13,0.005594841366604264
2026-05-14,0.007894275976344067
2026-05-15,-0.012029351617947825
2026-05-18,-0.0007034917542648733
2026-05-19,-0.006660800108305609
2026-05-20,0.010249001676365888
2026-05-21,0.001983136593591839
2026-05-22,0.003931495045239153
2026-05-26,0.0066385923501959265
2026-05-27,-0.00017319708495977526
2026-05-28,0.005516616475228497
2026-05-29,0.002491386164855447
2026-06-01,0.002723138747884768
2026-06-02,0.0013578717008992935
2026-06-03,-0.007017128111958093
2026-06-04,0.0037786380992788082
2026-06-05,-0.025809348954549782
2026-06-08,0.002264253270964689
2026-06-09,-0.002935526636184238
2026-06-10,-0.015765551862153226
2026-06-11,0.016996815681733723
2026-06-12,0.0054082628497071905
2026-06-15,0.017633973710819095
2026-06-16,-0.005961607249314382
2026-06-17,-0.012487838684312247
2026-06-18,0.00780069099546532
2026-06-22,-0.0031470123470016542
2026-06-23,-0.01452195757600172
2026-06-24,-0.00046348046566158096
2026-06-25,0.001445638535813476
2026-06-26,-0.007231376821462576
2026-06-29,0.016474848763357475
2026-06-30,0.007786774628879778
2026-07-01,-0.00135249139628002
2026-07-02,-0.0013140956876207532
2026-07-06,0.008727409436343647
2026-07-07,-0.004751890107549728
2026-07-08,-0.003089433068970693
2026-07-09,0.008465253555138164
2026-07-10,0.0043101728060024325
2026-07-13,-0.0076561361679582385
2026-07-14,0.003550595992898975
2026-07-15,0.003963661998057866
2026-07-16,-0.005418582159748664
2026-07-17,-0.009897165387894424
