Country,ISO3,Date,Price,Bioenergy,Coal,Demand,Gas,Hydro,Net Imports,Nuclear,Renewables,Solar,Total Generation,Wind
Belgium,BEL,2022-01-01,191.56225806451613,0.8066666666666666,0.0,7.99,9.31,0.0,-0.7,18.51666666666667,5.603333333333333,0.4166666666666667,8.69,4.38
Belgium,BEL,2022-02-01,162.63785714285714,0.4833333333333334,0.0,7.03,5.699999999999999,0.0,-0.48,17.52,9.656666666666666,1.0533333333333335,7.51,8.12
Belgium,BEL,2022-03-01,265.5132258064516,0.8866666666666667,0.0,7.23,7.776666666666666,0.09666666666666668,-0.16,17.639999999999997,7.196666666666666,2.723333333333333,7.39,3.49
Belgium,BEL,2022-04-01,186.718,0.85,0.0,6.83,5.609999999999999,0.09666666666666668,-0.45,17.936666666666667,9.26,3.4966666666666666,7.28,4.816666666666667
Belgium,BEL,2022-05-01,176.66580645161292,0.5066666666666667,0.0,6.87,6.640000000000001,0.05000000000000001,-0.26,17.986666666666668,8.486666666666666,4.47,7.13,3.4599999999999995
Belgium,BEL,2022-06-01,219.29333333333335,1.08,0.0,6.72,7.75,0.05333333333333334,0.03,16.006666666666668,8.963333333333333,4.636666666666667,6.69,3.1933333333333334
Belgium,BEL,2022-07-01,321.5470967741935,1.1099999999999999,0.0,6.51,9.986666666666666,0.0,-0.34,14.456666666666665,8.563333333333334,4.903333333333333,6.85,2.5500000000000003
Belgium,BEL,2022-08-01,448.1225806451613,0.9033333333333333,0.0,6.65,10.63,0.0,-1.0,15.626666666666667,7.3933333333333335,4.046666666666667,7.65,2.4433333333333334
Belgium,BEL,2022-09-01,345.72633333333334,0.84,0.0,6.46,9.266666666666667,0.0,-0.89,17.24,6.94,2.64,7.35,3.4600000000000004
Belgium,BEL,2022-10-01,157.50774193548386,0.6833333333333332,0.0,6.58,9.819999999999999,0.0,-0.85,15.476666666666667,8.116666666666665,2.08,7.43,5.353333333333333
Belgium,BEL,2022-11-01,180.69466666666668,0.7966666666666667,0.0,6.58,6.593333333333334,0.05000000000000001,-0.73,17.083333333333332,9.08,0.9833333333333334,7.31,7.25
Belgium,BEL,2022-12-01,268.8764516129032,0.66,0.0,7.28,10.086666666666668,0.04666666666666667,-0.46,15.736666666666665,6.883333333333334,0.4633333333333334,7.74,5.713333333333334
Belgium,BEL,2023-01-01,130.8658064516129,0.7566666666666667,0.0,7.51,7.909999999999999,0.13,-0.73,15.99,9.216666666666667,0.5733333333333334,8.24,7.756666666666667
Belgium,BEL,2023-02-01,143.51392857142858,0.9466666666666668,0.0,6.77,10.263333333333334,0.10333333333333333,-0.11,13.726666666666667,8.256666666666666,1.6633333333333333,6.88,5.543333333333333
Belgium,BEL,2023-03-01,109.4767741935484,0.35000000000000003,0.0,7.24,8.506666666666666,0.14666666666666664,-0.07,13.409999999999998,10.346666666666666,2.3066666666666666,7.31,7.543333333333333
Belgium,BEL,2023-04-01,105.62366666666667,0.29333333333333333,0.0,6.61,7.493333333333333,0.17333333333333334,0.52,13.706666666666665,10.586666666666666,4.483333333333333,6.09,5.636666666666667
Belgium,BEL,2023-05-01,80.11225806451613,0.25,0.0,6.43,6.456666666666667,0.12333333333333334,0.68,13.306666666666667,11.736666666666665,6.3933333333333335,5.75,4.97
Belgium,BEL,2023-06-01,93.16833333333334,0.23333333333333336,0.0,6.29,8.63,0.0,0.16,13.103333333333333,10.993333333333332,6.773333333333333,6.13,3.9866666666666664
Belgium,BEL,2023-07-01,75.28806451612903,0.3233333333333333,0.0,6.09,6.3,0.0,-0.57,14.843333333333334,11.5,4.87,6.66,6.306666666666666
Belgium,BEL,2023-08-01,92.05354838709677,0.2966666666666667,0.0,6.18,7.656666666666667,0.060000000000000005,0.18,14.666666666666666,9.856666666666667,5.0200000000000005,6.0,4.4799999999999995
Belgium,BEL,2023-09-01,94.35166666666667,0.7999999999999999,0.0,6.4,7.456666666666666,0.0,1.06,13.35,10.416666666666666,5.206666666666666,5.34,4.41
Belgium,BEL,2023-10-01,86.3358064516129,0.3666666666666667,0.0,6.65,4.89,0.060000000000000005,0.82,14.526666666666666,11.636666666666665,2.67,5.83,8.540000000000001
Belgium,BEL,2023-11-01,91.52866666666667,0.28,0.0,7.0,4.75,0.16666666666666666,0.57,15.673333333333334,11.160000000000002,1.1066666666666667,6.43,9.606666666666667
Belgium,BEL,2023-12-01,69.25774193548388,0.26333333333333336,0.0,7.23,5.326666666666667,0.15666666666666665,0.36,15.093333333333334,11.219999999999999,0.5733333333333334,6.87,10.226666666666667
Belgium,BEL,2024-01-01,78.62709677419355,0.25333333333333335,0.0,7.74,7.56,0.15,0.6,14.713333333333333,9.766666666666666,1.1533333333333335,7.14,8.209999999999999
Belgium,BEL,2024-02-01,61.53241379310345,0.19333333333333336,0.0,6.37,4.256666666666667,0.0,0.79,17.16,11.43,1.5166666666666666,5.58,9.72
Belgium,BEL,2024-03-01,61.13161290322581,0.4066666666666667,0.0,6.54,5.82,0.0,1.31,15.026666666666666,11.350000000000001,4.033333333333334,5.23,6.91
Belgium,BEL,2024-04-01,48.037666666666674,0.36333333333333334,0.0,6.72,4.6466666666666665,0.18000000000000002,0.81,12.546666666666667,14.123333333333333,5.03,5.91,8.549999999999999
Belgium,BEL,2024-05-01,54.44709677419355,0.37333333333333335,0.0,6.61,4.52,0.18333333333333335,0.87,15.783333333333333,10.646666666666667,6.096666666666667,5.74,3.9933333333333336
Belgium,BEL,2024-06-01,60.922000000000004,0.2966666666666667,0.0,6.41,4.763333333333333,0.11666666666666668,0.41,15.196666666666667,11.626666666666665,7.086666666666667,6.0,4.126666666666666
Belgium,BEL,2024-07-01,54.58548387096774,0.3433333333333333,0.0,6.38,4.303333333333334,0.11333333333333334,0.14,16.290000000000003,11.603333333333332,6.943333333333334,6.24,4.203333333333333
Belgium,BEL,2024-08-01,65.52709677419355,0.3466666666666667,0.0,6.56,4.21,0.05666666666666667,0.36,15.646666666666667,12.416666666666666,7.156666666666666,6.2,4.8566666666666665
Belgium,BEL,2024-09-01,66.40400000000001,0.48000000000000004,0.0,6.56,4.886666666666667,0.06666666666666667,1.36,13.826666666666668,12.5,5.543333333333333,5.2,6.41
Belgium,BEL,2024-10-01,78.12774193548387,0.41,0.0,6.97,5.676666666666667,0.20333333333333334,1.8,14.583333333333334,10.389999999999999,3.9433333333333334,5.17,5.833333333333333
Belgium,BEL,2024-11-01,108.94966666666666,0.43333333333333335,0.0,7.14,10.343333333333334,0.12333333333333334,1.35,12.733333333333334,8.116666666666667,1.2833333333333334,5.79,6.276666666666666
Belgium,BEL,2024-12-01,105.10193548387096,0.3333333333333333,0.0,7.33,7.043333333333334,0.16333333333333333,0.87,14.89,9.953333333333335,0.7166666666666667,6.46,8.74
France,FRA,2022-01-01,211.84516129032258,0.2866666666666667,1.0933333333333335,51.68,5.853333333333333,5.166666666666667,1.17,34.943333333333335,9.123333333333333,0.6966666666666667,50.51,2.973333333333333
France,FRA,2022-02-01,185.6475,0.38666666666666666,0.8033333333333333,42.06,4.633333333333334,4.176666666666667,-1.76,32.303333333333335,10.746666666666668,0.9666666666666667,43.82,5.216666666666667
France,FRA,2022-03-01,295.17483870967743,0.32,0.66,41.76,5.73,4.473333333333334,1.28,31.036666666666665,9.950000000000001,1.42,40.48,3.736666666666667
France,FRA,2022-04-01,232.91933333333333,0.4533333333333333,0.11333333333333334,35.88,4.503333333333334,5.786666666666666,1.32,28.186666666666667,12.4,2.0466666666666664,34.56,4.113333333333333
France,FRA,2022-05-01,197.46,0.6166666666666667,0.049999999999999996,32.28,4.1033333333333335,6.06,-0.39,27.733333333333334,12.613333333333335,3.11,32.67,2.8266666666666667
France,FRA,2022-06-01,248.73333333333332,0.4033333333333333,0.05333333333333334,31.74,3.6300000000000003,5.1433333333333335,1.18,28.656666666666666,11.283333333333333,3.0966666666666662,30.56,2.64
France,FRA,2022-07-01,400.95032258064515,0.3666666666666667,0.036666666666666674,33.35,4.736666666666667,4.569999999999999,3.53,27.2,11.44,3.7533333333333334,29.82,2.75
France,FRA,2022-08-01,493.0796774193548,0.36666666666666664,0.036666666666666674,31.4,4.7,3.5233333333333334,3.4,27.566666666666666,10.58,3.48,28.0,3.2100000000000004
France,FRA,2022-09-01,393.388,0.64,0.036666666666666674,31.35,5.0633333333333335,3.2266666666666666,3.45,27.75,10.03,2.6533333333333333,27.9,3.5100000000000002
France,FRA,2022-10-01,178.8858064516129,0.33666666666666667,0.07,31.73,5.483333333333333,3.6333333333333333,0.32,28.10666666666667,10.516666666666667,1.7766666666666666,31.41,4.77
France,FRA,2022-11-01,192.15566666666666,0.32666666666666666,0.4066666666666667,36.34,5.9433333333333325,4.19,1.17,27.633333333333336,11.61,1.0633333333333332,35.17,6.03
France,FRA,2022-12-01,270.4935483870967,0.3666666666666667,1.0866666666666667,45.27,5.746666666666666,4.88,2.11,30.78333333333333,10.893333333333333,0.6733333333333333,43.16,4.973333333333334
France,FRA,2023-01-01,132.33,0.31,0.3333333333333333,46.01,4.83,5.766666666666667,-1.24,31.893333333333334,12.58,0.7566666666666667,47.25,5.746666666666666
France,FRA,2023-02-01,148.77642857142857,0.2933333333333333,0.3866666666666667,40.81,6.11,3.4033333333333338,-0.63,32.66666666666667,8.623333333333333,1.4766666666666666,41.44,3.4499999999999997
France,FRA,2023-03-01,111.82322580645162,0.35666666666666663,0.18000000000000002,39.37,4.486666666666666,4.776666666666666,-1.25,29.526666666666667,13.06,1.8833333333333335,40.62,6.043333333333333
France,FRA,2023-04-01,106.473,0.3833333333333333,0.03,33.94,2.3866666666666667,5.073333333333333,-2.78,30.923333333333336,12.426666666666668,2.6266666666666665,36.72,4.343333333333333
France,FRA,2023-05-01,77.47806451612904,0.37666666666666665,0.04666666666666667,30.48,1.4966666666666668,5.786666666666666,-7.07,30.653333333333336,13.75,2.9533333333333336,37.55,4.633333333333334
France,FRA,2023-06-01,91.28,0.31333333333333335,0.016666666666666666,29.91,2.4166666666666665,6.573333333333333,-4.8,29.353333333333335,13.28,3.5233333333333334,34.71,2.8699999999999997
France,FRA,2023-07-01,77.61677419354838,0.33666666666666667,0.016666666666666666,31.3,2.49,4.506666666666667,-4.32,30.37333333333333,12.476666666666667,3.483333333333334,35.62,4.1499999999999995
France,FRA,2023-08-01,90.96451612903226,0.37333333333333335,0.08333333333333333,30.02,2.32,4.1066666666666665,-4.35,31.05666666666667,11.49,3.3366666666666664,34.37,3.6733333333333333
France,FRA,2023-09-01,88.70766666666667,0.37333333333333335,0.03333333333333333,30.32,1.78,3.4533333333333336,-5.63,33.89333333333333,9.76,2.8866666666666667,35.95,3.046666666666667
France,FRA,2023-10-01,84.19483870967741,0.3433333333333333,0.016666666666666666,32.18,1.6466666666666667,3.6833333333333336,-6.45,33.63666666666666,11.033333333333333,1.9166666666666667,38.63,5.090000000000001
France,FRA,2023-11-01,89.018,0.32,0.08666666666666667,37.9,3.276666666666667,6.283333333333334,-5.25,30.423333333333332,14.293333333333331,1.0433333333333334,43.15,6.646666666666667
France,FRA,2023-12-01,68.3309677419355,0.33,0.06666666666666667,42.71,3.4166666666666665,6.390000000000001,-5.55,32.21666666666666,14.153333333333334,0.7799999999999999,48.26,6.653333333333333
France,FRA,2024-01-01,76.6632258064516,0.26,0.15666666666666665,46.91,3.953333333333333,6.466666666666666,-5.79,34.63666666666667,12.693333333333333,0.8933333333333334,52.7,5.073333333333333
France,FRA,2024-02-01,58.38551724137931,0.27666666666666667,0.14,38.71,2.873333333333333,5.746666666666667,-6.92,32.660000000000004,13.116666666666667,1.1666666666666667,45.63,5.926666666666667
France,FRA,2024-03-01,53.5358064516129,0.29666666666666663,0.013333333333333334,38.53,2.8333333333333335,6.883333333333333,-6.86,31.900000000000002,13.92,2.0466666666666664,45.39,4.693333333333333
France,FRA,2024-04-01,28.23,0.32666666666666666,0.0,34.08,0.7999999999999999,6.066666666666666,-5.31,31.41,14.233333333333334,2.7266666666666666,39.39,5.113333333333334
France,FRA,2024-05-01,27.061290322580643,0.3466666666666667,0.0,30.86,0.48666666666666664,7.6066666666666665,-9.27,32.276666666666664,13.903333333333334,2.8800000000000003,40.13,3.07
France,FRA,2024-06-01,37.776666666666664,0.3233333333333333,0.0,29.64,0.5466666666666667,6.95,-8.34,31.843333333333334,13.54,3.313333333333334,37.98,2.9533333333333336
France,FRA,2024-07-01,46.575161290322576,0.3233333333333333,0.0,31.61,0.7666666666666666,6.073333333333333,-8.39,33.23,12.606666666666667,3.6200000000000006,40.0,2.5900000000000003
France,FRA,2024-08-01,54.56258064516129,0.3433333333333333,0.0,30.6,0.8366666666666668,4.456666666666667,-8.03,34.059999999999995,11.269999999999998,3.7566666666666664,38.63,2.713333333333333
France,FRA,2024-09-01,51.61133333333333,0.3333333333333333,0.12333333333333334,30.36,0.9133333333333334,4.1,-7.73,33.026666666666664,11.953333333333333,2.5966666666666667,38.09,4.923333333333333
France,FRA,2024-10-01,62.25096774193548,0.3033333333333333,0.043333333333333335,33.47,0.8266666666666667,6.243333333333333,-7.99,33.906666666666666,12.283333333333333,1.88,41.46,3.856666666666667
France,FRA,2024-11-01,100.551,0.29666666666666663,0.21,38.44,3.1833333333333336,4.616666666666666,-7.39,34.919999999999995,10.573333333333334,1.2833333333333334,45.83,4.376666666666667
France,FRA,2024-12-01,98.12322580645161,0.2733333333333334,0.14333333333333334,44.91,2.8466666666666662,5.543333333333334,-6.62,35.82,11.96,0.9166666666666666,51.53,5.226666666666667
Germany,DEU,2022-01-01,167.80935483870968,4.15,20.626666666666665,48.42,9.973333333333334,1.5233333333333334,-4.02,2.813333333333333,22.743333333333336,1.27,52.44,15.26
Germany,DEU,2022-02-01,129.85785714285714,3.82,15.146666666666667,44.99,7.66,1.5433333333333332,-5.98,2.66,28.45,2.68,50.97,19.956666666666667
Germany,DEU,2022-03-01,252.07290322580647,4.18,22.7,46.37,9.563333333333334,1.3633333333333333,-2.97,2.9933333333333336,19.993333333333332,5.986666666666667,49.34,7.953333333333333
Germany,DEU,2022-04-01,168.77833333333334,4.17,17.793333333333333,43.44,7.293333333333333,1.6533333333333333,-3.03,3.0066666666666664,24.636666666666667,6.656666666666666,46.47,11.729999999999999
Germany,DEU,2022-05-01,177.0409677419355,4.423333333333333,17.013333333333332,42.59,7.283333333333332,1.91,-0.36,2.5,24.27,9.023333333333333,42.95,8.553333333333333
Germany,DEU,2022-06-01,218.16966666666667,4.166666666666667,18.55333333333333,40.87,7.13,1.9133333333333333,-0.17,2.4766666666666666,22.486666666666665,9.78,41.04,6.29
Germany,DEU,2022-07-01,317.03064516129035,4.1,18.816666666666666,42.04,6.423333333333333,1.4466666666666665,-1.18,3.23,23.076666666666664,9.323333333333332,43.22,7.873333333333334
Germany,DEU,2022-08-01,463.5945161290323,4.206666666666666,21.24,41.2,6.96,1.3199999999999998,-0.21,3.353333333333333,19.893333333333334,8.81,41.41,5.223333333333334
Germany,DEU,2022-09-01,352.8146666666667,4.12,21.536666666666665,40.06,6.303333333333334,1.5,-1.9,3.263333333333333,20.52,5.663333333333334,41.96,8.896666666666667
Germany,DEU,2022-10-01,155.3051612903226,4.426666666666667,18.146666666666665,41.46,7.213333333333334,1.7999999999999998,-1.1,2.973333333333333,22.903333333333336,4.256666666666667,42.56,12.06
Germany,DEU,2022-11-01,173.19500000000002,4.243333333333333,20.99,42.55,7.506666666666667,1.42,-2.85,3.0233333333333334,21.606666666666666,2.0366666666666666,45.4,13.473333333333334
Germany,DEU,2022-12-01,250.70774193548385,4.403333333333333,22.12,42.78,9.67,1.49,-3.76,2.846666666666667,19.546666666666667,0.8433333333333333,46.54,12.32
Germany,DEU,2023-01-01,117.22258064516129,4.08,19.650000000000002,44.76,8.443333333333333,1.5733333333333333,-3.78,1.7666666666666666,24.286666666666665,1.2133333333333334,48.54,16.98333333333333
Germany,DEU,2023-02-01,127.80714285714285,3.973333333333333,20.613333333333333,41.7,8.996666666666666,1.3366666666666667,-3.06,2.0733333333333333,21.3,2.9966666666666666,44.76,12.533333333333333
Germany,DEU,2023-03-01,101.23129032258065,4.08,16.80666666666667,44.19,8.113333333333333,1.7266666666666666,-2.27,2.316666666666667,25.333333333333332,4.49,46.46,14.526666666666666
Germany,DEU,2023-04-01,102.143,4.406666666666667,15.276666666666666,39.9,7.443333333333334,2.17,0.14,1.1366666666666667,25.596666666666668,7.196666666666666,39.76,11.336666666666666
Germany,DEU,2023-05-01,82.02903225806452,4.7,11.326666666666668,39.29,6.826666666666667,2.7133333333333334,3.12,0.0,28.76,11.056666666666667,36.17,9.846666666666668
Germany,DEU,2023-06-01,93.90433333333334,4.51,12.32,37.99,7.126666666666666,1.8833333333333335,3.88,0.0,26.98,12.71,34.11,7.52
Germany,DEU,2023-07-01,78.11870967741935,4.5,10.21,38.72,6.603333333333333,1.7000000000000002,3.14,0.0,29.586666666666662,10.816666666666668,35.58,12.21
Germany,DEU,2023-08-01,94.35354838709678,4.6866666666666665,12.963333333333333,39.08,7.363333333333333,2.3066666666666666,5.51,0.0,25.92,9.72,33.57,8.833333333333334
Germany,DEU,2023-09-01,100.80666666666666,4.536666666666666,14.983333333333334,38.11,6.696666666666666,1.8966666666666667,4.28,0.0,25.083333333333332,9.783333333333333,33.83,8.426666666666666
Germany,DEU,2023-10-01,87.09612903225806,4.42,15.343333333333334,40.7,7.266666666666667,1.2066666666666668,1.12,0.0,26.650000000000002,4.54,39.58,16.033333333333335
Germany,DEU,2023-11-01,90.89733333333334,4.19,16.646666666666665,42.5,8.1,2.0566666666666666,-0.38,0.0,26.38,1.9799999999999998,42.88,17.669999999999998
Germany,DEU,2023-12-01,69.0783870967742,4.293333333333334,15.92,41.99,8.366666666666667,2.3233333333333337,-2.82,0.0,27.709999999999997,1.18,44.81,19.509999999999998
Germany,DEU,2024-01-01,76.23096774193547,4.096666666666667,14.333333333333334,45.87,10.343333333333334,2.2033333333333336,-1.58,0.0,27.983333333333334,2.1466666666666665,47.45,18.99
Germany,DEU,2024-02-01,61.23241379310345,4.14,12.340000000000002,41.97,8.603333333333333,2.14,-0.21,0.0,28.900000000000002,3.316666666666667,42.18,18.823333333333334
Germany,DEU,2024-03-01,63.18451612903226,4.403333333333333,13.0,42.16,9.053333333333333,2.1933333333333334,1.7,0.0,27.196666666666662,6.5,40.46,13.703333333333333
Germany,DEU,2024-04-01,61.95933333333333,4.433333333333334,9.183333333333334,40.3,8.096666666666666,2.2566666666666664,2.39,0.0,30.083333333333332,8.956666666666667,37.91,14.056666666666667
Germany,DEU,2024-05-01,67.5283870967742,4.703333333333333,9.303333333333333,38.82,7.166666666666667,2.733333333333333,3.42,0.0,29.819999999999997,12.159999999999998,35.4,9.773333333333332
Germany,DEU,2024-06-01,72.87766666666667,4.363333333333333,10.63,38.35,6.603333333333334,2.5733333333333337,3.58,0.0,29.163333333333338,12.583333333333334,34.77,9.253333333333334
Germany,DEU,2024-07-01,68.4041935483871,4.3966666666666665,10.4,39.66,6.386666666666667,2.5799999999999996,4.3,0.0,29.563333333333333,13.046666666666667,35.36,9.09
Germany,DEU,2024-08-01,81.76387096774194,4.46,11.543333333333331,38.93,6.543333333333333,2.203333333333333,4.27,0.0,28.36,12.743333333333332,34.66,8.496666666666668
Germany,DEU,2024-09-01,78.55300000000001,4.263333333333334,11.613333333333332,39.06,6.583333333333333,2.1599999999999997,2.59,0.0,29.11,8.956666666666667,36.47,13.326666666666666
Germany,DEU,2024-10-01,83.98225806451612,4.510000000000001,15.37,41.18,7.826666666666667,2.3866666666666667,3.39,0.0,25.423333333333332,5.256666666666667,37.79,12.83
Germany,DEU,2024-11-01,111.61466666666666,4.253333333333334,16.703333333333333,42.41,11.213333333333333,1.5733333333333333,1.19,0.0,23.00666666666667,2.5833333333333335,41.22,14.17
Germany,DEU,2024-12-01,105.64612903225807,4.363333333333333,13.946666666666667,42.85,10.443333333333333,1.92,-0.16,0.0,26.49,1.9666666666666668,43.01,17.79
Greece,GRC,2022-01-01,227.35193548387096,0.0,4.756666666666667,4.53,14.910000000000002,5.366666666666667,0.59,0.0,15.483333333333333,2.64,3.94,7.476666666666667
Greece,GRC,2022-02-01,211.72892857142855,0.0,4.666666666666667,3.95,16.776666666666667,1.89,0.67,0.0,13.446666666666667,3.47,3.28,8.086666666666668
Greece,GRC,2022-03-01,272.31967741935483,0.0,5.526666666666666,4.41,17.2,2.3366666666666664,-0.07,0.0,12.763333333333334,3.426666666666667,4.48,7.0
Greece,GRC,2022-04-01,246.91033333333334,0.0,2.486666666666667,3.32,12.28,2.556666666666667,0.78,0.0,19.656666666666666,7.003333333333333,2.54,10.096666666666668
Greece,GRC,2022-05-01,225.07354838709676,0.0,2.8200000000000003,3.53,15.363333333333335,2.98,0.65,0.0,16.446666666666665,7.153333333333332,2.88,6.313333333333333
Greece,GRC,2022-06-01,240.82933333333332,0.0,4.54,3.93,16.080000000000002,2.733333333333333,0.13,0.0,14.49,5.29,3.8,6.466666666666666
Greece,GRC,2022-07-01,338.31580645161296,0.0,5.366666666666667,4.64,16.580000000000002,2.52,-0.51,0.0,13.829999999999998,4.706666666666667,5.15,6.603333333333333
Greece,GRC,2022-08-01,436.7622580645161,0.0,6.326666666666667,4.32,17.12333333333333,2.7633333333333336,-0.36,0.0,12.17,4.333333333333333,4.68,5.073333333333333
Greece,GRC,2022-09-01,416.4066666666667,0.0,4.5200000000000005,3.58,14.816666666666668,2.52,0.44,0.0,15.453333333333333,6.033333333333332,3.14,6.8999999999999995
Greece,GRC,2022-10-01,232.15483870967742,0.0,3.6266666666666665,3.29,10.736666666666666,1.9433333333333334,0.47,0.0,20.186666666666664,6.206666666666667,2.82,12.036666666666667
Greece,GRC,2022-11-01,227.844,0.0,3.8800000000000003,3.36,14.96,1.9400000000000002,0.35,0.0,15.863333333333332,3.426666666666667,3.01,10.496666666666666
Greece,GRC,2022-12-01,276.9664516129032,0.0,5.319999999999999,3.61,17.383333333333333,2.5733333333333333,0.26,0.0,12.246666666666668,2.5733333333333333,3.35,7.1000000000000005
Greece,GRC,2023-01-01,191.6574193548387,0.0,5.2,3.89,11.853333333333333,3.733333333333334,1.04,0.0,17.576666666666664,4.456666666666667,2.85,9.386666666666667
Greece,GRC,2023-02-01,156.2510714285714,0.0,6.903333333333333,3.78,10.973333333333334,2.6999999999999997,0.59,0.0,16.94333333333333,5.396666666666667,3.19,8.846666666666666
Greece,GRC,2023-03-01,122.75032258064515,0.0,4.903333333333333,3.69,11.803333333333333,1.656666666666667,0.58,0.0,18.026666666666667,6.973333333333334,3.11,9.396666666666667
Greece,GRC,2023-04-01,120.44066666666666,0.0,3.453333333333333,3.27,14.37,1.68,0.41,0.0,16.8,7.803333333333334,2.86,7.316666666666666
Greece,GRC,2023-05-01,105.45516129032258,0.0,2.56,3.36,12.013333333333334,1.866666666666667,0.61,0.0,19.94,8.48,2.75,9.593333333333334
Greece,GRC,2023-06-01,91.59833333333333,0.0,2.3800000000000003,3.63,15.766666666666666,3.036666666666667,0.34,0.0,16.656666666666666,9.013333333333334,3.29,4.6066666666666665
Greece,GRC,2023-07-01,112.63322580645162,0.0,4.656666666666667,5.4,15.123333333333333,2.7466666666666666,0.69,0.0,15.736666666666666,8.69,4.71,4.3
Greece,GRC,2023-08-01,109.33548387096775,0.0,3.0199999999999996,4.85,13.236666666666666,2.813333333333334,0.26,0.0,19.086666666666666,8.6,4.59,7.673333333333333
Greece,GRC,2023-09-01,101.93033333333332,0.0,1.7533333333333332,3.76,14.24,2.7566666666666664,-0.14,0.0,19.023333333333333,7.826666666666667,3.9,8.44
Greece,GRC,2023-10-01,111.15741935483871,0.0,3.5700000000000003,3.52,13.56,3.64,-0.09,0.0,17.813333333333336,7.569999999999999,3.61,6.603333333333333
Greece,GRC,2023-11-01,105.45966666666666,0.0,4.306666666666667,3.42,11.396666666666668,2.53,0.29,0.0,19.013333333333335,5.496666666666667,3.13,10.986666666666666
Greece,GRC,2023-12-01,102.20096774193549,0.0,4.883333333333334,3.92,12.36,4.236666666666666,0.33,0.0,17.713333333333335,4.526666666666666,3.59,8.950000000000001
Greece,GRC,2024-01-01,92.99483870967742,0.0,3.4933333333333336,4.18,12.75,2.5833333333333335,0.15,0.0,18.863333333333333,4.57,4.03,11.71
Greece,GRC,2024-02-01,73.57000000000001,0.0,3.953333333333333,3.7,12.64,2.2800000000000002,0.37,0.0,18.223333333333333,6.216666666666666,3.33,9.726666666666667
Greece,GRC,2024-03-01,67.41838709677418,0.0,2.983333333333333,3.56,14.786666666666667,1.9866666666666666,0.09,0.0,17.110000000000003,8.063333333333334,3.47,7.06
Greece,GRC,2024-04-01,60.09666666666667,0.0,2.143333333333333,3.25,12.356666666666667,1.7733333333333332,-0.25,0.0,20.323333333333334,9.38,3.5,9.17
Greece,GRC,2024-05-01,81.21129032258065,0.0,0.5033333333333333,3.42,16.650000000000002,1.9433333333333334,-0.13,0.0,17.713333333333335,9.35,3.55,6.420000000000001
Greece,GRC,2024-06-01,98.91433333333333,0.0,1.5166666666666666,4.74,15.866666666666667,2.3666666666666667,0.17,0.0,17.946666666666665,9.4,4.57,6.18
Greece,GRC,2024-07-01,135.22903225806454,0.0,2.5966666666666667,5.63,15.589999999999998,2.2733333333333334,0.05,0.0,17.62666666666667,8.663333333333334,5.58,6.69
Greece,GRC,2024-08-01,129.81129032258065,0.0,2.17,5.05,16.04,2.356666666666667,0.15,0.0,17.296666666666667,9.583333333333334,4.9,5.3566666666666665
Greece,GRC,2024-09-01,112.345,0.0,1.5566666666666666,4.0,16.246666666666666,1.6866666666666665,0.31,0.0,17.16,10.413333333333332,3.69,5.0600000000000005
Greece,GRC,2024-10-01,90.05387096774194,0.0,0.6766666666666666,3.7,13.69,0.9333333333333335,-0.01,0.0,20.52,9.986666666666666,3.71,9.6
Greece,GRC,2024-11-01,136.547,0.0,3.35,3.79,17.226666666666667,0.7833333333333333,-0.66,0.0,14.799999999999999,5.6433333333333335,4.45,8.373333333333333
Greece,GRC,2024-12-01,129.83129032258066,0.0,3.59,4.06,17.273333333333333,1.3266666666666667,-0.4,0.0,14.533333333333333,4.616666666666666,4.46,8.59
Italy,ITA,2022-01-01,224.49064516129033,2.5,2.7433333333333336,26.55,26.38,4.083333333333333,2.55,0.0,13.993333333333332,2.243333333333333,24.0,4.333333333333333
Italy,ITA,2022-02-01,211.76464285714286,2.5100000000000002,3.9233333333333333,24.59,24.293333333333333,3.0766666666666667,3.52,0.0,14.003333333333332,3.2266666666666666,21.07,4.34
Italy,ITA,2022-03-01,307.97258064516126,2.63,3.8866666666666667,26.59,25.086666666666662,2.6933333333333334,3.46,0.0,13.950000000000001,4.136666666666667,23.13,3.6300000000000003
Italy,ITA,2022-04-01,245.79166666666666,2.6666666666666665,3.1466666666666665,23.56,20.716666666666665,3.533333333333333,3.42,0.0,17.513333333333332,5.63,20.14,4.763333333333333
Italy,ITA,2022-05-01,230.0390322580645,2.63,3.59,25.05,19.506666666666664,6.3,4.56,0.0,18.240000000000002,6.1866666666666665,20.49,2.2166666666666663
Italy,ITA,2022-06-01,271.673,2.27,3.8366666666666664,27.11,21.456666666666667,6.133333333333333,3.91,0.0,17.283333333333335,5.84,23.2,2.273333333333333
Italy,ITA,2022-07-01,441.7738709677419,2.3066666666666666,4.196666666666666,30.17,22.88,5.633333333333333,4.74,0.0,16.26,5.8933333333333335,25.43,1.68
Italy,ITA,2022-08-01,543.5554838709678,2.5566666666666666,3.3233333333333337,25.22,22.546666666666667,4.836666666666667,2.77,0.0,16.05666666666667,5.613333333333333,22.45,2.2066666666666666
Italy,ITA,2022-09-01,429.25033333333334,2.5366666666666666,4.12,25.02,22.046666666666667,4.003333333333333,3.59,0.0,15.283333333333333,4.65,21.43,3.2566666666666664
Italy,ITA,2022-10-01,211.16129032258064,2.9033333333333338,4.086666666666667,23.73,22.953333333333333,3.623333333333333,3.53,0.0,13.773333333333333,4.2,20.2,2.1266666666666665
Italy,ITA,2022-11-01,224.79166666666666,2.9166666666666665,3.8966666666666665,23.97,21.796666666666667,4.623333333333333,4.22,0.0,14.850000000000001,2.4466666666666668,19.75,3.966666666666667
Italy,ITA,2022-12-01,294.82032258064515,2.8000000000000003,4.783333333333333,24.35,24.200000000000003,4.373333333333334,2.64,0.0,12.863333333333335,1.6033333333333333,21.71,3.22
Italy,ITA,2023-01-01,174.44,2.78,5.256666666666667,25.33,21.19,4.096666666666667,4.73,0.0,14.403333333333334,2.143333333333333,20.6,4.4799999999999995
Italy,ITA,2023-02-01,161.03428571428572,2.5733333333333337,4.493333333333333,23.96,21.86,3.2366666666666664,4.72,0.0,14.01,3.58,19.24,3.766666666666667
Italy,ITA,2023-03-01,136.30580645161288,2.7099999999999995,4.236666666666667,25.14,20.046666666666667,3.1766666666666663,4.26,0.0,16.813333333333333,5.12,20.88,4.95
Italy,ITA,2023-04-01,134.89966666666666,2.5966666666666667,0.5099999999999999,22.48,20.19333333333333,3.4766666666666666,4.82,0.0,18.796666666666667,6.933333333333334,17.66,4.806666666666667
Italy,ITA,2023-05-01,105.65290322580644,2.6033333333333335,1.3533333333333335,23.32,16.990000000000002,8.813333333333334,4.35,0.0,21.763333333333332,6.173333333333333,18.97,3.206666666666667
Italy,ITA,2023-06-01,105.38966666666667,2.4366666666666665,2.7433333333333336,24.41,17.663333333333334,9.44,3.22,0.0,21.436666666666667,6.746666666666666,21.19,1.9666666666666668
Italy,ITA,2023-07-01,112.08129032258064,2.36,2.0866666666666664,29.01,21.593333333333334,7.426666666666667,4.32,0.0,19.406666666666666,6.576666666666667,24.69,2.28
Italy,ITA,2023-08-01,111.93516129032258,2.58,1.4533333333333334,24.91,18.279999999999998,7.430000000000001,3.33,0.0,21.2,7.083333333333333,21.58,3.2733333333333334
Italy,ITA,2023-09-01,115.693,2.483333333333333,2.0066666666666664,25.21,20.386666666666667,6.776666666666666,3.65,0.0,18.87,5.666666666666667,21.56,3.09
Italy,ITA,2023-10-01,134.20258064516128,2.6266666666666665,1.0666666666666667,24.88,21.16,6.68,4.78,0.0,18.51666666666667,4.576666666666667,20.1,3.7100000000000004
Italy,ITA,2023-11-01,121.74033333333334,2.5366666666666666,1.3633333333333333,24.31,17.69,8.476666666666667,4.55,0.0,21.05666666666667,3.1133333333333333,19.76,6.033333333333334
Italy,ITA,2023-12-01,115.4483870967742,2.53,1.0066666666666666,24.35,21.830000000000002,6.73,4.51,0.0,17.493333333333332,2.396666666666667,19.84,4.903333333333333
Italy,ITA,2024-01-01,99.14064516129032,2.7133333333333334,0.8466666666666667,26.04,21.819999999999997,6.21,5.59,0.0,18.01,2.65,20.45,5.526666666666667
Italy,ITA,2024-02-01,87.59965517241379,2.7266666666666666,1.16,24.55,20.32,5.886666666666667,6.1,0.0,18.136666666666667,3.686666666666666,18.45,4.91
Italy,ITA,2024-03-01,88.84548387096774,2.8000000000000003,0.5599999999999999,25.07,17.09,8.43,5.23,0.0,22.426666666666666,5.420000000000001,19.84,4.843333333333333
Italy,ITA,2024-04-01,86.76133333333334,2.676666666666667,0.64,22.85,13.473333333333334,10.196666666666667,3.41,0.0,25.646666666666665,7.596666666666667,19.44,4.27
Italy,ITA,2024-05-01,94.93967741935484,2.6166666666666667,0.5733333333333334,24.17,13.020000000000001,11.966666666666667,3.8,0.0,26.676666666666666,7.923333333333333,20.37,3.2966666666666664
Italy,ITA,2024-06-01,103.17833333333333,2.43,0.5433333333333333,24.91,14.893333333333333,12.163333333333334,2.96,0.0,25.560000000000002,7.733333333333333,21.95,2.4499999999999997
Italy,ITA,2024-07-01,112.37903225806451,2.3000000000000003,0.5,30.57,20.093333333333334,9.956666666666667,4.26,0.0,22.52,7.63,26.31,1.9066666666666665
Italy,ITA,2024-08-01,128.50645161290322,2.2666666666666666,0.5,26.95,21.353333333333335,7.493333333333333,3.71,0.0,19.81,7.670000000000001,23.24,1.6133333333333333
Italy,ITA,2024-09-01,117.08066666666667,2.4033333333333333,0.6033333333333334,24.77,20.406666666666666,7.53,3.61,0.0,19.976666666666667,6.156666666666666,21.16,3.08
Italy,ITA,2024-10-01,116.71483870967741,2.3666666666666667,0.7366666666666667,24.36,18.743333333333332,10.610000000000001,4.15,0.0,21.05666666666667,4.496666666666667,20.21,2.7033333333333336
Italy,ITA,2024-11-01,130.93133333333333,2.3266666666666667,0.5833333333333334,24.67,23.319999999999997,6.18,3.78,0.0,16.636666666666667,3.9099999999999997,20.89,3.3833333333333333
Italy,ITA,2024-12-01,135.04225806451615,2.4833333333333334,0.82,24.85,24.063333333333333,4.403333333333333,4.33,0.0,16.23,3.276666666666667,20.52,5.18
Netherlands,NLD,2022-01-01,189.23548387096776,3.4266666666666663,5.293333333333333,11.1,18.98,0.03333333333333333,-0.2,1.1833333333333333,12.113333333333335,1.0566666666666666,11.3,7.003333333333334
Netherlands,NLD,2022-02-01,168.2917857142857,3.0,2.9966666666666666,10.12,14.896666666666667,0.03666666666666667,0.15,1.2133333333333334,17.51,2.473333333333333,9.97,11.409999999999998
Netherlands,NLD,2022-03-01,261.0309677419355,3.48,5.126666666666667,9.95,16.819999999999997,0.03333333333333333,-1.03,1.18,14.163333333333332,5.586666666666666,10.98,4.453333333333333
Netherlands,NLD,2022-04-01,195.31266666666667,2.4633333333333334,3.966666666666667,9.74,14.450000000000001,0.03666666666666667,0.05,0.3766666666666667,17.75,7.086666666666667,9.69,7.52
Netherlands,NLD,2022-05-01,181.39806451612904,2.533333333333333,1.6533333333333333,9.81,15.413333333333332,0.0,0.25,1.3766666666666667,17.783333333333335,9.166666666666666,9.56,5.3933333333333335
Netherlands,NLD,2022-06-01,210.7036666666667,3.4633333333333334,4.266666666666667,9.65,14.436666666666666,0.0,-1.02,1.1766666666666665,17.029999999999998,8.926666666666668,10.67,4.05
Netherlands,NLD,2022-07-01,306.8635483870968,3.2999999999999994,5.526666666666666,9.89,12.803333333333335,0.0,-0.48,1.2433333333333334,17.183333333333334,9.193333333333333,10.37,4.046666666666667
Netherlands,NLD,2022-08-01,447.24967741935484,3.3833333333333333,5.319999999999999,9.62,13.823333333333332,0.0,-0.7,1.2466666666666668,16.29,8.946666666666667,10.32,3.3166666666666664
Netherlands,NLD,2022-09-01,340.8946666666667,3.2066666666666666,7.433333333333334,9.19,12.773333333333333,0.0,-0.46,1.2866666666666666,15.06,6.313333333333333,9.65,4.8933333333333335
Netherlands,NLD,2022-10-01,155.51032258064515,2.62,4.276666666666666,9.11,16.30666666666667,0.0,-0.41,1.3433333333333335,14.573333333333336,4.466666666666667,9.52,6.793333333333333
Netherlands,NLD,2022-11-01,179.48,3.7300000000000004,4.423333333333333,9.53,13.463333333333333,0.0,0.28,1.3766666666666667,17.1,2.53,9.25,10.166666666666666
Netherlands,NLD,2022-12-01,258.49129032258065,3.18,5.713333333333334,10.44,18.133333333333333,0.0,-0.63,1.2033333333333334,12.363333333333332,1.2766666666666666,11.07,7.300000000000001
Netherlands,NLD,2023-01-01,126.12806451612903,2.85,4.793333333333334,10.34,14.700000000000001,0.03666666666666667,0.07,1.2899999999999998,16.083333333333332,1.6900000000000002,10.27,10.93
Netherlands,NLD,2023-02-01,134.91142857142856,2.936666666666667,5.17,9.19,16.826666666666668,0.03666666666666667,-0.74,1.2166666666666666,13.586666666666668,3.26,9.93,6.796666666666667
Netherlands,NLD,2023-03-01,104.44483870967741,2.34,4.31,10.14,14.936666666666666,0.03333333333333333,-0.86,1.1766666666666667,16.87333333333333,4.8,11.0,9.16
Netherlands,NLD,2023-04-01,98.71166666666666,2.7733333333333334,4.2,8.98,13.06,0.03666666666666667,-0.86,0.0,19.306666666666665,8.333333333333334,9.84,7.563333333333333
Netherlands,NLD,2023-05-01,77.87774193548387,2.4066666666666667,1.4366666666666665,9.21,12.576666666666668,0.03666666666666667,-0.75,1.2866666666666666,21.12666666666667,11.606666666666667,9.96,6.483333333333334
Netherlands,NLD,2023-06-01,92.04066666666667,1.0633333333333332,0.11333333333333334,9.73,15.256666666666668,0.0,-0.89,1.18,20.263333333333332,12.766666666666667,10.62,5.873333333333334
Netherlands,NLD,2023-07-01,71.69290322580645,1.3333333333333333,0.3566666666666667,9.5,12.979999999999999,0.0,-0.61,1.27,21.72,10.573333333333332,10.11,9.23
Netherlands,NLD,2023-08-01,91.41806451612904,1.8466666666666667,0.8900000000000001,9.38,16.813333333333333,0.0,-1.0,1.24,17.599999999999998,9.293333333333333,10.38,5.890000000000001
Netherlands,NLD,2023-09-01,98.696,2.2399999999999998,1.3533333333333333,9.32,17.136666666666667,0.0,-0.33,1.2866666666666666,16.643333333333334,8.56,9.65,5.233333333333333
Netherlands,NLD,2023-10-01,90.18935483870968,2.2966666666666664,2.4366666666666665,9.44,13.216666666666667,0.0,0.06,1.4000000000000001,19.32,4.723333333333334,9.38,11.673333333333334
Netherlands,NLD,2023-11-01,94.46499999999999,2.393333333333333,2.793333333333333,10.04,13.286666666666667,0.0,0.39,1.3266666666666667,19.05,2.5100000000000002,9.65,13.536666666666667
Netherlands,NLD,2023-12-01,73.04483870967742,2.1766666666666667,2.4,10.51,15.090000000000002,0.0,-0.04,1.0466666666666666,18.306666666666665,1.3333333333333333,10.55,14.233333333333333
Netherlands,NLD,2024-01-01,78.42806451612903,2.013333333333333,3.0,11.07,16.69666666666667,0.03333333333333333,-0.68,1.14,16.69,2.2600000000000002,11.75,11.873333333333333
Netherlands,NLD,2024-02-01,63.91137931034483,2.476666666666667,2.64,9.8,13.886666666666668,0.0,-0.34,1.23,18.913333333333334,2.73,10.14,13.159999999999998
Netherlands,NLD,2024-03-01,63.37645161290323,2.7099999999999995,2.33,9.91,13.933333333333332,0.03333333333333333,-0.82,1.24,19.330000000000002,6.079999999999999,10.73,9.953333333333333
Netherlands,NLD,2024-04-01,58.424,1.4500000000000002,0.9899999999999999,9.3,11.036666666666667,0.03666666666666667,-0.79,0.18333333333333335,24.24333333333333,9.313333333333333,10.09,12.856666666666667
Netherlands,NLD,2024-05-01,65.69903225806452,1.7766666666666666,1.05,9.69,12.576666666666666,0.04,0.28,0.0,22.613333333333333,12.996666666666668,9.41,7.176666666666667
Netherlands,NLD,2024-06-01,68.06266666666667,1.18,0.12666666666666668,9.55,12.306666666666667,0.04,0.08,0.6566666666666666,23.099999999999998,13.543333333333335,9.47,7.716666666666668
Netherlands,NLD,2024-07-01,65.04451612903226,1.16,0.19999999999999998,10.06,12.256666666666668,0.03666666666666667,0.05,1.2833333333333334,22.55,13.17,10.01,7.593333333333334
Netherlands,NLD,2024-08-01,77.09580645161292,1.3766666666666667,1.2,10.11,12.5,0.0,-0.27,1.24,21.616666666666664,12.356666666666667,10.38,7.3133333333333335
Netherlands,NLD,2024-09-01,77.62333333333332,1.68,2.1133333333333333,9.61,12.403333333333334,0.0,-0.16,1.2733333333333332,20.683333333333334,9.103333333333333,9.77,9.296666666666667
Netherlands,NLD,2024-10-01,87.80387096774194,2.4,4.416666666666667,10.0,13.65,0.03666666666666667,0.2,1.3433333333333335,17.413333333333334,5.8133333333333335,9.8,8.563333333333334
Netherlands,NLD,2024-11-01,113.46833333333333,2.3699999999999997,5.05,10.45,18.026666666666667,0.0,-1.12,1.1266666666666667,13.676666666666668,2.36,11.57,8.43
Netherlands,NLD,2024-12-01,107.94354838709677,2.29,4.6033333333333335,11.04,14.563333333333333,0.03333333333333333,-0.6,1.15,17.213333333333335,1.22,11.64,13.156666666666668
Poland,POL,2022-01-01,143.98612903225805,0.4266666666666667,30.64,14.67,2.9933333333333336,0.4633333333333333,-0.2,0.0,7.75,0.33666666666666667,14.87,6.523333333333333
Poland,POL,2022-02-01,116.81357142857144,0.4366666666666666,28.399999999999995,13.22,2.6533333333333333,0.5666666666666667,-0.11,0.0,9.263333333333334,0.7966666666666667,13.33,7.463333333333334
Poland,POL,2022-03-01,141.32516129032257,0.3733333333333333,33.27,14.3,2.3299999999999996,0.43999999999999995,-0.43,0.0,6.023333333333333,2.09,14.73,3.1199999999999997
Poland,POL,2022-04-01,124.27199999999999,0.4266666666666667,30.333333333333332,13.25,1.9366666666666668,0.5299999999999999,-0.33,0.0,8.393333333333333,2.3833333333333333,13.58,5.053333333333334
Poland,POL,2022-05-01,140.64451612903224,0.5333333333333333,29.426666666666666,12.78,2.39,0.4033333333333333,-0.31,0.0,8.563333333333333,3.5033333333333334,13.09,4.123333333333333
Poland,POL,2022-06-01,185.275,0.52,30.169999999999998,12.61,2.4099999999999997,0.3,0.05,0.0,7.623333333333332,3.9933333333333336,12.56,2.81
Poland,POL,2022-07-01,220.08387096774194,0.4533333333333333,30.05,12.92,1.7333333333333334,0.23666666666666666,0.19,0.0,8.51,3.9166666666666665,12.73,3.903333333333333
Poland,POL,2022-08-01,268.8793548387097,0.12,32.82666666666667,12.99,1.4733333333333334,0.2333333333333333,0.12,0.0,6.34,3.703333333333333,12.87,2.283333333333333
Poland,POL,2022-09-01,175.50233333333333,0.12333333333333334,32.160000000000004,12.53,1.42,0.26999999999999996,0.08,0.0,6.673333333333333,2.783333333333333,12.45,3.4966666666666666
Poland,POL,2022-10-01,134.1209677419355,0.35333333333333333,30.426666666666666,13.22,2.08,0.31666666666666665,0.08,0.0,7.923333333333333,2.1666666666666665,13.14,5.086666666666667
Poland,POL,2022-11-01,170.94766666666666,0.45999999999999996,33.20666666666667,13.61,2.606666666666667,0.25,0.01,0.0,5.1499999999999995,0.84,13.6,3.6
Poland,POL,2022-12-01,173.55032258064517,0.43333333333333335,32.61666666666667,14.41,2.5566666666666666,0.31666666666666665,-0.08,0.0,6.1866666666666665,0.39999999999999997,14.49,5.036666666666666
Poland,POL,2023-01-01,132.59129032258065,0.5033333333333333,29.01,14.11,3.4600000000000004,0.5433333333333333,0.11,0.0,8.28,0.5466666666666666,14.0,6.6866666666666665
Poland,POL,2023-02-01,136.8517857142857,0.51,27.84,13.05,3.23,0.5866666666666667,0.21,0.0,8.933333333333334,1.3233333333333335,12.84,6.513333333333333
Poland,POL,2023-03-01,120.43483870967742,0.5433333333333333,26.23,13.93,3.9333333333333336,0.6466666666666666,0.37,0.0,10.036666666666667,2.526666666666667,13.56,6.32
Poland,POL,2023-04-01,122.03366666666666,0.58,25.953333333333333,12.34,3.5500000000000003,0.6933333333333334,0.47,0.0,9.75,3.883333333333333,11.87,4.593333333333334
Poland,POL,2023-05-01,105.67129032258065,0.3233333333333333,25.27333333333333,12.15,2.5100000000000002,0.6,0.35,0.0,11.38,5.966666666666666,11.8,4.489999999999999
Poland,POL,2023-06-01,118.297,0.62,25.463333333333335,11.76,2.986666666666667,0.4033333333333333,0.78,0.0,10.356666666666667,6.330000000000001,10.98,3.0033333333333334
Poland,POL,2023-07-01,115.72935483870968,0.6266666666666666,24.96666666666667,12.28,3.0,0.35333333333333333,0.75,0.0,11.043333333333331,6.286666666666666,11.53,3.776666666666667
Poland,POL,2023-08-01,107.05806451612904,0.6466666666666666,26.376666666666665,12.42,2.9599999999999995,0.41,0.57,0.0,9.996666666666666,5.093333333333333,11.85,3.846666666666667
Poland,POL,2023-09-01,109.83066666666667,0.5166666666666667,27.936666666666667,12.25,1.6066666666666667,0.3133333333333333,0.36,0.0,9.863333333333333,5.390000000000001,11.89,3.643333333333333
Poland,POL,2023-10-01,95.37677419354839,0.5833333333333334,26.546666666666667,13.23,3.0999999999999996,0.2833333333333333,-0.08,0.0,10.396666666666667,2.37,13.31,7.16
Poland,POL,2023-11-01,98.43466666666667,0.5166666666666667,27.98,13.71,4.046666666666667,0.4466666666666666,0.13,0.0,8.286666666666667,1.1233333333333333,13.58,6.2
Poland,POL,2023-12-01,80.07709677419355,0.5166666666666667,26.74666666666667,14.26,4.043333333333334,0.5299999999999999,-0.17,0.0,9.813333333333333,0.5599999999999999,14.43,8.206666666666667
Poland,POL,2024-01-01,93.47612903225807,0.51,26.11,14.96,4.25,0.6033333333333334,0.35,0.0,10.26,0.9233333333333333,14.61,8.223333333333333
Poland,POL,2024-02-01,75.97103448275861,0.42333333333333334,24.786666666666665,13.22,4.123333333333334,0.7433333333333333,0.5,0.0,10.606666666666667,1.6333333333333335,12.72,7.8066666666666675
Poland,POL,2024-03-01,75.36,0.3833333333333333,25.36,13.55,4.013333333333334,0.6933333333333334,0.42,0.0,10.41,3.64,13.13,5.6933333333333325
Poland,POL,2024-04-01,80.87633333333333,0.25,23.826666666666668,12.61,3.236666666666667,0.6066666666666667,0.24,0.0,12.216666666666667,5.203333333333333,12.37,6.156666666666666
Poland,POL,2024-05-01,85.63193548387098,0.47333333333333333,23.643333333333334,12.43,2.066666666666667,0.4333333333333333,0.31,0.0,13.409999999999998,7.963333333333334,12.12,4.54
Poland,POL,2024-06-01,105.53133333333334,0.6166666666666667,23.246666666666666,12.85,2.8366666666666664,0.4200000000000001,0.38,0.0,11.659999999999998,7.163333333333334,12.47,3.34
Poland,POL,2024-07-01,109.00645161290322,0.5166666666666667,22.24,13.02,4.206666666666666,0.35666666666666663,0.38,0.0,11.64,7.406666666666667,12.64,3.2399999999999998
Poland,POL,2024-08-01,100.11580645161291,0.7266666666666666,22.13,12.71,4.5633333333333335,0.3233333333333333,-0.08,0.0,11.700000000000001,7.033333333333332,12.79,3.5
Poland,POL,2024-09-01,94.99233333333333,0.7000000000000001,20.756666666666668,12.39,4.736666666666666,0.2966666666666667,-0.24,0.0,12.776666666666666,5.26,12.63,6.430000000000001
Poland,POL,2024-10-01,103.15677419354839,0.7866666666666666,23.036666666666665,13.67,4.93,0.3133333333333333,0.39,0.0,10.596666666666666,3.4599999999999995,13.28,5.923333333333333
Poland,POL,2024-11-01,120.77766666666666,0.8066666666666666,24.876666666666665,13.9,5.636666666666667,0.2966666666666667,-0.17,0.0,8.633333333333335,1.1700000000000002,14.07,6.253333333333334
Poland,POL,2024-12-01,109.36258064516129,0.6966666666666667,25.566666666666666,14.17,5.213333333333334,0.3133333333333333,-0.54,0.0,8.663333333333332,0.73,14.71,6.793333333333333
Spain,ESP,2022-01-01,201.8006451612903,0.7033333333333333,1.5433333333333332,21.96,14.026666666666666,4.17,-1.19,8.963333333333333,17.476666666666667,3.06,23.15,9.42
Spain,ESP,2022-02-01,200.30964285714285,0.6833333333333332,1.3766666666666667,19.63,13.006666666666668,3.063333333333333,-0.46,9.51,16.830000000000002,3.8966666666666665,20.09,9.046666666666667
Spain,ESP,2022-03-01,283.19032258064516,0.7233333333333333,1.6166666666666665,20.77,10.79,3.93,-0.88,8.996666666666668,19.69,3.0233333333333334,21.65,11.863333333333335
Spain,ESP,2022-04-01,191.51933333333332,0.7666666666666667,1.6433333333333333,19.15,8.82,4.166666666666667,-1.6,8.62,21.593333333333334,6.0633333333333335,20.75,10.459999999999999
Spain,ESP,2022-05-01,187.1648387096774,0.68,1.2233333333333334,19.65,10.026666666666666,4.226666666666667,-1.32,7.853333333333334,21.72,8.143333333333333,20.97,8.516666666666666
Spain,ESP,2022-06-01,169.43066666666667,0.71,1.79,20.67,14.61,2.7733333333333334,-1.45,8.270000000000001,17.176666666666666,7.126666666666666,22.12,6.4366666666666665
Spain,ESP,2022-07-01,142.6816129032258,0.6266666666666666,1.7266666666666666,22.56,16.253333333333334,2.1933333333333334,-2.42,8.5,16.673333333333336,6.816666666666666,24.98,6.920000000000001
Spain,ESP,2022-08-01,154.98870967741934,0.6133333333333333,1.7333333333333334,21.23,15.530000000000001,2.3666666666666667,-2.79,8.856666666666666,16.633333333333333,6.633333333333333,24.02,6.8999999999999995
Spain,ESP,2022-09-01,140.91466666666668,0.5499999999999999,1.4033333333333333,19.65,15.51,2.77,-2.87,8.819999999999999,16.349999999999998,5.523333333333333,22.52,7.396666666666667
Spain,ESP,2022-10-01,127.21774193548387,0.5833333333333334,0.8866666666666667,18.84,15.813333333333333,2.3033333333333332,-2.06,7.776666666666667,16.823333333333334,4.103333333333333,20.9,9.7
Spain,ESP,2022-11-01,115.57266666666666,0.6266666666666666,0.7566666666666667,19.03,11.63,3.44,-1.62,8.303333333333333,20.186666666666667,3.1033333333333335,20.65,12.899999999999999
Spain,ESP,2022-12-01,96.74967741935485,0.5433333333333333,1.6166666666666665,19.71,10.06,5.613333333333333,-1.11,10.01,19.23333333333333,2.1633333333333336,20.82,10.796666666666667
Spain,ESP,2023-01-01,69.73064516129033,0.44,0.6766666666666666,21.18,6.553333333333334,7.013333333333333,-0.91,9.406666666666666,24.42,3.2866666666666666,22.09,13.57
Spain,ESP,2023-02-01,133.48964285714285,0.5966666666666667,1.0,19.29,11.433333333333332,4.72,-0.92,9.126666666666667,19.173333333333336,4.556666666666667,20.21,9.18
Spain,ESP,2023-03-01,89.57645161290323,0.4733333333333334,0.9500000000000001,19.84,7.996666666666666,3.893333333333333,-2.59,9.306666666666667,23.043333333333333,6.623333333333334,22.43,11.943333333333333
Spain,ESP,2023-04-01,73.82266666666666,0.4366666666666667,0.61,17.57,7.9799999999999995,3.1233333333333335,-2.36,9.173333333333334,22.60666666666667,9.38,19.93,9.546666666666665
Spain,ESP,2023-05-01,74.16935483870968,0.62,0.5833333333333334,18.49,9.166666666666666,2.6733333333333333,-1.66,7.44,23.466666666666665,9.536666666666667,20.15,10.516666666666667
Spain,ESP,2023-06-01,93.055,0.5833333333333334,0.73,18.81,12.06,3.2899999999999996,-1.07,8.106666666666667,19.82,9.703333333333333,19.88,6.123333333333332
Spain,ESP,2023-07-01,90.4616129032258,0.5333333333333333,0.63,21.81,11.43,2.13,-0.5,9.383333333333333,20.133333333333333,10.636666666666667,22.31,6.723333333333333
Spain,ESP,2023-08-01,96.09322580645161,0.5933333333333333,0.9166666666666666,20.91,11.25,1.7699999999999998,-1.25,9.233333333333333,20.16,10.173333333333334,22.16,7.513333333333333
Spain,ESP,2023-09-01,103.35833333333333,0.5533333333333333,0.98,18.74,12.383333333333333,1.9366666666666665,-0.65,9.366666666666665,17.816666666666666,8.046666666666667,19.39,7.156666666666666
Spain,ESP,2023-10-01,89.84096774193549,0.49,0.91,18.96,10.423333333333334,3.0366666666666666,-0.38,7.759999999999999,21.286666666666665,5.91,19.34,11.726666666666667
Spain,ESP,2023-11-01,63.57166666666667,0.4566666666666667,0.5399999999999999,19.1,7.103333333333333,6.5,-0.85,7.563333333333333,25.176666666666666,4.383333333333334,19.95,13.716666666666667
Spain,ESP,2023-12-01,72.11548387096774,0.4633333333333334,0.5033333333333333,20.03,7.6433333333333335,7.156666666666666,-0.76,9.673333333333334,22.86,3.983333333333334,20.79,11.14
Spain,ESP,2024-01-01,74.1083870967742,0.51,0.6,21.05,8.49,6.876666666666666,-0.49,9.696666666666667,22.246666666666666,4.096666666666667,21.54,10.65
Spain,ESP,2024-02-01,39.90275862068966,0.46666666666666673,0.48333333333333334,19.41,5.82,5.66,-1.12,8.813333333333334,25.33666666666667,5.896666666666667,20.53,13.196666666666667
Spain,ESP,2024-03-01,20.276129032258062,0.5833333333333334,0.5,20.06,5.466666666666666,8.713333333333333,-0.84,6.773333333333333,27.89,7.076666666666667,20.9,11.4
Spain,ESP,2024-04-01,13.766,0.6066666666666666,0.52,18.63,5.036666666666666,7.466666666666668,-1.19,7.12,27.61666666666667,10.336666666666666,19.82,9.106666666666667
Spain,ESP,2024-05-01,30.316129032258065,0.59,0.5066666666666667,19.52,5.526666666666667,5.486666666666667,-0.99,6.94,27.51,13.209999999999999,20.51,8.106666666666667
Spain,ESP,2024-06-01,56.26233333333333,0.63,0.4366666666666667,19.24,5.983333333333333,4.273333333333333,-1.23,8.58,25.436666666666667,12.003333333333332,20.47,8.433333333333334
Spain,ESP,2024-07-01,72.43290322580646,0.6266666666666666,0.44333333333333336,22.25,7.663333333333334,3.27,-0.96,9.0,24.493333333333336,13.286666666666667,23.21,7.22
Spain,ESP,2024-08-01,91.09870967741935,0.5766666666666667,0.5033333333333333,21.64,8.326666666666666,2.893333333333333,-0.39,9.483333333333333,22.906666666666666,12.44,22.03,6.903333333333333
Spain,ESP,2024-09-01,72.53866666666666,0.5533333333333333,0.6966666666666667,19.13,7.36,3.02,-1.14,9.94,22.58,10.046666666666667,20.27,8.860000000000001
Spain,ESP,2024-10-01,68.49129032258064,0.52,0.7266666666666667,19.1,7.156666666666666,5.319999999999999,-0.9,9.266666666666666,23.293333333333337,6.170000000000001,20.0,11.163333333333334
Spain,ESP,2024-11-01,104.481,0.6333333333333333,0.71,18.46,10.81,4.956666666666667,-0.4,7.633333333333333,21.133333333333333,5.333333333333333,18.86,10.103333333333333
Spain,ESP,2024-12-01,111.25322580645161,0.6366666666666667,0.7033333333333333,20.39,12.053333333333335,4.416666666666667,-0.6,8.173333333333334,20.3,5.213333333333334,20.99,9.916666666666666
