timestamp,country,forecast_price_eur_mwh,forecast_hour,model
2026-07-26 22:00:00+00:00,italy,152.47939,1,XGBoost
2026-07-26 23:00:00+00:00,italy,142.8686,2,XGBoost
2026-07-27 00:00:00+00:00,italy,134.71162,3,XGBoost
2026-07-27 01:00:00+00:00,italy,128.24532,4,XGBoost
2026-07-27 02:00:00+00:00,italy,124.25609,5,XGBoost
2026-07-27 03:00:00+00:00,italy,126.09997,6,XGBoost
2026-07-27 04:00:00+00:00,italy,133.44524,7,XGBoost
2026-07-27 05:00:00+00:00,italy,132.97542,8,XGBoost
2026-07-27 06:00:00+00:00,italy,129.29926,9,XGBoost
2026-07-27 07:00:00+00:00,italy,120.984055,10,XGBoost
2026-07-27 08:00:00+00:00,italy,111.1819,11,XGBoost
2026-07-27 09:00:00+00:00,italy,102.33881,12,XGBoost
2026-07-27 10:00:00+00:00,italy,78.87862,13,XGBoost
2026-07-27 11:00:00+00:00,italy,84.51931,14,XGBoost
2026-07-27 12:00:00+00:00,italy,88.60736,15,XGBoost
2026-07-27 13:00:00+00:00,italy,90.489365,16,XGBoost
2026-07-27 14:00:00+00:00,italy,88.93009,17,XGBoost
2026-07-27 15:00:00+00:00,italy,101.143486,18,XGBoost
2026-07-27 16:00:00+00:00,italy,107.8748,19,XGBoost
2026-07-27 17:00:00+00:00,italy,119.50996,20,XGBoost
2026-07-27 18:00:00+00:00,italy,134.12132,21,XGBoost
2026-07-27 19:00:00+00:00,italy,128.16113,22,XGBoost
2026-07-27 20:00:00+00:00,italy,125.38025,23,XGBoost
2026-07-27 21:00:00+00:00,italy,125.70817,24,XGBoost
2026-07-27 22:00:00+00:00,italy,125.540924,25,XGBoost
2026-07-27 23:00:00+00:00,italy,125.132256,26,XGBoost
2026-07-28 00:00:00+00:00,italy,125.07395,27,XGBoost
2026-07-28 01:00:00+00:00,italy,123.98502,28,XGBoost
2026-07-28 02:00:00+00:00,italy,123.78866,29,XGBoost
2026-07-28 03:00:00+00:00,italy,125.28802,30,XGBoost
2026-07-28 04:00:00+00:00,italy,132.84177,31,XGBoost
2026-07-28 05:00:00+00:00,italy,131.80315,32,XGBoost
2026-07-28 06:00:00+00:00,italy,127.31767,33,XGBoost
2026-07-28 07:00:00+00:00,italy,117.127,34,XGBoost
2026-07-28 08:00:00+00:00,italy,107.94445,35,XGBoost
2026-07-28 09:00:00+00:00,italy,91.76172,36,XGBoost
2026-07-28 10:00:00+00:00,italy,77.38654,37,XGBoost
2026-07-28 11:00:00+00:00,italy,81.35187,38,XGBoost
2026-07-28 12:00:00+00:00,italy,85.89681,39,XGBoost
2026-07-28 13:00:00+00:00,italy,88.30041,40,XGBoost
2026-07-28 14:00:00+00:00,italy,91.31378,41,XGBoost
2026-07-28 15:00:00+00:00,italy,89.94788,42,XGBoost
2026-07-28 16:00:00+00:00,italy,103.583954,43,XGBoost
2026-07-28 17:00:00+00:00,italy,109.84035,44,XGBoost
2026-07-28 18:00:00+00:00,italy,122.433044,45,XGBoost
2026-07-28 19:00:00+00:00,italy,125.79506,46,XGBoost
2026-07-28 20:00:00+00:00,italy,126.395386,47,XGBoost
2026-07-28 21:00:00+00:00,italy,125.89735,48,XGBoost
2026-07-28 22:00:00+00:00,italy,125.62172,49,XGBoost
2026-07-28 23:00:00+00:00,italy,126.12939,50,XGBoost
2026-07-29 00:00:00+00:00,italy,124.513084,51,XGBoost
2026-07-29 01:00:00+00:00,italy,123.24297,52,XGBoost
2026-07-29 02:00:00+00:00,italy,123.24645,53,XGBoost
2026-07-29 03:00:00+00:00,italy,124.78321,54,XGBoost
2026-07-29 04:00:00+00:00,italy,130.43608,55,XGBoost
2026-07-29 05:00:00+00:00,italy,129.52914,56,XGBoost
2026-07-29 06:00:00+00:00,italy,124.76891,57,XGBoost
2026-07-29 07:00:00+00:00,italy,114.979836,58,XGBoost
2026-07-29 08:00:00+00:00,italy,106.88356,59,XGBoost
2026-07-29 09:00:00+00:00,italy,89.26762,60,XGBoost
2026-07-29 10:00:00+00:00,italy,77.27201,61,XGBoost
2026-07-29 11:00:00+00:00,italy,79.71539,62,XGBoost
2026-07-29 12:00:00+00:00,italy,84.46657,63,XGBoost
2026-07-29 13:00:00+00:00,italy,86.17267,64,XGBoost
2026-07-29 14:00:00+00:00,italy,89.59934,65,XGBoost
2026-07-29 15:00:00+00:00,italy,93.450714,66,XGBoost
2026-07-29 16:00:00+00:00,italy,103.77153,67,XGBoost
2026-07-29 17:00:00+00:00,italy,110.35385,68,XGBoost
2026-07-29 18:00:00+00:00,italy,119.59388,69,XGBoost
2026-07-29 19:00:00+00:00,italy,127.75701,70,XGBoost
2026-07-29 20:00:00+00:00,italy,125.98237,71,XGBoost
2026-07-29 21:00:00+00:00,italy,126.0171,72,XGBoost
2026-07-29 22:00:00+00:00,italy,125.88064,73,XGBoost
2026-07-29 23:00:00+00:00,italy,126.46015,74,XGBoost
2026-07-30 00:00:00+00:00,italy,125.94158,75,XGBoost
2026-07-30 01:00:00+00:00,italy,124.681854,76,XGBoost
2026-07-30 02:00:00+00:00,italy,124.3277,77,XGBoost
2026-07-30 03:00:00+00:00,italy,126.33647,78,XGBoost
2026-07-30 04:00:00+00:00,italy,132.26903,79,XGBoost
2026-07-30 05:00:00+00:00,italy,130.15239,80,XGBoost
2026-07-30 06:00:00+00:00,italy,127.06567,81,XGBoost
2026-07-30 07:00:00+00:00,italy,116.29177,82,XGBoost
2026-07-30 08:00:00+00:00,italy,106.47242,83,XGBoost
2026-07-30 09:00:00+00:00,italy,81.18391,84,XGBoost
2026-07-30 10:00:00+00:00,italy,74.47982,85,XGBoost
2026-07-30 11:00:00+00:00,italy,73.78194,86,XGBoost
2026-07-30 12:00:00+00:00,italy,68.96699,87,XGBoost
2026-07-30 13:00:00+00:00,italy,69.86926,88,XGBoost
2026-07-30 14:00:00+00:00,italy,74.63105,89,XGBoost
2026-07-30 15:00:00+00:00,italy,93.96719,90,XGBoost
2026-07-30 16:00:00+00:00,italy,101.06256,91,XGBoost
2026-07-30 17:00:00+00:00,italy,107.08477,92,XGBoost
2026-07-30 18:00:00+00:00,italy,112.73662,93,XGBoost
2026-07-30 19:00:00+00:00,italy,120.11257,94,XGBoost
2026-07-30 20:00:00+00:00,italy,128.84712,95,XGBoost
2026-07-30 21:00:00+00:00,italy,127.62378,96,XGBoost
2026-07-30 22:00:00+00:00,italy,127.22013,97,XGBoost
2026-07-30 23:00:00+00:00,italy,131.00342,98,XGBoost
2026-07-31 00:00:00+00:00,italy,114.02261,99,XGBoost
2026-07-31 01:00:00+00:00,italy,107.2825,100,XGBoost
2026-07-31 02:00:00+00:00,italy,93.03433,101,XGBoost
2026-07-31 03:00:00+00:00,italy,83.64807,102,XGBoost
2026-07-31 04:00:00+00:00,italy,89.58164,103,XGBoost
2026-07-31 05:00:00+00:00,italy,84.22235,104,XGBoost
2026-07-31 06:00:00+00:00,italy,77.68988,105,XGBoost
2026-07-31 07:00:00+00:00,italy,67.11665,106,XGBoost
2026-07-31 08:00:00+00:00,italy,38.338802,107,XGBoost
2026-07-31 09:00:00+00:00,italy,34.613056,108,XGBoost
2026-07-31 10:00:00+00:00,italy,33.43049,109,XGBoost
2026-07-31 11:00:00+00:00,italy,32.62714,110,XGBoost
2026-07-31 12:00:00+00:00,italy,15.809108,111,XGBoost
2026-07-31 13:00:00+00:00,italy,16.215122,112,XGBoost
2026-07-31 14:00:00+00:00,italy,18.773388,113,XGBoost
2026-07-31 15:00:00+00:00,italy,63.12599,114,XGBoost
2026-07-31 16:00:00+00:00,italy,103.00784,115,XGBoost
2026-07-31 17:00:00+00:00,italy,106.324615,116,XGBoost
2026-07-31 18:00:00+00:00,italy,110.05838,117,XGBoost
2026-07-31 19:00:00+00:00,italy,112.48598,118,XGBoost
2026-07-31 20:00:00+00:00,italy,114.34076,119,XGBoost
2026-07-31 21:00:00+00:00,italy,115.3788,120,XGBoost
2026-07-31 22:00:00+00:00,italy,122.00162,121,XGBoost
2026-07-31 23:00:00+00:00,italy,125.50124,122,XGBoost
2026-08-01 00:00:00+00:00,italy,110.81726,123,XGBoost
2026-08-01 01:00:00+00:00,italy,99.17707,124,XGBoost
2026-08-01 02:00:00+00:00,italy,86.00888,125,XGBoost
2026-08-01 03:00:00+00:00,italy,90.787025,126,XGBoost
2026-08-01 04:00:00+00:00,italy,85.05208,127,XGBoost
2026-08-01 05:00:00+00:00,italy,86.1886,128,XGBoost
2026-08-01 06:00:00+00:00,italy,78.67104,129,XGBoost
2026-08-01 07:00:00+00:00,italy,65.787636,130,XGBoost
2026-08-01 08:00:00+00:00,italy,37.58862,131,XGBoost
2026-08-01 09:00:00+00:00,italy,35.121006,132,XGBoost
2026-08-01 10:00:00+00:00,italy,36.659218,133,XGBoost
2026-08-01 11:00:00+00:00,italy,35.85587,134,XGBoost
2026-08-01 12:00:00+00:00,italy,37.186333,135,XGBoost
2026-08-01 13:00:00+00:00,italy,40.399685,136,XGBoost
2026-08-01 14:00:00+00:00,italy,41.188393,137,XGBoost
2026-08-01 15:00:00+00:00,italy,77.27841,138,XGBoost
2026-08-01 16:00:00+00:00,italy,103.952866,139,XGBoost
2026-08-01 17:00:00+00:00,italy,107.20553,140,XGBoost
2026-08-01 18:00:00+00:00,italy,110.01162,141,XGBoost
2026-08-01 19:00:00+00:00,italy,109.586555,142,XGBoost
2026-08-01 20:00:00+00:00,italy,107.6679,143,XGBoost
2026-08-01 21:00:00+00:00,italy,103.38239,144,XGBoost
2026-08-01 22:00:00+00:00,italy,97.84322,145,XGBoost
2026-08-01 23:00:00+00:00,italy,96.27314,146,XGBoost
2026-08-02 00:00:00+00:00,italy,104.71045,147,XGBoost
2026-08-02 01:00:00+00:00,italy,104.27747,148,XGBoost
2026-08-02 02:00:00+00:00,italy,106.11777,149,XGBoost
2026-08-02 03:00:00+00:00,italy,111.41341,150,XGBoost
2026-08-02 04:00:00+00:00,italy,123.31082,151,XGBoost
2026-08-02 05:00:00+00:00,italy,122.432655,152,XGBoost
2026-08-02 06:00:00+00:00,italy,117.07309,153,XGBoost
2026-08-02 07:00:00+00:00,italy,103.54834,154,XGBoost
2026-08-02 08:00:00+00:00,italy,91.06172,155,XGBoost
2026-08-02 09:00:00+00:00,italy,89.85726,156,XGBoost
2026-08-02 10:00:00+00:00,italy,91.78688,157,XGBoost
2026-08-02 11:00:00+00:00,italy,91.57644,158,XGBoost
2026-08-02 12:00:00+00:00,italy,85.0519,159,XGBoost
2026-08-02 13:00:00+00:00,italy,96.29196,160,XGBoost
2026-08-02 14:00:00+00:00,italy,103.44731,161,XGBoost
2026-08-02 15:00:00+00:00,italy,110.80839,162,XGBoost
2026-08-02 16:00:00+00:00,italy,134.57103,163,XGBoost
2026-08-02 17:00:00+00:00,italy,150.93608,164,XGBoost
2026-08-02 18:00:00+00:00,italy,163.26665,165,XGBoost
2026-08-02 19:00:00+00:00,italy,163.10974,166,XGBoost
2026-08-02 20:00:00+00:00,italy,155.06871,167,XGBoost
2026-08-02 21:00:00+00:00,italy,149.69196,168,XGBoost
2026-08-02 22:00:00+00:00,italy,143.3453,169,XGBoost
2026-08-02 23:00:00+00:00,italy,140.42184,170,XGBoost
2026-08-03 00:00:00+00:00,italy,131.07286,171,XGBoost
2026-08-03 01:00:00+00:00,italy,125.44978,172,XGBoost
2026-08-03 02:00:00+00:00,italy,124.93789,173,XGBoost
2026-08-03 03:00:00+00:00,italy,125.510315,174,XGBoost
2026-08-03 04:00:00+00:00,italy,133.35266,175,XGBoost
2026-08-03 05:00:00+00:00,italy,132.97542,176,XGBoost
2026-08-03 06:00:00+00:00,italy,129.29926,177,XGBoost
2026-08-03 07:00:00+00:00,italy,120.984055,178,XGBoost
2026-08-03 08:00:00+00:00,italy,111.1819,179,XGBoost
2026-08-03 09:00:00+00:00,italy,102.33881,180,XGBoost
2026-08-03 10:00:00+00:00,italy,78.87862,181,XGBoost
2026-08-03 11:00:00+00:00,italy,84.51931,182,XGBoost
2026-08-03 12:00:00+00:00,italy,88.60736,183,XGBoost
2026-08-03 13:00:00+00:00,italy,90.489365,184,XGBoost
2026-08-03 14:00:00+00:00,italy,88.93009,185,XGBoost
2026-08-03 15:00:00+00:00,italy,101.143486,186,XGBoost
2026-08-03 16:00:00+00:00,italy,107.8748,187,XGBoost
2026-08-03 17:00:00+00:00,italy,119.50996,188,XGBoost
2026-08-03 18:00:00+00:00,italy,134.12132,189,XGBoost
2026-08-03 19:00:00+00:00,italy,128.16113,190,XGBoost
2026-08-03 20:00:00+00:00,italy,125.38025,191,XGBoost
2026-08-03 21:00:00+00:00,italy,125.70817,192,XGBoost
2026-08-03 22:00:00+00:00,italy,125.540924,193,XGBoost
2026-08-03 23:00:00+00:00,italy,125.132256,194,XGBoost
2026-08-04 00:00:00+00:00,italy,125.07395,195,XGBoost
2026-08-04 01:00:00+00:00,italy,123.98502,196,XGBoost
2026-08-04 02:00:00+00:00,italy,123.78866,197,XGBoost
2026-08-04 03:00:00+00:00,italy,125.28802,198,XGBoost
2026-08-04 04:00:00+00:00,italy,132.84177,199,XGBoost
2026-08-04 05:00:00+00:00,italy,131.80315,200,XGBoost
2026-08-04 06:00:00+00:00,italy,127.31767,201,XGBoost
2026-08-04 07:00:00+00:00,italy,117.127,202,XGBoost
2026-08-04 08:00:00+00:00,italy,107.94445,203,XGBoost
2026-08-04 09:00:00+00:00,italy,91.76172,204,XGBoost
2026-08-04 10:00:00+00:00,italy,77.38654,205,XGBoost
2026-08-04 11:00:00+00:00,italy,81.35187,206,XGBoost
2026-08-04 12:00:00+00:00,italy,85.89681,207,XGBoost
2026-08-04 13:00:00+00:00,italy,88.30041,208,XGBoost
2026-08-04 14:00:00+00:00,italy,91.31378,209,XGBoost
2026-08-04 15:00:00+00:00,italy,89.94788,210,XGBoost
2026-08-04 16:00:00+00:00,italy,103.583954,211,XGBoost
2026-08-04 17:00:00+00:00,italy,109.84035,212,XGBoost
2026-08-04 18:00:00+00:00,italy,122.433044,213,XGBoost
2026-08-04 19:00:00+00:00,italy,125.79506,214,XGBoost
2026-08-04 20:00:00+00:00,italy,126.395386,215,XGBoost
2026-08-04 21:00:00+00:00,italy,125.89735,216,XGBoost
2026-08-04 22:00:00+00:00,italy,125.62172,217,XGBoost
2026-08-04 23:00:00+00:00,italy,126.12939,218,XGBoost
2026-08-05 00:00:00+00:00,italy,124.513084,219,XGBoost
2026-08-05 01:00:00+00:00,italy,123.24297,220,XGBoost
2026-08-05 02:00:00+00:00,italy,123.24645,221,XGBoost
2026-08-05 03:00:00+00:00,italy,124.78321,222,XGBoost
2026-08-05 04:00:00+00:00,italy,130.43608,223,XGBoost
2026-08-05 05:00:00+00:00,italy,129.52914,224,XGBoost
2026-08-05 06:00:00+00:00,italy,124.76891,225,XGBoost
2026-08-05 07:00:00+00:00,italy,114.979836,226,XGBoost
2026-08-05 08:00:00+00:00,italy,106.88356,227,XGBoost
2026-08-05 09:00:00+00:00,italy,89.26762,228,XGBoost
2026-08-05 10:00:00+00:00,italy,77.27201,229,XGBoost
2026-08-05 11:00:00+00:00,italy,79.71539,230,XGBoost
2026-08-05 12:00:00+00:00,italy,84.46657,231,XGBoost
2026-08-05 13:00:00+00:00,italy,86.17267,232,XGBoost
2026-08-05 14:00:00+00:00,italy,89.59934,233,XGBoost
2026-08-05 15:00:00+00:00,italy,93.450714,234,XGBoost
2026-08-05 16:00:00+00:00,italy,103.77153,235,XGBoost
2026-08-05 17:00:00+00:00,italy,110.35385,236,XGBoost
2026-08-05 18:00:00+00:00,italy,119.59388,237,XGBoost
2026-08-05 19:00:00+00:00,italy,127.75701,238,XGBoost
2026-08-05 20:00:00+00:00,italy,125.98237,239,XGBoost
2026-08-05 21:00:00+00:00,italy,126.0171,240,XGBoost
2026-08-05 22:00:00+00:00,italy,125.88064,241,XGBoost
2026-08-05 23:00:00+00:00,italy,126.46015,242,XGBoost
2026-08-06 00:00:00+00:00,italy,125.94158,243,XGBoost
2026-08-06 01:00:00+00:00,italy,124.681854,244,XGBoost
2026-08-06 02:00:00+00:00,italy,124.3277,245,XGBoost
2026-08-06 03:00:00+00:00,italy,126.33647,246,XGBoost
2026-08-06 04:00:00+00:00,italy,132.26903,247,XGBoost
2026-08-06 05:00:00+00:00,italy,130.15239,248,XGBoost
2026-08-06 06:00:00+00:00,italy,127.06567,249,XGBoost
2026-08-06 07:00:00+00:00,italy,116.29177,250,XGBoost
2026-08-06 08:00:00+00:00,italy,106.47242,251,XGBoost
2026-08-06 09:00:00+00:00,italy,81.18391,252,XGBoost
2026-08-06 10:00:00+00:00,italy,74.47982,253,XGBoost
2026-08-06 11:00:00+00:00,italy,73.78194,254,XGBoost
2026-08-06 12:00:00+00:00,italy,68.96699,255,XGBoost
2026-08-06 13:00:00+00:00,italy,69.86926,256,XGBoost
2026-08-06 14:00:00+00:00,italy,74.63105,257,XGBoost
2026-08-06 15:00:00+00:00,italy,93.96719,258,XGBoost
2026-08-06 16:00:00+00:00,italy,101.06256,259,XGBoost
2026-08-06 17:00:00+00:00,italy,107.08477,260,XGBoost
2026-08-06 18:00:00+00:00,italy,112.73662,261,XGBoost
2026-08-06 19:00:00+00:00,italy,120.11257,262,XGBoost
2026-08-06 20:00:00+00:00,italy,128.84712,263,XGBoost
2026-08-06 21:00:00+00:00,italy,127.62378,264,XGBoost
2026-08-06 22:00:00+00:00,italy,127.22013,265,XGBoost
2026-08-06 23:00:00+00:00,italy,131.00342,266,XGBoost
2026-08-07 00:00:00+00:00,italy,114.02261,267,XGBoost
2026-08-07 01:00:00+00:00,italy,107.2825,268,XGBoost
2026-08-07 02:00:00+00:00,italy,93.03433,269,XGBoost
2026-08-07 03:00:00+00:00,italy,83.64807,270,XGBoost
2026-08-07 04:00:00+00:00,italy,89.58164,271,XGBoost
2026-08-07 05:00:00+00:00,italy,84.22235,272,XGBoost
2026-08-07 06:00:00+00:00,italy,77.68988,273,XGBoost
2026-08-07 07:00:00+00:00,italy,67.11665,274,XGBoost
2026-08-07 08:00:00+00:00,italy,38.338802,275,XGBoost
2026-08-07 09:00:00+00:00,italy,34.613056,276,XGBoost
2026-08-07 10:00:00+00:00,italy,33.43049,277,XGBoost
2026-08-07 11:00:00+00:00,italy,32.62714,278,XGBoost
2026-08-07 12:00:00+00:00,italy,15.809108,279,XGBoost
2026-08-07 13:00:00+00:00,italy,16.215122,280,XGBoost
2026-08-07 14:00:00+00:00,italy,18.773388,281,XGBoost
2026-08-07 15:00:00+00:00,italy,63.12599,282,XGBoost
2026-08-07 16:00:00+00:00,italy,103.00784,283,XGBoost
2026-08-07 17:00:00+00:00,italy,106.324615,284,XGBoost
2026-08-07 18:00:00+00:00,italy,110.05838,285,XGBoost
2026-08-07 19:00:00+00:00,italy,112.48598,286,XGBoost
2026-08-07 20:00:00+00:00,italy,114.34076,287,XGBoost
2026-08-07 21:00:00+00:00,italy,115.3788,288,XGBoost
2026-08-07 22:00:00+00:00,italy,122.00162,289,XGBoost
2026-08-07 23:00:00+00:00,italy,125.50124,290,XGBoost
2026-08-08 00:00:00+00:00,italy,110.81726,291,XGBoost
2026-08-08 01:00:00+00:00,italy,99.17707,292,XGBoost
2026-08-08 02:00:00+00:00,italy,86.00888,293,XGBoost
2026-08-08 03:00:00+00:00,italy,90.787025,294,XGBoost
2026-08-08 04:00:00+00:00,italy,85.05208,295,XGBoost
2026-08-08 05:00:00+00:00,italy,86.1886,296,XGBoost
2026-08-08 06:00:00+00:00,italy,78.67104,297,XGBoost
2026-08-08 07:00:00+00:00,italy,65.787636,298,XGBoost
2026-08-08 08:00:00+00:00,italy,37.58862,299,XGBoost
2026-08-08 09:00:00+00:00,italy,35.121006,300,XGBoost
2026-08-08 10:00:00+00:00,italy,36.659218,301,XGBoost
2026-08-08 11:00:00+00:00,italy,35.85587,302,XGBoost
2026-08-08 12:00:00+00:00,italy,37.186333,303,XGBoost
2026-08-08 13:00:00+00:00,italy,40.399685,304,XGBoost
2026-08-08 14:00:00+00:00,italy,41.188393,305,XGBoost
2026-08-08 15:00:00+00:00,italy,77.27841,306,XGBoost
2026-08-08 16:00:00+00:00,italy,103.952866,307,XGBoost
2026-08-08 17:00:00+00:00,italy,107.20553,308,XGBoost
2026-08-08 18:00:00+00:00,italy,110.01162,309,XGBoost
2026-08-08 19:00:00+00:00,italy,109.586555,310,XGBoost
2026-08-08 20:00:00+00:00,italy,107.6679,311,XGBoost
2026-08-08 21:00:00+00:00,italy,103.38239,312,XGBoost
2026-08-08 22:00:00+00:00,italy,97.84322,313,XGBoost
2026-08-08 23:00:00+00:00,italy,96.27314,314,XGBoost
2026-08-09 00:00:00+00:00,italy,104.71045,315,XGBoost
2026-08-09 01:00:00+00:00,italy,104.27747,316,XGBoost
2026-08-09 02:00:00+00:00,italy,106.11777,317,XGBoost
2026-08-09 03:00:00+00:00,italy,111.41341,318,XGBoost
2026-08-09 04:00:00+00:00,italy,123.31082,319,XGBoost
2026-08-09 05:00:00+00:00,italy,122.432655,320,XGBoost
2026-08-09 06:00:00+00:00,italy,117.07309,321,XGBoost
2026-08-09 07:00:00+00:00,italy,103.54834,322,XGBoost
2026-08-09 08:00:00+00:00,italy,91.06172,323,XGBoost
2026-08-09 09:00:00+00:00,italy,89.85726,324,XGBoost
2026-08-09 10:00:00+00:00,italy,91.78688,325,XGBoost
2026-08-09 11:00:00+00:00,italy,91.57644,326,XGBoost
2026-08-09 12:00:00+00:00,italy,85.0519,327,XGBoost
2026-08-09 13:00:00+00:00,italy,96.29196,328,XGBoost
2026-08-09 14:00:00+00:00,italy,103.44731,329,XGBoost
2026-08-09 15:00:00+00:00,italy,110.80839,330,XGBoost
2026-08-09 16:00:00+00:00,italy,134.57103,331,XGBoost
2026-08-09 17:00:00+00:00,italy,150.93608,332,XGBoost
2026-08-09 18:00:00+00:00,italy,163.26665,333,XGBoost
2026-08-09 19:00:00+00:00,italy,163.10974,334,XGBoost
2026-08-09 20:00:00+00:00,italy,155.06871,335,XGBoost
2026-08-09 21:00:00+00:00,italy,149.69196,336,XGBoost
2026-08-09 22:00:00+00:00,italy,143.3453,337,XGBoost
2026-08-09 23:00:00+00:00,italy,140.42184,338,XGBoost
2026-08-10 00:00:00+00:00,italy,131.07286,339,XGBoost
2026-08-10 01:00:00+00:00,italy,125.44978,340,XGBoost
2026-08-10 02:00:00+00:00,italy,124.93789,341,XGBoost
2026-08-10 03:00:00+00:00,italy,125.510315,342,XGBoost
2026-08-10 04:00:00+00:00,italy,133.35266,343,XGBoost
2026-08-10 05:00:00+00:00,italy,132.97542,344,XGBoost
2026-08-10 06:00:00+00:00,italy,129.29926,345,XGBoost
2026-08-10 07:00:00+00:00,italy,120.984055,346,XGBoost
2026-08-10 08:00:00+00:00,italy,111.1819,347,XGBoost
2026-08-10 09:00:00+00:00,italy,102.33881,348,XGBoost
2026-08-10 10:00:00+00:00,italy,78.87862,349,XGBoost
2026-08-10 11:00:00+00:00,italy,84.51931,350,XGBoost
2026-08-10 12:00:00+00:00,italy,88.60736,351,XGBoost
2026-08-10 13:00:00+00:00,italy,90.489365,352,XGBoost
2026-08-10 14:00:00+00:00,italy,88.93009,353,XGBoost
2026-08-10 15:00:00+00:00,italy,101.143486,354,XGBoost
2026-08-10 16:00:00+00:00,italy,107.8748,355,XGBoost
2026-08-10 17:00:00+00:00,italy,119.50996,356,XGBoost
2026-08-10 18:00:00+00:00,italy,134.12132,357,XGBoost
2026-08-10 19:00:00+00:00,italy,128.16113,358,XGBoost
2026-08-10 20:00:00+00:00,italy,125.38025,359,XGBoost
2026-08-10 21:00:00+00:00,italy,125.70817,360,XGBoost
2026-08-10 22:00:00+00:00,italy,125.540924,361,XGBoost
2026-08-10 23:00:00+00:00,italy,125.132256,362,XGBoost
2026-08-11 00:00:00+00:00,italy,125.07395,363,XGBoost
2026-08-11 01:00:00+00:00,italy,123.98502,364,XGBoost
2026-08-11 02:00:00+00:00,italy,123.78866,365,XGBoost
2026-08-11 03:00:00+00:00,italy,125.28802,366,XGBoost
2026-08-11 04:00:00+00:00,italy,132.84177,367,XGBoost
2026-08-11 05:00:00+00:00,italy,131.80315,368,XGBoost
2026-08-11 06:00:00+00:00,italy,127.31767,369,XGBoost
2026-08-11 07:00:00+00:00,italy,117.127,370,XGBoost
2026-08-11 08:00:00+00:00,italy,107.94445,371,XGBoost
2026-08-11 09:00:00+00:00,italy,91.76172,372,XGBoost
2026-08-11 10:00:00+00:00,italy,77.38654,373,XGBoost
2026-08-11 11:00:00+00:00,italy,81.35187,374,XGBoost
2026-08-11 12:00:00+00:00,italy,85.89681,375,XGBoost
2026-08-11 13:00:00+00:00,italy,88.30041,376,XGBoost
2026-08-11 14:00:00+00:00,italy,91.31378,377,XGBoost
2026-08-11 15:00:00+00:00,italy,89.94788,378,XGBoost
2026-08-11 16:00:00+00:00,italy,103.583954,379,XGBoost
2026-08-11 17:00:00+00:00,italy,109.84035,380,XGBoost
2026-08-11 18:00:00+00:00,italy,122.433044,381,XGBoost
2026-08-11 19:00:00+00:00,italy,125.79506,382,XGBoost
2026-08-11 20:00:00+00:00,italy,126.395386,383,XGBoost
2026-08-11 21:00:00+00:00,italy,125.89735,384,XGBoost
2026-08-11 22:00:00+00:00,italy,125.62172,385,XGBoost
2026-08-11 23:00:00+00:00,italy,126.12939,386,XGBoost
2026-08-12 00:00:00+00:00,italy,124.513084,387,XGBoost
2026-08-12 01:00:00+00:00,italy,123.24297,388,XGBoost
2026-08-12 02:00:00+00:00,italy,123.24645,389,XGBoost
2026-08-12 03:00:00+00:00,italy,124.78321,390,XGBoost
2026-08-12 04:00:00+00:00,italy,130.43608,391,XGBoost
2026-08-12 05:00:00+00:00,italy,129.52914,392,XGBoost
2026-08-12 06:00:00+00:00,italy,124.76891,393,XGBoost
2026-08-12 07:00:00+00:00,italy,114.979836,394,XGBoost
2026-08-12 08:00:00+00:00,italy,106.88356,395,XGBoost
2026-08-12 09:00:00+00:00,italy,89.26762,396,XGBoost
2026-08-12 10:00:00+00:00,italy,77.27201,397,XGBoost
2026-08-12 11:00:00+00:00,italy,79.71539,398,XGBoost
2026-08-12 12:00:00+00:00,italy,84.46657,399,XGBoost
2026-08-12 13:00:00+00:00,italy,86.17267,400,XGBoost
2026-08-12 14:00:00+00:00,italy,89.59934,401,XGBoost
2026-08-12 15:00:00+00:00,italy,93.450714,402,XGBoost
2026-08-12 16:00:00+00:00,italy,103.77153,403,XGBoost
2026-08-12 17:00:00+00:00,italy,110.35385,404,XGBoost
2026-08-12 18:00:00+00:00,italy,119.59388,405,XGBoost
2026-08-12 19:00:00+00:00,italy,127.75701,406,XGBoost
2026-08-12 20:00:00+00:00,italy,125.98237,407,XGBoost
2026-08-12 21:00:00+00:00,italy,126.0171,408,XGBoost
2026-08-12 22:00:00+00:00,italy,125.88064,409,XGBoost
2026-08-12 23:00:00+00:00,italy,126.46015,410,XGBoost
2026-08-13 00:00:00+00:00,italy,125.94158,411,XGBoost
2026-08-13 01:00:00+00:00,italy,124.681854,412,XGBoost
2026-08-13 02:00:00+00:00,italy,124.3277,413,XGBoost
2026-08-13 03:00:00+00:00,italy,126.33647,414,XGBoost
2026-08-13 04:00:00+00:00,italy,132.26903,415,XGBoost
2026-08-13 05:00:00+00:00,italy,130.15239,416,XGBoost
2026-08-13 06:00:00+00:00,italy,127.06567,417,XGBoost
2026-08-13 07:00:00+00:00,italy,116.29177,418,XGBoost
2026-08-13 08:00:00+00:00,italy,106.47242,419,XGBoost
2026-08-13 09:00:00+00:00,italy,81.18391,420,XGBoost
2026-08-13 10:00:00+00:00,italy,74.47982,421,XGBoost
2026-08-13 11:00:00+00:00,italy,73.78194,422,XGBoost
2026-08-13 12:00:00+00:00,italy,68.96699,423,XGBoost
2026-08-13 13:00:00+00:00,italy,69.86926,424,XGBoost
2026-08-13 14:00:00+00:00,italy,74.63105,425,XGBoost
2026-08-13 15:00:00+00:00,italy,93.96719,426,XGBoost
2026-08-13 16:00:00+00:00,italy,101.06256,427,XGBoost
2026-08-13 17:00:00+00:00,italy,107.08477,428,XGBoost
2026-08-13 18:00:00+00:00,italy,112.73662,429,XGBoost
2026-08-13 19:00:00+00:00,italy,120.11257,430,XGBoost
2026-08-13 20:00:00+00:00,italy,128.84712,431,XGBoost
2026-08-13 21:00:00+00:00,italy,127.62378,432,XGBoost
2026-08-13 22:00:00+00:00,italy,127.22013,433,XGBoost
2026-08-13 23:00:00+00:00,italy,131.00342,434,XGBoost
2026-08-14 00:00:00+00:00,italy,114.02261,435,XGBoost
2026-08-14 01:00:00+00:00,italy,107.2825,436,XGBoost
2026-08-14 02:00:00+00:00,italy,93.03433,437,XGBoost
2026-08-14 03:00:00+00:00,italy,83.64807,438,XGBoost
2026-08-14 04:00:00+00:00,italy,89.58164,439,XGBoost
2026-08-14 05:00:00+00:00,italy,84.22235,440,XGBoost
2026-08-14 06:00:00+00:00,italy,77.68988,441,XGBoost
2026-08-14 07:00:00+00:00,italy,67.11665,442,XGBoost
2026-08-14 08:00:00+00:00,italy,38.338802,443,XGBoost
2026-08-14 09:00:00+00:00,italy,34.613056,444,XGBoost
2026-08-14 10:00:00+00:00,italy,33.43049,445,XGBoost
2026-08-14 11:00:00+00:00,italy,32.62714,446,XGBoost
2026-08-14 12:00:00+00:00,italy,15.809108,447,XGBoost
2026-08-14 13:00:00+00:00,italy,16.215122,448,XGBoost
2026-08-14 14:00:00+00:00,italy,18.773388,449,XGBoost
2026-08-14 15:00:00+00:00,italy,63.12599,450,XGBoost
2026-08-14 16:00:00+00:00,italy,103.00784,451,XGBoost
2026-08-14 17:00:00+00:00,italy,106.324615,452,XGBoost
2026-08-14 18:00:00+00:00,italy,110.05838,453,XGBoost
2026-08-14 19:00:00+00:00,italy,112.48598,454,XGBoost
2026-08-14 20:00:00+00:00,italy,114.34076,455,XGBoost
2026-08-14 21:00:00+00:00,italy,115.3788,456,XGBoost
2026-08-14 22:00:00+00:00,italy,122.00162,457,XGBoost
2026-08-14 23:00:00+00:00,italy,125.50124,458,XGBoost
2026-08-15 00:00:00+00:00,italy,110.81726,459,XGBoost
2026-08-15 01:00:00+00:00,italy,99.17707,460,XGBoost
2026-08-15 02:00:00+00:00,italy,86.00888,461,XGBoost
2026-08-15 03:00:00+00:00,italy,90.787025,462,XGBoost
2026-08-15 04:00:00+00:00,italy,85.05208,463,XGBoost
2026-08-15 05:00:00+00:00,italy,86.1886,464,XGBoost
2026-08-15 06:00:00+00:00,italy,78.67104,465,XGBoost
2026-08-15 07:00:00+00:00,italy,65.787636,466,XGBoost
2026-08-15 08:00:00+00:00,italy,37.58862,467,XGBoost
2026-08-15 09:00:00+00:00,italy,35.121006,468,XGBoost
2026-08-15 10:00:00+00:00,italy,36.659218,469,XGBoost
2026-08-15 11:00:00+00:00,italy,35.85587,470,XGBoost
2026-08-15 12:00:00+00:00,italy,37.186333,471,XGBoost
2026-08-15 13:00:00+00:00,italy,40.399685,472,XGBoost
2026-08-15 14:00:00+00:00,italy,41.188393,473,XGBoost
2026-08-15 15:00:00+00:00,italy,77.27841,474,XGBoost
2026-08-15 16:00:00+00:00,italy,103.952866,475,XGBoost
2026-08-15 17:00:00+00:00,italy,107.20553,476,XGBoost
2026-08-15 18:00:00+00:00,italy,110.01162,477,XGBoost
2026-08-15 19:00:00+00:00,italy,109.586555,478,XGBoost
2026-08-15 20:00:00+00:00,italy,107.6679,479,XGBoost
2026-08-15 21:00:00+00:00,italy,103.38239,480,XGBoost
2026-08-15 22:00:00+00:00,italy,97.84322,481,XGBoost
2026-08-15 23:00:00+00:00,italy,96.27314,482,XGBoost
2026-08-16 00:00:00+00:00,italy,104.71045,483,XGBoost
2026-08-16 01:00:00+00:00,italy,104.27747,484,XGBoost
2026-08-16 02:00:00+00:00,italy,106.11777,485,XGBoost
2026-08-16 03:00:00+00:00,italy,111.41341,486,XGBoost
2026-08-16 04:00:00+00:00,italy,123.31082,487,XGBoost
2026-08-16 05:00:00+00:00,italy,122.432655,488,XGBoost
2026-08-16 06:00:00+00:00,italy,117.07309,489,XGBoost
2026-08-16 07:00:00+00:00,italy,103.54834,490,XGBoost
2026-08-16 08:00:00+00:00,italy,91.06172,491,XGBoost
2026-08-16 09:00:00+00:00,italy,89.85726,492,XGBoost
2026-08-16 10:00:00+00:00,italy,91.78688,493,XGBoost
2026-08-16 11:00:00+00:00,italy,91.57644,494,XGBoost
2026-08-16 12:00:00+00:00,italy,85.0519,495,XGBoost
2026-08-16 13:00:00+00:00,italy,96.29196,496,XGBoost
2026-08-16 14:00:00+00:00,italy,103.44731,497,XGBoost
2026-08-16 15:00:00+00:00,italy,110.80839,498,XGBoost
2026-08-16 16:00:00+00:00,italy,134.57103,499,XGBoost
2026-08-16 17:00:00+00:00,italy,150.93608,500,XGBoost
2026-08-16 18:00:00+00:00,italy,163.26665,501,XGBoost
2026-08-16 19:00:00+00:00,italy,163.10974,502,XGBoost
2026-08-16 20:00:00+00:00,italy,155.06871,503,XGBoost
2026-08-16 21:00:00+00:00,italy,149.69196,504,XGBoost
2026-08-16 22:00:00+00:00,italy,143.3453,505,XGBoost
2026-08-16 23:00:00+00:00,italy,140.42184,506,XGBoost
2026-08-17 00:00:00+00:00,italy,131.07286,507,XGBoost
2026-08-17 01:00:00+00:00,italy,125.44978,508,XGBoost
2026-08-17 02:00:00+00:00,italy,124.93789,509,XGBoost
2026-08-17 03:00:00+00:00,italy,125.510315,510,XGBoost
2026-08-17 04:00:00+00:00,italy,133.35266,511,XGBoost
2026-08-17 05:00:00+00:00,italy,132.97542,512,XGBoost
2026-08-17 06:00:00+00:00,italy,129.29926,513,XGBoost
2026-08-17 07:00:00+00:00,italy,120.984055,514,XGBoost
2026-08-17 08:00:00+00:00,italy,111.1819,515,XGBoost
2026-08-17 09:00:00+00:00,italy,102.33881,516,XGBoost
2026-08-17 10:00:00+00:00,italy,78.87862,517,XGBoost
2026-08-17 11:00:00+00:00,italy,84.51931,518,XGBoost
2026-08-17 12:00:00+00:00,italy,88.60736,519,XGBoost
2026-08-17 13:00:00+00:00,italy,90.489365,520,XGBoost
2026-08-17 14:00:00+00:00,italy,88.93009,521,XGBoost
2026-08-17 15:00:00+00:00,italy,101.143486,522,XGBoost
2026-08-17 16:00:00+00:00,italy,107.8748,523,XGBoost
2026-08-17 17:00:00+00:00,italy,119.50996,524,XGBoost
2026-08-17 18:00:00+00:00,italy,134.12132,525,XGBoost
2026-08-17 19:00:00+00:00,italy,128.16113,526,XGBoost
2026-08-17 20:00:00+00:00,italy,125.38025,527,XGBoost
2026-08-17 21:00:00+00:00,italy,125.70817,528,XGBoost
2026-08-17 22:00:00+00:00,italy,125.540924,529,XGBoost
2026-08-17 23:00:00+00:00,italy,125.132256,530,XGBoost
2026-08-18 00:00:00+00:00,italy,125.07395,531,XGBoost
2026-08-18 01:00:00+00:00,italy,123.98502,532,XGBoost
2026-08-18 02:00:00+00:00,italy,123.78866,533,XGBoost
2026-08-18 03:00:00+00:00,italy,125.28802,534,XGBoost
2026-08-18 04:00:00+00:00,italy,132.84177,535,XGBoost
2026-08-18 05:00:00+00:00,italy,131.80315,536,XGBoost
2026-08-18 06:00:00+00:00,italy,127.31767,537,XGBoost
2026-08-18 07:00:00+00:00,italy,117.127,538,XGBoost
2026-08-18 08:00:00+00:00,italy,107.94445,539,XGBoost
2026-08-18 09:00:00+00:00,italy,91.76172,540,XGBoost
2026-08-18 10:00:00+00:00,italy,77.38654,541,XGBoost
2026-08-18 11:00:00+00:00,italy,81.35187,542,XGBoost
2026-08-18 12:00:00+00:00,italy,85.89681,543,XGBoost
2026-08-18 13:00:00+00:00,italy,88.30041,544,XGBoost
2026-08-18 14:00:00+00:00,italy,91.31378,545,XGBoost
2026-08-18 15:00:00+00:00,italy,89.94788,546,XGBoost
2026-08-18 16:00:00+00:00,italy,103.583954,547,XGBoost
2026-08-18 17:00:00+00:00,italy,109.84035,548,XGBoost
2026-08-18 18:00:00+00:00,italy,122.433044,549,XGBoost
2026-08-18 19:00:00+00:00,italy,125.79506,550,XGBoost
2026-08-18 20:00:00+00:00,italy,126.395386,551,XGBoost
2026-08-18 21:00:00+00:00,italy,125.89735,552,XGBoost
2026-08-18 22:00:00+00:00,italy,125.62172,553,XGBoost
2026-08-18 23:00:00+00:00,italy,126.12939,554,XGBoost
2026-08-19 00:00:00+00:00,italy,124.513084,555,XGBoost
2026-08-19 01:00:00+00:00,italy,123.24297,556,XGBoost
2026-08-19 02:00:00+00:00,italy,123.24645,557,XGBoost
2026-08-19 03:00:00+00:00,italy,124.78321,558,XGBoost
2026-08-19 04:00:00+00:00,italy,130.43608,559,XGBoost
2026-08-19 05:00:00+00:00,italy,129.52914,560,XGBoost
2026-08-19 06:00:00+00:00,italy,124.76891,561,XGBoost
2026-08-19 07:00:00+00:00,italy,114.979836,562,XGBoost
2026-08-19 08:00:00+00:00,italy,106.88356,563,XGBoost
2026-08-19 09:00:00+00:00,italy,89.26762,564,XGBoost
2026-08-19 10:00:00+00:00,italy,77.27201,565,XGBoost
2026-08-19 11:00:00+00:00,italy,79.71539,566,XGBoost
2026-08-19 12:00:00+00:00,italy,84.46657,567,XGBoost
2026-08-19 13:00:00+00:00,italy,86.17267,568,XGBoost
2026-08-19 14:00:00+00:00,italy,89.59934,569,XGBoost
2026-08-19 15:00:00+00:00,italy,93.450714,570,XGBoost
2026-08-19 16:00:00+00:00,italy,103.77153,571,XGBoost
2026-08-19 17:00:00+00:00,italy,110.35385,572,XGBoost
2026-08-19 18:00:00+00:00,italy,119.59388,573,XGBoost
2026-08-19 19:00:00+00:00,italy,127.75701,574,XGBoost
2026-08-19 20:00:00+00:00,italy,125.98237,575,XGBoost
2026-08-19 21:00:00+00:00,italy,126.0171,576,XGBoost
2026-08-19 22:00:00+00:00,italy,125.88064,577,XGBoost
2026-08-19 23:00:00+00:00,italy,126.46015,578,XGBoost
2026-08-20 00:00:00+00:00,italy,125.94158,579,XGBoost
2026-08-20 01:00:00+00:00,italy,124.681854,580,XGBoost
2026-08-20 02:00:00+00:00,italy,124.3277,581,XGBoost
2026-08-20 03:00:00+00:00,italy,126.33647,582,XGBoost
2026-08-20 04:00:00+00:00,italy,132.26903,583,XGBoost
2026-08-20 05:00:00+00:00,italy,130.15239,584,XGBoost
2026-08-20 06:00:00+00:00,italy,127.06567,585,XGBoost
2026-08-20 07:00:00+00:00,italy,116.29177,586,XGBoost
2026-08-20 08:00:00+00:00,italy,106.47242,587,XGBoost
2026-08-20 09:00:00+00:00,italy,81.18391,588,XGBoost
2026-08-20 10:00:00+00:00,italy,74.47982,589,XGBoost
2026-08-20 11:00:00+00:00,italy,73.78194,590,XGBoost
2026-08-20 12:00:00+00:00,italy,68.96699,591,XGBoost
2026-08-20 13:00:00+00:00,italy,69.86926,592,XGBoost
2026-08-20 14:00:00+00:00,italy,74.63105,593,XGBoost
2026-08-20 15:00:00+00:00,italy,93.96719,594,XGBoost
2026-08-20 16:00:00+00:00,italy,101.06256,595,XGBoost
2026-08-20 17:00:00+00:00,italy,107.08477,596,XGBoost
2026-08-20 18:00:00+00:00,italy,112.73662,597,XGBoost
2026-08-20 19:00:00+00:00,italy,120.11257,598,XGBoost
2026-08-20 20:00:00+00:00,italy,128.84712,599,XGBoost
2026-08-20 21:00:00+00:00,italy,127.62378,600,XGBoost
2026-08-20 22:00:00+00:00,italy,127.22013,601,XGBoost
2026-08-20 23:00:00+00:00,italy,131.00342,602,XGBoost
2026-08-21 00:00:00+00:00,italy,114.02261,603,XGBoost
2026-08-21 01:00:00+00:00,italy,107.2825,604,XGBoost
2026-08-21 02:00:00+00:00,italy,93.03433,605,XGBoost
2026-08-21 03:00:00+00:00,italy,83.64807,606,XGBoost
2026-08-21 04:00:00+00:00,italy,89.58164,607,XGBoost
2026-08-21 05:00:00+00:00,italy,84.22235,608,XGBoost
2026-08-21 06:00:00+00:00,italy,77.68988,609,XGBoost
2026-08-21 07:00:00+00:00,italy,67.11665,610,XGBoost
2026-08-21 08:00:00+00:00,italy,38.338802,611,XGBoost
2026-08-21 09:00:00+00:00,italy,34.613056,612,XGBoost
2026-08-21 10:00:00+00:00,italy,33.43049,613,XGBoost
2026-08-21 11:00:00+00:00,italy,32.62714,614,XGBoost
2026-08-21 12:00:00+00:00,italy,15.809108,615,XGBoost
2026-08-21 13:00:00+00:00,italy,16.215122,616,XGBoost
2026-08-21 14:00:00+00:00,italy,18.773388,617,XGBoost
2026-08-21 15:00:00+00:00,italy,63.12599,618,XGBoost
2026-08-21 16:00:00+00:00,italy,103.00784,619,XGBoost
2026-08-21 17:00:00+00:00,italy,106.324615,620,XGBoost
2026-08-21 18:00:00+00:00,italy,110.05838,621,XGBoost
2026-08-21 19:00:00+00:00,italy,112.48598,622,XGBoost
2026-08-21 20:00:00+00:00,italy,114.34076,623,XGBoost
2026-08-21 21:00:00+00:00,italy,115.3788,624,XGBoost
2026-08-21 22:00:00+00:00,italy,122.00162,625,XGBoost
2026-08-21 23:00:00+00:00,italy,125.50124,626,XGBoost
2026-08-22 00:00:00+00:00,italy,110.81726,627,XGBoost
2026-08-22 01:00:00+00:00,italy,99.17707,628,XGBoost
2026-08-22 02:00:00+00:00,italy,86.00888,629,XGBoost
2026-08-22 03:00:00+00:00,italy,90.787025,630,XGBoost
2026-08-22 04:00:00+00:00,italy,85.05208,631,XGBoost
2026-08-22 05:00:00+00:00,italy,86.1886,632,XGBoost
2026-08-22 06:00:00+00:00,italy,78.67104,633,XGBoost
2026-08-22 07:00:00+00:00,italy,65.787636,634,XGBoost
2026-08-22 08:00:00+00:00,italy,37.58862,635,XGBoost
2026-08-22 09:00:00+00:00,italy,35.121006,636,XGBoost
2026-08-22 10:00:00+00:00,italy,36.659218,637,XGBoost
2026-08-22 11:00:00+00:00,italy,35.85587,638,XGBoost
2026-08-22 12:00:00+00:00,italy,37.186333,639,XGBoost
2026-08-22 13:00:00+00:00,italy,40.399685,640,XGBoost
2026-08-22 14:00:00+00:00,italy,41.188393,641,XGBoost
2026-08-22 15:00:00+00:00,italy,77.27841,642,XGBoost
2026-08-22 16:00:00+00:00,italy,103.952866,643,XGBoost
2026-08-22 17:00:00+00:00,italy,107.20553,644,XGBoost
2026-08-22 18:00:00+00:00,italy,110.01162,645,XGBoost
2026-08-22 19:00:00+00:00,italy,109.586555,646,XGBoost
2026-08-22 20:00:00+00:00,italy,107.6679,647,XGBoost
2026-08-22 21:00:00+00:00,italy,103.38239,648,XGBoost
2026-08-22 22:00:00+00:00,italy,97.84322,649,XGBoost
2026-08-22 23:00:00+00:00,italy,96.27314,650,XGBoost
2026-08-23 00:00:00+00:00,italy,104.71045,651,XGBoost
2026-08-23 01:00:00+00:00,italy,104.27747,652,XGBoost
2026-08-23 02:00:00+00:00,italy,106.11777,653,XGBoost
2026-08-23 03:00:00+00:00,italy,111.41341,654,XGBoost
2026-08-23 04:00:00+00:00,italy,123.31082,655,XGBoost
2026-08-23 05:00:00+00:00,italy,122.432655,656,XGBoost
2026-08-23 06:00:00+00:00,italy,117.07309,657,XGBoost
2026-08-23 07:00:00+00:00,italy,103.54834,658,XGBoost
2026-08-23 08:00:00+00:00,italy,91.06172,659,XGBoost
2026-08-23 09:00:00+00:00,italy,89.85726,660,XGBoost
2026-08-23 10:00:00+00:00,italy,91.78688,661,XGBoost
2026-08-23 11:00:00+00:00,italy,91.57644,662,XGBoost
2026-08-23 12:00:00+00:00,italy,85.0519,663,XGBoost
2026-08-23 13:00:00+00:00,italy,96.29196,664,XGBoost
2026-08-23 14:00:00+00:00,italy,103.44731,665,XGBoost
2026-08-23 15:00:00+00:00,italy,110.80839,666,XGBoost
2026-08-23 16:00:00+00:00,italy,134.57103,667,XGBoost
2026-08-23 17:00:00+00:00,italy,150.93608,668,XGBoost
2026-08-23 18:00:00+00:00,italy,163.26665,669,XGBoost
2026-08-23 19:00:00+00:00,italy,163.10974,670,XGBoost
2026-08-23 20:00:00+00:00,italy,155.06871,671,XGBoost
2026-08-23 21:00:00+00:00,italy,149.69196,672,XGBoost
2026-08-23 22:00:00+00:00,italy,143.3453,673,XGBoost
2026-08-23 23:00:00+00:00,italy,140.42184,674,XGBoost
2026-08-24 00:00:00+00:00,italy,131.07286,675,XGBoost
2026-08-24 01:00:00+00:00,italy,125.44978,676,XGBoost
2026-08-24 02:00:00+00:00,italy,124.93789,677,XGBoost
2026-08-24 03:00:00+00:00,italy,125.510315,678,XGBoost
2026-08-24 04:00:00+00:00,italy,133.35266,679,XGBoost
2026-08-24 05:00:00+00:00,italy,132.97542,680,XGBoost
2026-08-24 06:00:00+00:00,italy,129.29926,681,XGBoost
2026-08-24 07:00:00+00:00,italy,120.984055,682,XGBoost
2026-08-24 08:00:00+00:00,italy,111.1819,683,XGBoost
2026-08-24 09:00:00+00:00,italy,102.33881,684,XGBoost
2026-08-24 10:00:00+00:00,italy,78.87862,685,XGBoost
2026-08-24 11:00:00+00:00,italy,84.51931,686,XGBoost
2026-08-24 12:00:00+00:00,italy,88.60736,687,XGBoost
2026-08-24 13:00:00+00:00,italy,90.489365,688,XGBoost
2026-08-24 14:00:00+00:00,italy,88.93009,689,XGBoost
2026-08-24 15:00:00+00:00,italy,101.143486,690,XGBoost
2026-08-24 16:00:00+00:00,italy,107.8748,691,XGBoost
2026-08-24 17:00:00+00:00,italy,119.50996,692,XGBoost
2026-08-24 18:00:00+00:00,italy,134.12132,693,XGBoost
2026-08-24 19:00:00+00:00,italy,128.16113,694,XGBoost
2026-08-24 20:00:00+00:00,italy,125.38025,695,XGBoost
2026-08-24 21:00:00+00:00,italy,125.70817,696,XGBoost
2026-08-24 22:00:00+00:00,italy,125.540924,697,XGBoost
2026-08-24 23:00:00+00:00,italy,125.132256,698,XGBoost
2026-08-25 00:00:00+00:00,italy,125.07395,699,XGBoost
2026-08-25 01:00:00+00:00,italy,123.98502,700,XGBoost
2026-08-25 02:00:00+00:00,italy,123.78866,701,XGBoost
2026-08-25 03:00:00+00:00,italy,125.28802,702,XGBoost
2026-08-25 04:00:00+00:00,italy,132.84177,703,XGBoost
2026-08-25 05:00:00+00:00,italy,131.80315,704,XGBoost
2026-08-25 06:00:00+00:00,italy,127.31767,705,XGBoost
2026-08-25 07:00:00+00:00,italy,117.127,706,XGBoost
2026-08-25 08:00:00+00:00,italy,107.94445,707,XGBoost
2026-08-25 09:00:00+00:00,italy,91.76172,708,XGBoost
2026-08-25 10:00:00+00:00,italy,77.38654,709,XGBoost
2026-08-25 11:00:00+00:00,italy,81.35187,710,XGBoost
2026-08-25 12:00:00+00:00,italy,85.89681,711,XGBoost
2026-08-25 13:00:00+00:00,italy,88.30041,712,XGBoost
2026-08-25 14:00:00+00:00,italy,91.31378,713,XGBoost
2026-08-25 15:00:00+00:00,italy,89.94788,714,XGBoost
2026-08-25 16:00:00+00:00,italy,103.583954,715,XGBoost
2026-08-25 17:00:00+00:00,italy,109.84035,716,XGBoost
2026-08-25 18:00:00+00:00,italy,122.433044,717,XGBoost
2026-08-25 19:00:00+00:00,italy,125.79506,718,XGBoost
2026-08-25 20:00:00+00:00,italy,126.395386,719,XGBoost
2026-08-25 21:00:00+00:00,italy,125.89735,720,XGBoost
