Date,Demand_MWh,Wind_Generation_MWh,Solar_Generation_MWh,Gas_Price_EUR,CO2_Price_EUR,Temperature_C,Electricity_Price_EUR
2023-01-01,35596.05698361348,6217.301777907975,0.0,37.27365199081438,80.27525745334512,15.728280592109323,141.66064972005913
2023-01-02,34920.149619373755,7396.401197976579,0.0,40.46547911599996,80.92885475083837,15.186490495374231,138.5179492379792
2023-01-03,35949.33430383456,5777.446064097978,0.0,38.84814370252051,79.99552898686159,11.171260799485289,147.95268785014875
2023-01-04,37085.73416380589,8032.381436395822,434.6718574424517,41.10987274850234,81.16033622174412,15.837175920179497,151.3820610108646
2023-01-05,35063.0280843436,7656.424187850565,844.9834853170212,40.382307688843106,85.42237844070975,20.11308634681768,148.87123103905256
2023-01-06,35148.85964534822,7552.120142784961,548.2254526341267,39.14685017559861,83.81599704422011,15.1395694498605,149.37564924173532
2023-01-07,37410.563865846045,8201.976168791929,156.74356862661892,41.491253056979325,83.63848075196505,14.574862778763706,151.8452978201961
2023-01-08,36521.96189948025,8816.223346769397,734.4210249628056,44.20973644407025,79.83546187092192,16.948777568416325,145.87887179648254
2023-01-09,35123.024597444375,8362.770763648503,1045.3833065600193,40.30458627711173,78.70506523644768,16.99754414206579,147.26514400256008
2023-01-10,36422.616155624564,6145.334603684579,588.6092320255912,42.211059987617766,84.40898988135606,18.928558537475638,144.42438714708587
2023-01-11,35300.36448953243,6660.378713262777,816.2605709055127,38.26991980516506,84.34107181940416,14.197195129996999,141.10586151849148
2023-01-12,35382.25784493191,7249.3583246752805,945.54000763498,39.0282607955802,86.30027912568538,18.345027603582427,141.48519440842543
2023-01-13,36315.877225222335,7834.346126320267,790.0530054184239,41.97033505510385,80.23910312077851,18.231889121189116,152.90965113814693
2023-01-14,33813.67127143147,8290.869509953454,1304.091695173985,44.07783962209276,81.53056916396062,16.934922056160563,149.63745917778056
2023-01-15,34123.462431014115,7358.348075049009,1157.079385447416,41.90459052760107,77.4682751724832,18.064102295902877,145.7438611036997
2023-01-16,35602.02144049177,8149.413411581662,1402.626208753043,40.650650414534624,81.37611963297925,19.612447914358583,150.21280406963237
2023-01-17,35144.39344326922,7455.532182583752,1093.5431343298976,41.35837359851723,85.70929310707939,19.464212335397956,142.85605240222185
2023-01-18,36819.50896351737,7629.171564547935,1311.1746743060219,38.94159669646361,81.4853381911215,15.598785704658633,147.70503852979044
2023-01-19,35434.97723265599,7050.2416271063685,1741.3205306297768,42.733636775992174,84.97065163216536,19.68952862007386,147.66166904138362
2023-01-20,34911.58386685947,7492.736353762592,1494.498362834292,43.37101443310864,82.64118729893022,18.083319406858607,151.23577870422938
2023-01-21,38446.39302067643,7204.227534880012,2205.703653340588,40.783433832304404,84.34740008060581,18.520977191972165,149.8318742740886
2023-01-22,36497.44905029802,7557.56261033585,1648.4897551974773,40.828296315362856,80.09368705231671,18.683155203767104,144.31083428846443
2023-01-23,36929.656560078874,9232.230178204267,1916.0281321789312,42.38037917375746,83.95287377780843,18.39675945131021,150.238578283779
2023-01-24,35218.61920776189,7679.160489611748,2208.094280779962,41.05487755913685,74.8832261497339,21.2400490566502,146.37455107692364
2023-01-25,36354.180676599644,10592.1953028247,1581.9302261499556,41.87517471677822,83.45419141757377,18.847443972361308,141.7245262812642
2023-01-26,37219.07512071342,8926.743206942667,1557.7253694673511,46.28541159139461,79.28051629497774,16.932843769356833,149.81527572425614
2023-01-27,35782.68566984539,8723.890406169343,1706.1810683811273,41.66982656126016,87.94573947514475,18.540696213564857,142.06862392731816
2023-01-28,37691.984330716856,7931.347764604925,2619.9219397302077,41.52446640465961,86.81451547569765,19.83968285102506,137.1010552444973
2023-01-29,36596.984926611694,9218.323048637278,2152.1939107465205,41.022667743243936,86.03551565492675,22.09393227762261,147.45782326142194
2023-01-30,37043.63670082701,8235.585931322634,3161.128986279418,43.882053143578815,89.35035708263602,20.993527771055554,153.5915344086973
2023-01-31,36746.82981612461,8829.658659285167,2299.603471202669,42.10642940436368,82.09100593912525,18.236684944105683,147.71831224131748
2023-02-01,39766.08854067124,10813.96281633289,2598.720110219633,41.24460864261767,90.32879903226771,25.057089271878827,141.09940787107033
2023-02-02,37600.881367142225,8720.740172818614,3079.711022598114,45.259686101373774,88.03073076643665,20.76370669561146,149.86512835426606
2023-02-03,36420.77274294442,9746.509576313743,3291.853724139235,45.52923186671877,84.67038585372615,22.930833191381026,136.55907755588743
2023-02-04,38749.23046036193,8291.826569032864,3380.6276388290175,41.56132943436069,88.93121357322502,20.220924264521738,157.67488531906923
2023-02-05,36368.49640149036,8851.394449174248,3196.018650633531,39.10042887873436,82.34813702567628,21.733736052322076,137.17724965381154
2023-02-06,38154.63768127471,10318.753541098715,3211.2201250124435,44.91902874694285,83.33446024995499,22.486939743574816,155.08128498813892
2023-02-07,35622.029286148085,8420.949745646423,3151.3915195641716,41.604373783283805,84.12149769988854,23.383656293116147,149.31607410402032
2023-02-08,36448.561091897514,10390.550298949536,3275.8926734256215,44.62363554890117,84.49783557695922,23.19950531190771,141.77659779384746
2023-02-09,38346.46722524728,9522.496749831993,2944.8780273057773,39.17002610678067,83.05079455612791,22.964861484554632,139.79220028446375
2023-02-10,39063.32140044538,8519.642085309002,2931.701839424195,44.96235618104951,90.02357221018775,20.724149546513555,156.37362447627189
2023-02-11,38448.78974260287,9486.462328727557,3242.135467951621,40.820803946613346,85.70973240924032,20.34280352643769,143.37801613183458
2023-02-12,38169.3951523455,9767.08735043793,3257.117704453913,44.76970132934444,87.67386108749342,22.281561203071178,151.2439233285157
2023-02-13,38010.89365945758,9492.576070293406,3236.2496793665446,43.4007642298376,85.03338208908842,23.610692333011595,146.35567190054283
2023-02-14,36661.03744767742,7742.601878125826,3644.180070355349,41.52738499732505,81.40871777059112,21.425086270683455,136.41394136827375
2023-02-15,37633.47858518458,8418.290259340105,3783.8831978293883,42.683219009404674,87.80475534569074,24.124927201945244,137.97394390350058
2023-02-16,38005.51658625713,8800.766745596988,3584.8051772964272,44.93092002532228,81.37980129655843,25.021799713790102,150.18379067301856
2023-02-17,39886.766862942255,8935.581357239611,4061.4792157961406,43.83000909771003,87.03053824470273,20.403798544812286,149.5499966535385
2023-02-18,39089.427062302086,9485.581468777089,3334.5783805798756,44.845911075764896,83.24922511314142,20.680328822047297,148.06248930973695
2023-02-19,36619.212252047495,9122.696938229745,3676.7626006988603,47.68774160751375,93.43154887465798,22.18897075915488,156.45991342675285
2023-02-20,39180.429805666565,7901.340019056335,3576.4823462119707,40.66304581897071,90.31714625130978,23.198283421164017,157.30147156952876
2023-02-21,38384.975397920105,9260.453482272384,3287.113149297771,47.08149928435693,88.01140964265382,21.645014241305276,152.13636566091532
2023-02-22,38089.172854986726,9429.06004877905,3876.6750496010677,44.1101911304003,91.59407854367176,25.50736386844204,149.47111104415603
2023-02-23,39688.73983039293,9370.355750221468,3918.204031268901,42.15716018713763,85.37050863517057,23.757590290604675,152.35067130168827
2023-02-24,40244.00486786852,9766.737613034004,4460.840363846022,41.3461781893954,89.64404901775706,23.092504978228245,143.8061111841562
2023-02-25,40175.23143797625,9546.522965210941,4246.938800403239,43.67945451348274,88.71482189122976,20.243571542336554,153.57890193780526
2023-02-26,38100.3217386449,9221.711772516323,3800.126719213309,45.950682990360995,89.00682577702516,20.583133900169127,154.80100938959612
2023-02-27,38784.79828080758,8770.958346118285,4712.080901729295,43.90075489107397,92.12876676397839,23.87372476422169,155.46098149570355
2023-02-28,39600.60814585666,7468.81934578554,4569.402136829997,47.225401888667086,90.60366036468419,19.14099280403511,147.17052986223027
2023-03-01,40419.739610184464,9109.589761023923,4423.714768678224,41.34673407753452,89.36434190375036,25.52344573456342,147.6444354648701
2023-03-02,38718.810705964665,8898.200957299367,4225.874561724065,44.2696418956869,83.62297727407314,23.27133189401339,145.24657983828135
2023-03-03,39114.491001651404,8913.35926206915,4049.4500026309406,41.83249488482175,85.79442466145758,30.160749486485436,149.70240654919064
2023-03-04,38051.85655691398,7636.676284453837,4267.796492899899,45.10672229097115,88.39079025065526,28.37474955267465,154.59918937736342
2023-03-05,37984.88960082001,7753.188756423286,4746.962135628074,46.19411232991142,89.12079222226359,23.477776960938602,160.10830268812998
2023-03-06,40434.93771917078,9418.543789879766,5025.282624078125,43.618383144935635,85.5292022905737,23.707139459532854,148.5636800806072
2023-03-07,41125.642382546204,8500.444763152633,4961.127406742873,39.28972663500695,96.23133872325769,25.987471724526493,150.85177877352348
2023-03-08,39448.65691811678,9031.490208852887,4388.414237477297,44.932965357606165,93.61932029378707,27.476483347862434,160.21457541414915
2023-03-09,40774.8794183971,8461.334301581674,4234.754710939966,45.444117044393685,90.94763484303078,20.865221766981303,158.13608063830128
2023-03-10,40038.81966864033,8413.121652514592,4647.122312656535,45.41344594850656,89.42582346101757,20.636961946456974,160.96603806389064
2023-03-11,38863.564712369836,9088.888257498515,4107.176608227128,47.10927280154029,88.63878992608852,23.031347224683202,155.2539169332415
2023-03-12,40102.86087072472,7872.739436799179,4766.13645837006,42.52707878481653,86.48261690816254,25.50384745457698,146.02041126306165
2023-03-13,41544.92416946864,8308.219572204103,4654.9995138198765,46.059712500610374,89.63100213497555,25.39230776043415,150.9071461420197
2023-03-14,39684.99069020378,7805.750273620913,4588.17098657524,47.11299696209166,90.22922149469967,26.595506784239127,148.64662862263307
2023-03-15,41632.85496845257,7770.788824995641,4276.87166129573,41.198107413462736,85.78528343650666,22.11117010622092,156.69521627372737
2023-03-16,36637.48000805183,7812.500829691498,4935.254164930443,45.420477784797484,90.56487751765374,19.9300605399813,156.18553849190766
2023-03-17,40791.931924611774,8177.707017306971,4645.83866746293,43.79728925734616,89.14552069224875,26.327326229327298,163.84992655724366
2023-03-18,39933.15617016008,7555.944228241,4477.724637561188,44.66565434207099,83.93397670291638,23.001006830618078,157.19100737073165
2023-03-19,39491.5107886985,8881.34719403697,3988.6409452730404,45.54567257633421,87.11948418617658,20.663663489737797,159.10982845764184
2023-03-20,39980.61520770471,7097.787444375997,4862.247804346912,43.89604514763499,88.50018795145927,25.031132043642966,151.2027078006845
2023-03-21,37504.15901000721,7599.715871502737,5420.917186529207,43.53782554920506,95.44154638707714,26.364834791493927,145.68832804810063
2023-03-22,39642.92608595303,7332.255440031998,5404.910115722408,44.97483718633409,91.48272407631737,24.56895043847354,158.97644341104126
2023-03-23,40350.904169574555,8775.616296232882,4785.24020678458,42.74787720603485,85.83829346022124,23.929041395155945,153.2956079884467
2023-03-24,41710.22006565975,7708.518532843259,4756.083593861397,42.76509695419956,91.33160329219277,24.554769959648052,156.81608855911657
2023-03-25,39327.73821350839,8309.319422774242,5090.294752259272,46.308409041349776,85.25741298405843,24.158159426071965,154.41567232589426
2023-03-26,38990.91872361783,6227.375083205941,4661.595415333173,42.66352297677235,93.17029525584054,22.22612787029899,155.95375672014072
2023-03-27,39368.98108216832,7560.936568029268,5061.6271044156,46.30371453628818,88.52880511348589,23.512817714958658,160.87804566882602
2023-03-28,41078.07752197839,7990.0508384188815,5209.419064251303,45.9047775664438,89.67828139525427,26.00174977149942,163.0037948458762
2023-03-29,40381.1261971324,7274.8841179556475,5354.704832706069,41.53501140795958,93.95063967370812,25.616606813834554,156.77393511890415
2023-03-30,39356.46486125738,7991.897247540533,4962.130882833836,43.63704780110651,86.1228635058029,25.32047382348928,155.36232399224255
2023-03-31,40612.170975934445,6655.968233324704,4935.147931145328,47.38446886229316,85.80114555705786,23.002203148690075,159.8354290963603
2023-04-01,40115.3355691171,8127.477952148463,4735.4477338724855,43.03651144762009,88.2468870407609,24.634678695527573,150.319848629844
2023-04-02,41162.32768732042,8769.319505490399,4751.889592468993,44.07114517406218,93.11504395041986,20.64577730447619,159.85228732948363
2023-04-03,39157.11958062086,6570.216204160023,4931.639625703231,45.92370507977748,85.44112836011685,25.356119914318157,146.9047071866346
2023-04-04,39604.53682751946,6434.541056344076,5107.9410554816395,46.56451242200198,81.49899601254187,27.853178222500706,158.91003943292412
2023-04-05,39523.86879416658,7884.36137977403,5268.473965795143,44.491320805836175,88.63532058062334,22.040532891766123,146.77577199473762
2023-04-06,38233.36786656842,7916.361361250709,4748.632119122857,43.79456541494368,91.63439400838669,23.80731626201841,153.221764988343
2023-04-07,40338.63884124834,6165.8885966418675,5431.101079458707,47.828034232167866,93.5673742667582,25.624802574961958,155.6962071727408
2023-04-08,40288.79288211936,6180.006755123979,4894.189475190717,48.45332588309864,88.56156902475077,27.456738379861946,161.88514787337814
2023-04-09,39972.42039430802,6223.297601277596,4959.874058032541,46.92400034790066,88.69828867132613,24.036119260073843,157.189434115797
2023-04-10,39674.065759917095,5306.405602422683,4731.406816222927,45.12620660509732,93.37284284270179,23.526639981402756,150.28096670943685
2023-04-11,38244.94306070121,5581.038156161304,4216.11587307982,43.32685650787985,84.27755080323715,20.948929617491242,153.83238670433997
2023-04-12,39424.96636250072,5447.474199766522,5194.954368727467,43.26885193670602,88.69391917408927,25.06635775825452,151.26337035138963
2023-04-13,39503.37534006779,5572.2886617650975,5135.685929027642,45.95966097043142,90.40053718957499,28.91341760008731,161.3607388160722
2023-04-14,38935.335735161505,6095.5097965124205,4813.670191091986,45.734864900004816,91.14379308031,25.35085384038425,155.98867155692224
2023-04-15,39686.50989916263,6248.4286604574345,4900.149968329303,47.6832499390547,88.23068542675104,24.715547547956255,159.38563099750402
2023-04-16,40345.45201132275,7240.400394251262,5015.372748456536,46.16149116821759,89.82450500140814,25.365346587824586,151.84232978426718
2023-04-17,42103.11199657296,5141.478238942558,4370.925158054359,41.83352831160068,82.21439577000167,24.657193822343434,152.93746460950683
2023-04-18,40026.84611821895,6669.072111839773,4658.636939616856,46.921247978266585,87.65996024863995,23.00867674112123,154.63735141500362
2023-04-19,40102.6495538038,5653.238420034647,5031.86848882303,42.79746783030766,90.94770430753637,26.233738001228375,159.82205059494467
2023-04-20,39679.06988423283,5729.106081626737,4392.118156201454,44.00046243924753,86.58992786354042,24.988333012527967,163.29111073118568
2023-04-21,37439.28244170201,6254.280374360204,4829.875279710846,45.242208312564244,89.6605684648905,24.51884230398903,148.62387486253064
2023-04-22,39681.98906641304,4763.561170032444,4306.831175565082,48.70514069652003,90.7682289363123,22.476879379347707,166.5698246622358
2023-04-23,39756.68298340639,5916.611056029245,4824.335726207215,50.904243843487876,88.34116586038101,26.97582932682383,149.68849373016832
2023-04-24,42609.51019017224,5694.482165893143,4642.927210500652,45.867065773462265,89.81863062336951,25.63664480104601,155.73608224035226
2023-04-25,39390.62045322812,5907.671360251731,4136.914066193814,44.25506037352469,86.3547095260771,23.13706554719633,149.8756496054095
2023-04-26,39949.774941097305,5699.2460288882985,4937.33993663412,45.65692942725807,88.5560024215058,26.17948596795781,150.0456773882534
2023-04-27,39511.36902682479,7388.218604715271,4332.645677431667,46.32833400221875,90.93669480970983,23.110904624171745,148.51875769432579
2023-04-28,38114.365366479986,4871.774023849052,4273.703280519108,43.875443760509036,89.50447690615215,22.469551038224772,156.5179872316013
2023-04-29,40850.58383109257,4917.127290888464,4539.3672128438275,48.06961916549919,87.19879909865729,22.438986672388516,159.72431777119667
2023-04-30,40342.606252371595,4805.391386547337,4784.87781797608,44.90042813153027,89.5532224391673,20.33843612011875,160.08463752099232
2023-05-01,40349.29935631934,4823.567497102919,4095.3144741741594,45.395547198050465,90.94395141164522,24.74320680057177,163.2042512463257
2023-05-02,38267.266647792916,4724.195112436932,4377.035548501,45.690380097655535,82.56723935136078,20.054773430416517,155.07859212771478
2023-05-03,40999.06381337287,6153.625132287708,4444.3555903487295,45.158883861478465,92.1086434753668,21.17453361796759,162.5545631837359
2023-05-04,37589.3895733984,6309.312483106682,4479.542530928078,45.94949184968836,87.53445748145505,19.3920456793412,152.64422151311143
2023-05-05,39930.47379932564,4689.035255866844,4279.177753348484,42.991738913671476,89.72896037325133,23.280351187948845,150.79105800981955
2023-05-06,41808.17414806516,4454.7302999448,4069.5190453681894,43.063023889201126,91.95099556512206,23.058613873642624,166.11035034004234
2023-05-07,37943.12740346272,5475.019412518816,3883.493927424932,41.93146252767616,84.14852089554769,22.610149560866365,147.6077694369273
2023-05-08,38403.13298170625,4635.698172698585,4108.533422143492,44.96169271847003,86.03705750717651,21.080225125118005,150.26481068619296
2023-05-09,39151.981369709894,5565.754001652415,3710.758028009042,45.590272738628954,87.19915337558234,20.720331956336167,155.55379251823837
2023-05-10,38376.74353397364,5206.043215213429,3104.509173864697,44.89646005121685,85.61056807445287,23.890568364919307,150.57137518243175
2023-05-11,37067.453158114215,3817.7892019777983,4059.2172166408736,47.27723414208865,93.06130827829757,21.75539468737017,156.0302666196806
2023-05-12,38956.695776602435,6257.468023580908,4145.600659161062,43.86322816917711,85.17852413219003,23.381557056742697,154.6553105715872
2023-05-13,37544.678607481386,6447.658347739871,3110.563333290162,45.156926375137736,85.97224578944483,20.868388755656984,154.71633205283854
2023-05-14,39331.64505442226,4514.640947092842,3460.4149262470614,41.57993238538142,88.13983537012902,22.88879376086225,150.64614966401567
2023-05-15,37602.80097316241,4691.057098013021,3891.856332544539,42.931910649294174,83.80577153025769,25.018776183118085,149.06030971946785
2023-05-16,40507.70905645348,5228.692312579924,4265.036411345947,45.03886328556399,86.10853340559608,23.46790714165044,162.80857720501538
2023-05-17,37648.48061757633,5268.783777951428,3594.6226806824325,45.286588789866094,88.12912892051014,21.35194150032666,157.1657812104718
2023-05-18,38141.44423108908,5531.707317618616,3309.5171681671495,42.939984155207526,86.05725488792424,22.570234041783635,163.21829359253007
2023-05-19,39442.62679527849,6619.119840276533,3411.5372021034364,43.323207630718755,86.65265169216994,21.45148191980935,160.02091821607988
2023-05-20,36926.82986766433,4877.9060805216195,3816.329973129536,40.36811955402346,85.21973775742504,21.82349446415962,154.53887794896255
2023-05-21,38613.27124259262,4391.74669834482,3146.530067330307,42.62626091945445,82.13722771459304,21.02941653783833,146.29132578160593
2023-05-22,39844.35309118433,3940.249416120766,3036.0241840503504,45.056548113085,87.51634320610857,21.22289316032007,163.2855164073785
2023-05-23,36281.293684709344,4474.664515494472,3065.450509528209,44.36068359839595,91.68534634730736,21.84473383851399,154.1947095938311
2023-05-24,38365.37470321794,5050.975029824325,2857.8154905015585,44.14514551574159,86.34283303830865,19.300910746794443,152.42047049281106
2023-05-25,38388.28235291475,6533.533258223923,3113.2240946150764,43.175970374178554,86.82863835137591,19.121088345653323,153.7065426015202
2023-05-26,38946.30776225739,4706.525719199245,3495.523853665481,43.022246633380966,88.0944088975998,18.239155524586803,160.1943101644435
2023-05-27,36454.58540840867,5324.662652177544,3035.850043397175,41.61828398251547,82.06986103328462,17.677310313917314,150.84460191972136
2023-05-28,36284.313403820495,5159.770767856597,2793.155288883737,44.26651817992669,90.84526665343206,18.303157294602286,149.29023291492268
2023-05-29,38424.276190791155,6153.126526160133,2710.4029313762194,43.639892200829664,86.20287901337016,20.914817637710023,157.56810081195678
2023-05-30,38082.58380058308,7255.650754981043,2257.2449500942575,43.710239888688854,90.34797508267384,18.66682935442274,151.01302547530642
2023-05-31,37954.24166122472,4843.254174094865,2918.5831739538144,41.601580555474506,83.10820149504737,21.334529410081526,152.622075706256
2023-06-01,37996.04980647563,4912.3522536725695,2556.9607959754235,38.27362611533678,90.61480967783201,20.23005140766365,150.34209560219043
2023-06-02,36690.17940133469,6177.2535565451735,2452.0650931516916,44.700514490736275,87.3378846165621,16.07540970758165,151.6402904020128
2023-06-03,37710.067972136654,5927.479202951155,3389.295805896908,41.47368862352664,86.52184732864397,21.17267823953028,154.5411392884062
2023-06-04,37707.48450632774,6901.344353375383,2445.4234108790247,40.630246010283074,85.41366843979807,21.33319236792206,144.4124711583135
2023-06-05,36422.31176591065,5935.053662022815,2053.9961525137387,43.66649129137028,83.81348108086124,17.57134158541488,160.63830461711174
2023-06-06,39441.52333512618,5226.276676415563,2074.686642890812,41.41856864191421,88.00678281892657,20.245570929294935,146.6931202370661
2023-06-07,37693.601204941915,6033.844263876544,2469.5354126067973,44.24487446794102,84.67108300923968,17.537006924877147,150.07946234224195
2023-06-08,35617.21559743493,6497.646123548331,2080.760917239436,43.2807916932315,78.19235047739475,19.288900341652884,148.6904318267467
2023-06-09,37755.81571364293,6318.124532240175,1536.4679897871235,43.335090029683286,80.58434338144366,16.406905952654736,154.57329408786555
2023-06-10,35718.92182174704,6120.24400551276,2164.3085063923854,39.156628403618754,83.2195423954614,15.190866746970496,145.24359417916338
2023-06-11,37753.07017813978,6622.016801020005,1608.12542798714,44.232456624421644,84.54713425679435,17.85150292807174,153.08997181261012
2023-06-12,38118.37625816255,6759.865967771591,2290.050896218931,42.25056262582138,83.28635766000765,18.208665234157664,153.13107323155117
2023-06-13,35662.2236291006,6987.341385888527,1971.0568308370466,40.90848813263025,86.9509971916263,17.498725435016095,146.53922936281032
2023-06-14,37721.586559772324,6459.129381605302,1431.338635981509,41.85231213936364,77.2777648172424,15.76300929291315,156.18688550927195
2023-06-15,36978.90120869125,5866.3055357465155,1867.8690048879876,37.931093630570814,83.39789200225039,17.167330068472634,151.46505994880465
2023-06-16,37387.62556798947,6178.427823574876,1421.5100291543001,42.21845899895742,77.3483690758307,18.340896257153627,153.6923186299899
2023-06-17,38594.47904282477,7088.464879628531,1574.159566176701,39.2595844472759,84.91579181373258,17.546868867034995,145.526505194207
2023-06-18,35940.64516320123,5532.9781770586105,1380.53074759302,38.52977033071761,82.18684566148335,17.835223866007784,146.18972894421495
2023-06-19,35247.04495392407,6545.725460266496,897.621354655799,38.10680997871728,83.56188661837848,15.962826301397657,143.65699917176656
2023-06-20,35000.18726164835,6001.288663486775,874.539627503742,43.29298132717883,79.54356027262865,19.478644983830282,143.07107688019778
2023-06-21,35004.39210700936,6404.961869597958,1292.3526942422307,39.724837661582306,85.80512369290902,14.614382224826205,148.4217579381867
2023-06-22,35806.310877330885,7471.486778451839,798.4003289958497,43.96628834846081,84.92283984943218,17.77278645142906,147.64737504571946
2023-06-23,36223.41743447256,6669.035463216586,692.9405257199868,39.742432138587986,83.37870303842082,18.991852315305096,151.22666108634112
2023-06-24,36061.0249437954,6621.3258568894,442.4592107945697,37.31428006941348,81.06944022860843,17.419808154696543,139.9025226690812
2023-06-25,36636.36078610614,5564.818731882202,770.820606940945,38.41069200736559,83.02705363041122,15.882433320396151,157.00212728108156
2023-06-26,35573.89730586197,7318.656650901645,1177.0525113814192,43.02991827562235,78.9959123672549,15.059995977890992,142.4559774525867
2023-06-27,37216.92464167478,7307.3304183775535,152.4238748097137,40.16088739321266,83.51203447523413,18.017542800264504,150.82006633622913
2023-06-28,35069.34419628177,8591.090831156118,394.1982331691425,39.29035780318612,85.7223074753064,12.927914941811284,149.01311764094385
2023-06-29,38565.26938673651,6683.978418632598,724.7325534535939,40.62110283853454,83.81396445359549,13.661884252898643,149.41776078660405
2023-06-30,35965.91198234066,7175.32026213115,191.2187476489384,41.218676637357746,78.24141492062309,14.635106799061862,151.20410871299993
2023-07-01,34100.50313343613,7269.305940373605,264.80374001058556,42.363889832940586,81.34243635409064,17.73349191729533,139.8316916210521
2023-07-02,33757.96398677011,8401.47557129903,0.0,42.9400334442293,76.20664533761095,15.845605240968679,150.5204115283162
2023-07-03,35535.931913848384,7132.820500625744,85.45714471885455,39.23742772397839,81.63110096464015,12.977838514092628,146.11719406706356
2023-07-04,34602.75245647332,7501.5634225364,0.0,37.21881242670026,81.09362583631629,14.12120018695887,139.57832720640008
2023-07-05,35641.68942788786,7833.613563107091,80.6078336813072,38.9579585127308,73.96032865135821,13.341131381762107,141.1048857210662
2023-07-06,35266.81876265929,7565.110680160604,55.14942864046151,40.21949462633681,75.91251569460498,12.978289241875002,148.06954057633266
2023-07-07,34525.67290864444,7126.696899558914,389.93669643826803,37.68554975141146,78.37671851743406,16.183914324778925,138.92989058994837
2023-07-08,33511.16378923192,7706.5467059526445,0.0,37.61301442112392,78.15205326040554,11.311146243300996,136.25704070882244
2023-07-09,32623.888294768494,8476.939388637711,0.0,40.1292807274913,75.25497912252663,17.100971640251803,137.79387734047373
2023-07-10,33820.44117025667,6862.82804712249,0.0,39.2589544095962,79.87945441353075,15.368977605843439,137.34799571682538
2023-07-11,35298.682568588796,7855.588926149325,0.0,39.3365980062238,79.29642885762279,15.723731372008652,153.41818297158997
2023-07-12,34442.877428263666,7253.376634200261,0.0,37.66897426590728,77.78912247467927,12.446050846564319,138.94033883098518
2023-07-13,32606.280536917806,8832.779596718028,0.0,38.64036564296065,75.93495964226929,12.90245270458616,141.72425352872347
2023-07-14,34224.45266205353,6720.393601744761,0.0,37.16816926249551,81.17939248131393,10.166967473014813,143.81095858803067
2023-07-15,34394.77627847562,7552.862522182728,0.0,40.71279224505059,82.83101218486694,11.815466031468436,140.67771970386477
2023-07-16,32787.842725405586,8361.608028518025,0.0,40.91897031829444,76.24625884615426,13.684252992980182,140.2117493643163
2023-07-17,33949.35922472996,9370.805030328966,0.0,35.072513373119136,75.69327744372619,15.12190431875344,140.0239055071192
2023-07-18,33751.52299849516,8122.970295726557,0.0,36.822650815975145,78.83696806895591,10.149031439115024,138.61406700349934
2023-07-19,32227.282266607173,7787.163329296757,0.0,35.60578811382376,76.12360510876688,11.466681374037307,141.64721707899656
2023-07-20,33945.78073605049,9790.50087492555,0.0,37.21638803481875,76.61468020527539,11.730273366800054,142.8239956927609
2023-07-21,34107.406226962754,7179.850092384721,0.0,38.267588855740144,79.08788904581574,9.077351186256763,146.87066577197868
2023-07-22,34652.61908068768,6630.271975621929,0.0,35.45366714948029,70.97784691523283,12.888613661271497,136.25555292396032
2023-07-23,34536.50089908822,8790.691160719967,0.0,36.428218810395705,80.49878384785067,10.09589620980745,134.9319973440692
2023-07-24,31538.228104802656,8084.6462714726995,0.0,36.18351660218817,76.60090426569036,10.992081990348277,131.91188763365946
2023-07-25,31986.07012608203,7715.102632533386,0.0,38.52599483277807,74.98844091427381,10.319021604136598,138.31195744614152
2023-07-26,33650.09093736806,9142.706665052927,0.0,38.170737290790164,75.79639477077099,9.485420221995987,141.12669131106293
2023-07-27,33569.763347016546,8813.074559766854,0.0,36.50974509924739,75.79372847690534,10.89235044088268,126.41931448327051
2023-07-28,33493.05552371949,8206.812240520701,0.0,38.228640044431025,70.55639268996968,10.318777443168415,137.269854514034
2023-07-29,37420.683867033185,7671.852673376137,0.0,36.704045909072995,80.07962683885476,9.851096391937718,146.64072537464713
2023-07-30,33405.535145289505,9430.016670192994,0.0,37.1771563118056,75.56490996172727,8.984009821554723,135.48000830221252
2023-07-31,34006.8812298474,9286.056128084783,0.0,40.991106642227756,76.61741131460349,10.927454264827272,147.7896141856591
2023-08-01,33713.43858064839,8718.247401574827,0.0,40.249558568037244,77.99192224063522,13.444507465897669,143.45763047930427
2023-08-02,33275.460434338085,10304.400512123335,0.0,34.894628458915925,71.92409449286134,10.2673563312205,139.2488855194225
2023-08-03,32041.364951352323,7998.299896072652,0.0,39.07915288067909,76.25979178694716,11.831612519663732,136.93819435917942
2023-08-04,33257.112823782256,7658.965104832025,0.0,38.96914286817351,73.88977624568429,6.912255668073742,143.9508275739043
2023-08-05,31346.407549851658,8348.586576685311,0.0,34.97727122979151,77.08790794024297,9.863118493181032,141.80894148364803
2023-08-06,31917.87135986111,8886.054578792238,0.0,38.83960897545884,68.02242511484374,7.209370737956105,140.42875567792512
2023-08-07,31548.70240308345,9135.263012010146,0.0,40.207002497303485,73.96499442023296,6.308427465892953,130.78043267039573
2023-08-08,32159.32270580122,8763.306355182549,0.0,34.815984126048804,72.31368550972337,7.643404662157193,131.36987454504958
2023-08-09,34769.469963883595,9251.259823235854,0.0,35.15687404184686,75.28054821965324,11.367558036577918,135.6508127056967
2023-08-10,29682.858769073264,7979.304598130786,0.0,38.95889993387037,75.25728656247134,10.747185657706012,136.498426474822
2023-08-11,32679.698155470243,10144.055473995155,0.0,37.39917654867212,71.58949416957557,9.198381298150455,137.28292373257202
2023-08-12,29854.4673883896,8929.407157805594,0.0,37.892678984296225,71.44293127510623,5.514051747854502,126.97699968837426
2023-08-13,31157.899975007258,9892.618319308694,0.0,37.40539664675556,73.11644032223715,8.055875125133275,132.69849564297434
2023-08-14,32966.421395293175,9274.180277102163,0.0,37.44107252078862,70.62943467591904,8.92276137566814,124.74897530825947
2023-08-15,31673.268975529474,9364.184229361219,0.0,33.94318869599276,75.71821699158623,8.543338364387036,139.01137116679183
2023-08-16,30240.300132049946,9450.941924705412,0.0,38.628229278808014,71.95956612978789,4.379600564168737,129.4360686384582
2023-08-17,30613.717498352147,9347.210638750399,0.0,38.81126193431966,64.2231992409633,6.163528202888482,130.3798145897932
2023-08-18,32227.132730341804,9494.714345377177,0.0,35.95283394348414,71.69876469337497,7.695075334942952,131.15457097766375
2023-08-19,30475.772271506998,10032.93753013036,0.0,36.26525832993984,69.5887929966032,8.777006278169504,134.7791429649602
2023-08-20,31553.64025325539,9113.512137228787,0.0,33.231674940645576,67.6939524451312,3.1955242493141496,114.30763934397979
2023-08-21,31291.352070224537,9507.794458622802,0.0,37.26517537437563,68.7610518100122,7.1490837737202,131.22469036808923
2023-08-22,30398.636518920306,8850.734836446856,0.0,37.324671819475576,72.68933928759348,7.647211411852476,131.5191323606833
2023-08-23,33698.312700355185,10054.206804949885,0.0,36.001197759166175,76.23708207107428,8.95038356336202,133.7090172398334
2023-08-24,31832.45355138804,8338.271399924402,0.0,38.32045744434744,73.0830548708078,8.52921661768773,144.27697681559653
2023-08-25,28588.914577097796,10295.120055462228,0.0,35.35093121912704,70.21866119752663,8.203313999791456,121.00888091034156
2023-08-26,31191.34544611859,8794.964554769727,0.0,37.09681212018248,73.30291312230266,5.335319523386685,137.18450378953835
2023-08-27,30123.165985048356,7652.968010903896,0.0,33.87798106538619,70.45734855488386,3.018615211294228,131.07550175671733
2023-08-28,31891.149008135922,8868.378717646487,0.0,35.82112470463198,69.65265690527147,5.950352498638104,138.31127073778558
2023-08-29,29869.347716787575,8187.209481588973,0.0,35.471664087101146,68.17765720111467,8.644008856230755,125.52037795977591
2023-08-30,30636.0709834744,9368.61103150383,0.0,36.22437055731656,66.29202300621421,9.33441848151823,125.10235544611719
2023-08-31,31334.373886027413,8135.975961668171,0.0,34.98933529358415,70.2870071828234,7.8778765070973025,136.93785515361543
2023-09-01,31723.19559275459,8261.087242178071,0.0,35.42134416840711,71.84273918926128,7.227260365104353,134.9323467395715
2023-09-02,29201.11271798646,7064.38892245702,0.0,37.2935627493364,70.99306580286212,7.042216109678714,123.69501665160972
2023-09-03,30198.537497123183,8170.243830838696,0.0,34.726410505655885,69.95197717642257,5.087640466743083,126.69535775880232
2023-09-04,29989.779013459385,6547.186189651623,0.0,32.34655918537518,68.28218859161473,5.859306186597831,130.14540895514307
2023-09-05,29736.808467237002,7171.557341888723,0.0,39.01997135473629,72.86634566770582,9.379746144303574,138.34167453418578
2023-09-06,32601.766076713895,8997.648465833434,0.0,38.24612914575755,67.0150462169134,4.081325965169405,130.56101687579834
2023-09-07,30932.954902682064,8966.901339638383,0.0,32.862451459317676,73.22203744058825,9.12351128047754,114.77892533696004
2023-09-08,28899.021124500978,8625.941268801053,0.0,36.79149748019342,67.81751268262589,5.180107430421949,130.50803376970936
2023-09-09,31479.980725500267,7457.742036147945,0.0,34.372596847931845,68.49978706600996,8.407956996259223,125.13362855383156
2023-09-10,32892.96778122526,8137.401419671362,0.0,35.87335477547222,66.29240511777317,2.8791306706251296,123.01638187315287
2023-09-11,31554.55158118422,8115.50377566904,0.0,35.90404152654983,69.12698009638878,6.802994939374984,117.97237022616251
2023-09-12,28462.95032390308,7133.146777112375,0.0,34.81737868241525,73.49832594152973,4.09884829420055,133.20950003519854
2023-09-13,29677.111212499643,9202.718641413721,0.0,33.69066076876635,72.06326846521016,2.6858498160299082,128.1307080071972
2023-09-14,31751.88839587172,8640.832958032319,0.0,33.85051291221525,73.39845636977965,5.900258118517437,130.62858779140907
2023-09-15,29357.207556320984,7699.970954514425,0.0,33.37402708410103,71.97924946792884,7.431765407318974,135.1729211758368
2023-09-16,30715.230570954733,7834.981957347227,0.0,33.519002840718365,67.0542850287674,3.675411637171521,131.70868934684353
2023-09-17,31089.87194899488,7915.919433189869,0.0,35.02595450478097,69.3282544967767,2.3225902488425563,139.08604138160868
2023-09-18,29027.092450960994,6050.652391911905,0.0,33.70788903863319,67.938220646357,5.095128505039479,121.2709973808261
2023-09-19,30048.516819563996,7420.292082733418,0.0,36.4840513782634,74.23161920579344,5.065023836121955,132.64803785148118
2023-09-20,26212.410733689663,7005.687313235757,0.0,38.07642385244441,66.61349714426616,6.3005023386540975,118.00522499500735
2023-09-21,28856.10207049894,6682.547783283402,0.0,33.92526075736001,72.85182754836751,7.069923622929155,128.09304191100426
2023-09-22,29767.177468509053,7190.943147326755,0.0,35.5490682512516,72.819380110688,5.021688137816709,130.14278142634552
2023-09-23,28559.272230480477,8785.44557681348,0.0,36.055982269444165,75.60208470282485,8.824230727265123,132.49204641676658
2023-09-24,32003.32324475069,7791.020490933741,0.0,35.98843422187127,68.85979958217696,5.5373288491360375,133.33346101316073
2023-09-25,28317.54610011017,6752.113734709072,0.0,35.185626289495104,72.20439798606635,4.374578495312058,132.26128143357505
2023-09-26,29496.420060460136,7597.579172573181,0.0,36.50983828121596,76.89390239860955,1.82581217078737,136.2849880482976
2023-09-27,30173.59418397246,8189.283342673803,0.0,35.98120339659046,68.1804859516572,4.508091941825964,140.49388412055296
2023-09-28,31739.942142552376,7739.706946330216,0.0,32.53508935101844,65.41570764874899,4.348054500523807,127.21729214894464
2023-09-29,28282.566840659507,6977.90530253114,0.0,36.74391355085338,64.37117274242638,6.9318124367126055,122.66587275565817
2023-09-30,31398.065099149164,6342.937630347289,0.0,36.7768502710967,72.14267327971042,5.929504441260136,136.65599395973453
2023-10-01,30012.696379949815,7349.521724355565,0.0,33.47384449836915,64.35138278927687,2.642095170187387,122.96018228481364
2023-10-02,28822.235920061506,7036.442106417269,0.0,35.075921972214246,68.88313544382433,5.344601375460173,135.77655059896756
2023-10-03,30555.68165921647,7368.858220688327,0.0,36.367815475722686,71.31425454131798,6.345377323659199,131.10281554344965
2023-10-04,30242.621578489747,7092.314059710059,0.0,34.58512230464286,70.5630264980929,8.06356260637883,127.80889358670143
2023-10-05,29287.562641631626,7355.798381056132,0.0,37.1537789897542,71.29198038099688,6.790653723272476,128.89418330078797
2023-10-06,30097.137636447245,6020.537119117547,0.0,39.74112012369795,70.693619836321,6.5484435775414,139.25291949458224
2023-10-07,29558.02870302999,7435.881263757567,0.0,33.448432953994136,73.87740747846838,5.160982027758536,128.7282658552892
2023-10-08,30165.131279831738,6474.039397102584,0.0,32.26682125922269,67.20087178884408,5.834444941907379,124.89908555546668
2023-10-09,30833.445762335596,7910.99551126839,0.0,35.646526144120095,68.04679249044509,7.576787707232993,138.9995310073045
2023-10-10,31953.55770393766,5635.176459376748,0.0,36.49346253481552,67.782696713314,2.4351202541671695,130.9330247707333
2023-10-11,28577.87418943785,7512.028748954045,0.0,34.60152004034053,72.61708101164797,4.427626921626224,128.62980729171693
2023-10-12,32637.270965827058,6219.385501198337,0.0,37.98415224288161,72.85645759766427,3.6101243349665957,141.8851336590812
2023-10-13,27750.96228921495,5478.865597108439,0.0,32.416256049195454,71.54061125523944,5.945241534736154,118.96312106331878
2023-10-14,29928.616178429016,5553.0528042901315,0.0,36.49659553853494,73.7719975856132,7.681960936245009,136.75864955617558
2023-10-15,30835.478371919387,5625.336346503051,0.0,33.917776082620115,66.72487284614665,4.065046874833646,125.8402691962212
2023-10-16,30486.870632024504,6163.762252536588,0.0,38.58843620315706,75.30103311613834,0.5187520465460542,140.90656815284424
2023-10-17,29424.060887941014,6186.945439777084,0.0,39.15633101806196,74.91231648858822,4.518159133402509,130.680266417995
2023-10-18,29944.604380209763,5255.46477747606,0.0,33.6610379050718,72.59556815301424,7.215649625311805,135.46256612969532
2023-10-19,29627.224745449872,5642.2551134734995,0.0,34.119711595223315,75.78304846039413,6.5129115399807,138.14758357349146
2023-10-20,29537.47971019118,7324.499545971497,0.0,36.96389319248384,65.51956521401515,6.345807332669616,133.79186502637165
2023-10-21,31291.540579289514,6943.3549354032675,0.0,34.49775676328525,68.9706917169406,4.984049521979613,132.98848668627892
2023-10-22,30729.13829344858,5862.7692847844355,0.0,35.20989727442605,68.39552903853519,3.0433779481414738,131.1807864237681
2023-10-23,29499.32234157259,5498.313896296604,0.0,35.38159069697019,72.82606568304278,6.692216355019683,129.6629672810292
2023-10-24,31441.811432623916,5520.003554161165,0.0,31.522945269708707,67.5741609454016,4.056019544138785,137.86719959551775
2023-10-25,30763.902986468758,5872.78038943444,0.0,35.36746806922836,73.06277257084612,10.158480589594566,130.6415428446093
2023-10-26,31404.794601680085,4523.690802731193,0.0,34.049904510944984,74.9703285501368,6.999734534855696,130.87770933324282
2023-10-27,31220.485546295156,5098.002577748473,0.0,34.478685291187276,73.01547057222564,4.768565266865737,138.1979333500872
2023-10-28,29507.051638632296,3933.081933329051,0.0,38.38910965867641,71.85494437446206,4.78092080870031,132.20732976668978
2023-10-29,29867.876019465893,5553.48331236637,0.0,33.027079479143744,68.11656651270226,5.894298122177337,124.76047509226264
2023-10-30,31476.4147764311,5720.16865916386,0.0,37.20607282377914,68.61877200219027,5.680321056522863,128.05786065442388
2023-10-31,31352.98579279894,4786.3599148753,0.0,35.062615613615165,74.98993966444756,8.474750499617475,134.1251409504693
2023-11-01,30637.636313595038,6404.821701498452,0.0,35.103197889360345,73.66348346442003,6.698268792192121,133.00283517344693
2023-11-02,30846.973068591524,4140.00222802631,0.0,37.286924000724404,71.29530185910934,4.949096939424914,138.12881086443227
2023-11-03,32284.11241730847,3926.387063241837,0.0,36.43101713150014,70.24810044742705,10.282710455036288,142.98796164601788
2023-11-04,30087.02230522461,5257.038062971341,0.0,36.93813396626667,65.51639232432109,6.692432606695663,134.98922949972027
2023-11-05,31500.663725575007,5897.08718953773,0.0,37.78051618923668,68.4757364802886,8.225973088279716,134.59046802054922
2023-11-06,30649.986050567255,6390.846951698684,0.0,35.23000046712128,77.51949172839502,5.568781452086336,133.9089762208889
2023-11-07,30681.087261090528,4663.277083680432,0.0,34.71783123594769,68.04324269691898,7.610840665415436,135.49854108521106
2023-11-08,32311.726781511243,5882.408529261896,0.0,33.82289350601102,72.55482858191647,7.608609100539621,141.4005372661274
2023-11-09,32035.771335001748,4980.1494336628875,0.0,34.3944506562582,75.11287535201782,3.3112448482399195,137.51014546446854
2023-11-10,32074.732307846887,4866.770059527696,0.0,41.996709595263574,68.43227348528536,11.22759171021352,138.4483375272513
2023-11-11,32719.500434165504,5708.146295951146,0.0,38.64228502705388,72.85998315550387,9.887140653005712,134.82159647593883
2023-11-12,31233.675567566497,5521.858302730736,0.0,33.50632222519115,75.23068852774635,6.6225512829224,127.23842749142202
2023-11-13,32083.483127071184,3740.1046203744086,0.0,33.620223648030084,72.5677770887562,5.325739642122738,140.01136932993873
2023-11-14,30950.594777267925,6186.104179261068,0.0,37.28664700861705,81.25103893736045,8.340952997967246,141.3968618398084
2023-11-15,31770.77943150657,6115.029292581415,0.0,37.47630940327637,67.75776184040629,7.936955015869669,138.124221646975
2023-11-16,31285.5452233499,4519.013701309235,0.0,37.539484559225855,76.05961936683389,8.59477167430871,138.4184613277279
2023-11-17,31619.103522733025,5347.02732072551,0.0,35.99279677763437,72.48701151729414,8.388571521871707,143.28099314599322
2023-11-18,32278.92459440596,5438.928947558579,0.0,36.31382764387586,75.44523279227334,9.141954306375178,136.01575906352267
2023-11-19,30645.917085955105,5267.947560107132,0.0,37.283540954153985,74.57948526676827,11.150175210454156,141.40692686155364
2023-11-20,34202.691639611156,4637.232485047026,0.0,36.863612921375264,71.18418522624722,9.519860227834503,140.8784456657087
2023-11-21,30549.63133702545,4560.588273059251,0.0,32.31825144933002,74.20069356702821,6.4143933918303,130.04694881700615
2023-11-22,30365.812160203834,5100.171501635026,0.0,36.363239234398726,68.07197263690337,11.370802696523128,136.3269800856947
2023-11-23,33279.49930599574,6083.815506273916,0.0,35.18695338927503,75.5892750173055,12.060761642567895,140.48942301361663
2023-11-24,32907.61088217989,5607.789208390344,0.0,37.30803848724139,74.80970669682031,15.219344767872906,141.56831904489434
2023-11-25,32775.31034565876,4905.92044173278,0.0,42.996884570403,75.96871363632167,6.8057450639131645,145.64999461607133
2023-11-26,32850.01324384813,5851.463782800822,0.0,37.830961963679606,77.36635224072344,9.677761291762538,140.57708352958412
2023-11-27,32151.79509112811,2989.1150959270612,0.0,36.53943184619961,75.43584195771795,5.168785030710842,152.8145276672783
2023-11-28,31161.118188378903,6222.916367984832,0.0,39.0814264381164,74.91991512771862,10.581945181082215,143.92715558575904
2023-11-29,32400.939612140974,3950.153831867437,0.0,38.27534991672693,71.97674327463314,8.523547688283463,144.07753014077474
2023-11-30,31570.327909357715,5092.013258127598,0.0,38.223110944075934,72.62918163539734,13.612735515994405,138.82117672457574
2023-12-01,33626.78896084078,4528.242577085643,0.0,38.67034646717082,78.47349442201096,8.364060621441794,149.34972708859934
2023-12-02,32354.653391397547,4432.165933185317,0.0,41.6442093788592,79.37125071551817,6.683878422465702,147.785093289387
2023-12-03,31615.734163270045,6442.371778948027,0.0,35.34455392876923,74.49833028990595,9.27013411743708,135.46231197430967
2023-12-04,32296.58563550215,5187.159438273182,0.0,38.62951279910865,75.5025055327313,6.413521748537214,139.06938456439335
2023-12-05,33254.371036428696,5887.886364466578,0.0,35.90609103133487,72.8038634576146,12.019905491610514,137.79530853709605
2023-12-06,32159.65257388307,5624.202324178935,0.0,38.947147329932335,79.19051461029801,6.542077981983042,125.63754583480558
2023-12-07,31927.3675122587,6096.057442405419,0.0,36.076658963966224,77.82431444495217,10.884979136243148,138.94783524937708
2023-12-08,33284.98470776043,5830.134562196885,0.0,37.15782642675996,81.80877241733151,6.82949646822787,140.01429358636597
2023-12-09,33365.64285411243,4798.035716064197,0.0,37.48150314030615,73.50839670602471,10.50277032849064,148.92691991587245
2023-12-10,32543.04547510128,6678.6276486162205,0.0,40.10301072423606,75.16873087403862,14.589510882702335,140.62412530339682
2023-12-11,32666.373422376153,5545.156205004538,0.0,40.06852827700296,77.15757654581299,12.184534561107867,136.5695612435218
2023-12-12,33590.8454268586,4754.734481072199,0.0,35.820950749136664,78.56423961723618,9.897783794128996,141.53637735391712
2023-12-13,31655.950481741384,5718.564745655488,0.0,38.50351991353787,76.14030047043344,11.724896405198182,133.98667664712605
2023-12-14,31786.437347466686,7323.865538929293,0.0,37.05623416722021,74.33190448207601,11.986821497526,138.38398146333586
2023-12-15,32695.45477009403,6866.704107539192,0.0,36.04057801424628,79.7593982579646,13.060436362880715,140.3794666709839
2023-12-16,33384.07263027525,5971.8651056418885,0.0,38.20617511148073,79.44382451229569,9.546701698097294,147.2637206638004
2023-12-17,34096.322603136665,6036.553549893915,0.0,38.10626794750742,74.69764474714694,13.63160159653278,137.78271141584563
2023-12-18,35577.06363030971,6124.657970276198,0.0,43.66006914266129,81.67960074325698,7.2044890767349505,150.9268935305981
2023-12-19,34919.58398282158,8110.123675214673,0.0,39.756312085700564,81.29138099754815,11.521015765230711,137.70117633958682
2023-12-20,33782.55126470079,6821.704570585905,0.0,36.21924249914843,78.35184449305719,11.972407316410719,143.75813580797762
2023-12-21,34036.047001300554,6928.209936117337,0.0,37.9293184424419,78.35652648869568,14.384386553710037,144.48845549303113
2023-12-22,32940.49904152724,7476.930407891612,0.0,41.18630086995141,79.94924187153295,13.33233026353896,145.34411861053476
2023-12-23,34206.24013348772,6912.685125301082,0.0,43.40534144241845,75.87180258258842,10.645785685644617,145.6841742895559
2023-12-24,33967.215772729505,6583.709356808129,0.0,36.14163951495776,78.71730671635959,11.65722602723332,142.90534771892214
2023-12-25,34786.222047908945,6703.407173243768,0.0,35.639111005225146,72.34076891717893,14.195279570101286,147.3281793653554
2023-12-26,33491.81438050003,6872.9199990637435,0.0,43.22642186350639,81.59834996203445,13.810848341796532,145.07989026399338
2023-12-27,35193.39182340217,6970.222210792126,0.0,40.349404361054575,74.45587234529995,12.982103793354039,144.85217025256017
2023-12-28,36495.27456159149,7651.902628314584,0.0,37.91940240223566,83.82223521726378,13.350308152952836,141.33368196599645
2023-12-29,34611.3894857355,7181.069656134087,0.0,40.8111598361286,78.4934430458681,15.876139322086036,140.5163426994342
2023-12-30,35309.946008405,7795.168988307771,0.0,34.556396463852515,79.020782937979,13.620398738034114,140.96120768914093
2023-12-31,35742.10600927416,7213.772937833265,0.0,39.92068423241515,77.94466472018813,14.651683950383502,151.13623384758546
2024-01-01,34518.53543373699,7410.204507586735,423.27971392388423,40.65564234568617,79.13588337823377,19.339873176161092,142.88498786676777
2024-01-02,35354.97775895167,5817.262834009831,56.490341093891004,41.93460705985483,84.42772759700244,12.324768287790494,149.07652112359787
2024-01-03,35187.21893905188,8216.90593096132,177.76294499718534,38.144316153528656,72.88079014662222,11.640530653078144,138.37546278423815
2024-01-04,35375.30965437486,7828.465492352389,470.5626630932312,40.42947265892298,84.34709283049709,17.08337600182974,143.9552135897074
2024-01-05,34416.40039338504,8416.442076637615,413.97697339065127,38.493162881892424,81.70209471132833,14.330738145434996,143.65930227307226
2024-01-06,35459.23620279797,5367.035984096385,715.7649838612047,40.94059150503586,77.2385830438028,15.223172931889222,139.40574237970583
2024-01-07,36113.106436731716,9419.912950656406,601.6457367977221,38.72481584251113,77.80507979532663,14.468704218212123,148.7644294533503
2024-01-08,37342.412553850816,7701.801583627459,417.3090121046299,39.784838546176324,86.23125953061813,15.682480167458499,146.57620841705426
2024-01-09,36837.51885186857,8763.288546968168,794.844918128154,38.69476307098587,78.53626708130446,19.569863945325327,147.7511661751425
2024-01-10,38355.36305233528,7107.018383871359,428.42624112520855,42.073816586968725,78.08303667485494,18.147345123879052,144.63572307231118
2024-01-11,34935.648645441725,8490.219124050054,889.0336326403435,42.573367954220714,85.12487506890896,18.43737846558873,150.22082150169803
2024-01-12,36987.91831328103,7217.106077927486,931.1645520228832,40.47189240930139,82.89792572729017,14.049812986847153,152.08511781103635
2024-01-13,36245.53290622912,7619.370638384849,963.087442161332,41.10199848926315,79.23726826907699,14.748737525580449,148.32149432441443
2024-01-14,38737.371084882034,9706.795587678374,1071.0463115891478,38.212424735753736,82.8690900562555,11.5410578110708,141.930193427349
2024-01-15,35223.40588760356,8078.777030040637,628.8091163804557,40.59401053401617,79.30946960913866,15.767966017893988,145.6087864233861
2024-01-16,35269.100264964,8459.521517916857,1112.1490032586453,41.17635724149744,85.85599714642969,19.466939323933182,140.4073837470469
2024-01-17,35640.519613137694,9034.315397268718,1387.6442580128582,46.601376969730474,85.90369446996046,18.753474606837788,149.1223981292146
2024-01-18,33893.73729523128,8785.86225129608,1490.3690820022628,39.21847811285472,84.48084292527192,17.44179780290184,146.65451762845416
2024-01-19,35893.700097264526,8559.01472479216,1216.303581003653,44.45296060078631,84.13419543030392,18.004611679126775,153.05807835669012
2024-01-20,35695.38911459738,8778.258452927766,1986.0606607212296,43.60006585539343,88.49626099152576,16.834925531772825,148.708423302298
2024-01-21,36868.08704174202,10454.821354428575,1427.762043506219,42.24888730695084,83.37428797810581,18.784746760744707,141.5256249229617
2024-01-22,37178.48778181445,8529.926469586575,2059.217771039879,45.285621579272124,79.99113884550131,20.068517780724946,152.63192185230932
2024-01-23,39100.02772151243,8778.91322612187,1976.7810230148732,42.59283365966709,85.04566716740366,15.465471854085791,151.83150395794698
2024-01-24,38068.8256370413,9498.598661916172,1734.4488382648938,42.706635422553894,90.11477521104742,19.455929438110765,139.97409262613849
2024-01-25,36315.15555923498,9580.51693867924,2540.03321381272,41.90119863999478,80.97060141250218,20.879749633969066,148.1260017243147
2024-01-26,36007.87040744355,9681.67505201718,1727.8769635346384,44.53310577789884,83.08754772604121,18.341735448196427,147.18821575269857
2024-01-27,37754.180968559966,9276.879363341202,2439.6242148351566,44.35681643037392,85.57709403980866,20.72915714974548,156.3644601728111
2024-01-28,35656.86686027728,7883.184162413946,2541.3214041149445,40.98979213370963,84.3205788703869,25.111602306349205,139.8884784412761
2024-01-29,39515.501873539484,10133.836141126078,2116.5652917912603,39.679256965316725,81.68859196789657,19.426817123054725,131.47374507242907
2024-01-30,38808.997345444484,7937.291394718623,2811.408790598238,41.987707925787625,88.1529119698493,20.573952501168527,153.30390065465312
2024-01-31,36905.86696827423,9121.493613763045,2393.863796420199,40.86880062200459,91.89787766765154,18.461641334276987,150.1605591069197
2024-02-01,35487.593284351475,8298.692352574823,2629.96280804448,42.41630557002981,85.67510381559276,20.449211763725145,137.76870741935696
2024-02-02,39241.72488582625,8871.212714602243,2695.1745884591155,45.09195430619603,82.5219512044475,21.154699323620108,147.35994866285844
2024-02-03,37552.578043388356,9203.601380794777,2649.733235250333,41.77542254751791,80.73317014022257,20.769736395923275,159.92856875472916
2024-02-04,39247.55614020625,9213.380973827829,3005.41904778603,42.67652980321495,86.29828107533973,18.484962492258475,149.47010333686737
2024-02-05,35920.195590902345,9307.152109412644,3071.5553976212504,42.94955425107238,88.97864959285994,21.079741105562075,150.6585515195596
2024-02-06,37184.75133972448,10271.505152730058,2379.4417752975464,44.600863131679574,87.23350597402415,23.732394611973273,146.0852985409693
2024-02-07,37979.92587446564,9351.87123194773,3364.9355076672637,38.479854766834606,85.94005534685107,21.84453839863669,134.66447076268327
2024-02-08,38098.76106309331,8799.80279228713,2543.6367541649242,41.82898376104503,84.31695374578332,23.008743079294938,147.92753163406854
2024-02-09,37570.155176429245,9770.051388668877,3419.9976035068353,43.53280112676328,82.94397658625441,20.74644354438342,145.69379367763727
2024-02-10,38924.581423267875,9951.576391139712,3515.1730454991575,45.5773194173046,88.8585769878764,22.854123487749188,150.4830889845215
2024-02-11,36962.003289915796,8016.695401928598,2915.8578761103477,42.259342910162495,89.22761047450658,22.044831286782866,148.9743854735101
2024-02-12,38137.31770918584,9473.048156399534,3184.9288048250173,39.555067679127646,81.97915682235059,19.71452472304832,146.20609999190722
2024-02-13,38516.572852219004,9549.981984585265,3040.506693618946,44.611640986097,91.51395312287151,22.3814781979272,152.15298222573787
2024-02-14,39052.59043698883,8742.485334795147,3370.7875270317154,42.16453905846708,88.59274133491868,19.887134345356053,144.88467266791477
2024-02-15,39351.2294889649,10070.180956673712,3404.881350002511,41.117958317077516,91.19336720595385,20.728822720746884,152.79475106032666
2024-02-16,37208.712601203435,8836.250731841588,3792.1812710896756,42.30959233198243,83.0901829773624,22.495222837402494,136.36701602992454
2024-02-17,36777.28318659681,9041.052615329227,4011.312815315442,43.24916947616786,83.1389679167128,22.83092892971937,135.5597464146133
2024-02-18,40210.29730109814,8784.065932449541,4095.7902580569134,42.4675957857435,86.90726230033796,19.975705299485597,155.52311066836168
2024-02-19,39133.63725285829,8914.576270655483,3566.2100305092836,39.32372832428464,88.97807415765114,24.5776924193313,151.35607955340504
2024-02-20,37893.34519852494,8002.365172055656,3728.7624802694527,45.58566143616707,92.9721405535665,23.727070641386568,153.83069166277406
2024-02-21,40708.45650504671,7702.327003058139,3342.042676753404,46.39682421697713,89.81238501028477,21.28469139761761,151.59286668116454
2024-02-22,39040.28881650531,10102.69496586518,3659.718235405019,45.20452323803289,87.07491468027165,19.727788917809402,147.89830404863878
2024-02-23,40369.88490466048,8120.019013943673,4244.183773713125,41.679356942934255,84.83034894457009,22.619647409404912,149.91099851584835
2024-02-24,39087.82761856551,7972.781306152809,4491.48028793785,43.60382237297834,91.7036125999042,22.12172345402444,145.1673322992362
2024-02-25,41530.59280489519,7009.338716685906,3687.3906334728304,44.04465266457789,85.22127431282148,23.341671504179658,152.96718470821773
2024-02-26,41213.79177744391,8184.9267941612525,3929.643488766201,45.30497154563589,93.1001711973411,22.488532210713004,161.7968062296999
2024-02-27,38857.09615365415,7599.6033103840855,4147.931404741363,45.4925341092652,87.45855231483856,19.296792542168063,160.6791569344075
2024-02-28,40368.977169317615,9931.64611685899,4287.14037581827,42.73474443061539,93.17793027419832,22.62949017974246,151.03757663846815
2024-02-29,40023.53659713981,9383.875178687553,4006.2044016611458,44.41307657046476,90.53496478545311,22.886932693138654,157.6453660182219
2024-03-01,40936.17766041783,7981.568610095779,4421.038104718241,45.208380600609495,88.17665311443065,24.854961632306146,146.45989249341372
2024-03-02,38179.37362095186,10288.238295230236,4195.129969526709,47.24892641794152,87.11637443181759,22.278164198073867,154.3728205577283
2024-03-03,40202.720277719345,9224.091990270575,4375.122844457732,45.78847160537067,87.7361934194042,27.116266398187562,150.02356848930128
2024-03-04,40690.44693393632,8129.4516341110975,4584.222824117927,45.99845092446786,90.12562517655935,20.01739399813012,158.20145357758537
2024-03-05,37349.41934859,6338.736640818857,4461.833413241024,44.62755998815646,89.15128295324863,26.542148460200735,150.88979390178878
2024-03-06,38078.24413306229,10118.329277445673,4367.238581103245,47.319072638668224,87.21487447231632,23.547670754766223,157.61433256620896
2024-03-07,37087.99045070106,7119.66497724044,4502.18612283543,45.354594655932175,88.57324389707347,25.78930787271347,146.92226742299755
2024-03-08,39247.3517395932,6859.251507019434,4544.131053165067,42.84846412057953,89.37701097101079,24.3008828499708,156.16640167333185
2024-03-09,40465.907145538324,8936.442152549205,4493.853129618534,47.41159637883355,82.8235105939219,26.488823949217284,152.78853393059657
2024-03-10,41440.53688041121,10011.640453537831,4560.06959909585,46.03351496297403,90.64992118015806,23.500692906686343,155.35185226136937
2024-03-11,39758.099880618356,9107.418254808414,5148.7802952660395,43.78309810185766,86.39920861407883,22.14113143787363,149.72788330147074
2024-03-12,41653.61894439502,8390.070421613673,4867.556124091847,43.74029435491099,85.93856336980173,27.239569153961078,150.06516901177585
2024-03-13,38071.860187277845,8352.545766910385,4639.337841726963,45.32113302741723,84.39393083293929,24.229002582507142,149.8401940562086
2024-03-14,37711.22365424958,8496.205733175846,4964.36890282899,45.681652172010935,84.12888766934786,24.953682110199956,148.78345215664092
2024-03-15,39714.51689428358,8356.356058661238,4681.028286032724,45.17575866422194,85.49600575658219,27.031852094008645,153.80480118494637
2024-03-16,40266.527458088676,7908.993425826839,5157.586310637496,45.42826626624727,87.48423496583153,22.547387354534138,154.71783243017182
2024-03-17,39789.465990561366,7701.394871911397,4939.592345933703,48.22861443742704,95.51717678912826,25.84838117182706,163.04708794219462
2024-03-18,37369.38908920968,7501.200209314379,4818.128966056267,46.99340591372731,88.12300019082947,23.52084970558929,156.79007233645288
2024-03-19,39763.55822844676,6880.672120105997,5004.817353605185,45.25177345839215,90.2742548705283,24.47666584043546,150.30413923121858
2024-03-20,38323.87830692246,7191.283320142099,4417.9788619077335,46.77186286906325,90.97992757457556,24.923041345825148,159.48088272763974
2024-03-21,40710.13940995409,5992.930903977556,4568.5021106851045,42.841484544302965,90.20626026136364,21.812620979822217,150.41747269163884
2024-03-22,40362.28697907668,7199.674500484332,4564.191581840744,45.718223183654075,89.61240778534294,23.287064081880054,159.6577650987719
2024-03-23,38808.89146837711,6418.184040814575,4979.630140399044,48.55535991143615,86.28761313314213,27.57564020876614,158.95916947061505
2024-03-24,39333.02217463274,6256.641493715634,5469.416975282293,44.51357068465202,94.25210759571117,26.671707328043123,146.31598454085918
2024-03-25,38690.054820822916,7213.714314327784,5630.50109094745,43.26584318985149,95.34381202509297,24.79694293952485,153.63877181926992
2024-03-26,39895.87461774195,8113.60182907568,5162.504864901986,43.66691175728364,84.89420298657147,25.4284259859653,148.87172511696062
2024-03-27,41125.76576533738,7664.854291396847,5129.848323219233,42.80032890605112,86.88710418881266,24.370704950198874,149.75086933463845
2024-03-28,38803.753609938125,5604.0865696132105,4446.307545294955,43.41710104928537,89.13381870395054,27.68641650273752,160.84001533930504
2024-03-29,40597.03292439924,5999.240564208423,4829.374965857615,44.25116090859776,87.09074082682507,24.583649055967314,152.68122616961273
2024-03-30,39359.94091415149,7474.270748470446,4759.914930625945,42.18511601784114,91.51039677276444,25.456184296666528,148.55057273128108
2024-03-31,39047.39511118464,5866.713729835493,4812.5882304241195,45.03007917779866,87.81286841257906,27.289745308083038,155.02883269318443
2024-04-01,39871.517266735485,6404.4700983668645,4949.510553105514,46.80450804625425,96.49507560078172,23.44516442767009,163.09812687739995
2024-04-02,38757.29250637044,6956.197888020305,4857.956119964551,43.18407093297985,93.57081236957816,28.116744955541165,152.9105828972564
2024-04-03,39333.35223702017,5674.049724475098,4403.941460324051,48.036299250720326,90.63318489877022,21.93453998738682,164.9045440142232
2024-04-04,38556.94510681855,6466.266416166877,5218.771654760428,46.01598275498036,93.06975594580953,28.248081418075934,158.19245868413861
2024-04-05,42347.25596382663,5248.739317414101,4667.762896605019,47.05074697557508,93.29687288172586,24.233820440749973,153.0078282221278
2024-04-06,40025.610771136926,5769.692698007204,5055.068568004195,43.66762540106658,88.27474655336698,24.481191521891137,152.39658168769066
2024-04-07,39135.855945912386,6442.352261162426,5597.75135642848,46.68457700963672,87.50240137738108,21.17103276864109,151.82797189431193
2024-04-08,40223.060139218134,4848.86271959651,4690.468868861145,42.782416445546446,90.16699768158308,24.022979057918757,158.97644573250787
2024-04-09,39820.77666033828,6413.436664796535,4196.484063143374,46.73606532164029,92.49604901342838,22.831527577880777,145.75962839270912
2024-04-10,39678.224431721836,5984.289760858657,4857.586684597669,45.28706663074877,90.30395709828366,23.67148321157646,169.25654703471332
2024-04-11,40666.74078987126,6382.153435067308,5260.028640318723,46.03624318978872,85.12849205306532,24.584859568060544,158.63702635429576
2024-04-12,40823.642011956676,6060.745500310239,5502.13699616609,42.563443548650206,87.42079218794728,26.744848748745635,155.06499664574886
2024-04-13,39261.467081094816,6915.74183939413,4529.203579891726,43.10792877367424,89.57421832567177,25.21134361925615,159.19241321737658
2024-04-14,39189.070864388224,5868.856651467013,5029.062520132799,46.07450918966861,89.5331086933462,25.37545881312591,167.8001527834517
2024-04-15,39530.52894656333,5370.900347726721,4720.9978461112905,42.963894974696906,95.63880849666003,22.53014318859949,161.40232740253757
2024-04-16,37077.38351743762,5759.5767897081105,4807.90440882908,45.766101499318566,85.52141400304365,22.917869651035183,156.33803566049747
2024-04-17,37999.123468182486,6045.321682311119,5610.655746925856,42.08307712990025,91.15147321114911,28.232155522344115,151.56563522318106
2024-04-18,41433.83820586991,5600.408455583262,4342.697986417936,46.48993751026982,94.05451749485783,23.11677610034647,161.611053231385
2024-04-19,41742.36623935377,5546.183702008317,4844.5268816006,42.30335835361521,96.35115920257284,27.849226470419048,157.4094539591899
2024-04-20,39442.964652593204,4906.317763516641,4882.115851590489,45.846407775419905,88.27042353056983,23.997493402359986,152.81722786124533
2024-04-21,40405.674072619026,4893.657758745798,5039.54161443391,45.96506758424411,90.90189979206482,24.43218730619122,155.82796023186933
2024-04-22,40057.9069169294,4259.881793810349,4713.801677518426,43.290863094618004,91.07809453455025,26.509543783414173,150.87042064513741
2024-04-23,43348.276625336184,6741.58624943947,4746.034817041128,45.81767278935936,89.89368450503967,26.851024154257107,161.27236442634992
2024-04-24,40964.943504686955,4308.813219374119,4503.9590407389305,45.14233813763258,88.94637161821302,24.02128210137276,151.45640568726606
2024-04-25,39434.41702052006,4713.625034194398,4668.656212670504,43.51023441791149,90.48376242909407,23.399350153550866,157.20143128914586
2024-04-26,38406.37462175057,4659.379001826788,4450.065467821859,42.535913782318666,81.5093080452831,23.994205403897734,150.8754532644695
2024-04-27,37589.04342731433,5918.351408957218,4703.250578580235,40.591527628278264,91.07976649343473,24.709473079711078,150.84778002069226
2024-04-28,39723.35281671522,4936.949342081177,4368.313352861457,45.178496548273934,89.336926618335,25.741000281088603,155.07983023506662
2024-04-29,38532.6657188063,6143.825949005412,4553.4167313181215,41.31068107042336,88.21314853596013,23.889032944283233,166.40920459271314
2024-04-30,37693.35656835047,4581.82225903309,4391.282175762186,44.59074941875029,94.94070862689404,25.037894635781665,163.26935747304515
2024-05-01,38582.64413245557,5321.082297188735,4696.346668778258,43.83163516138211,86.69226113072156,26.993782651635097,147.04142425715096
2024-05-02,38017.85303591228,4409.198965515558,4300.2925231730105,45.673996191125944,87.42219331330402,24.39404050502868,156.6185931148715
2024-05-03,41296.18081083622,6775.527849666719,3739.701108287072,43.667519849769405,94.51788160411247,24.16652740950783,156.4042859848688
2024-05-04,40284.21299510466,4093.6260633087786,4604.821736979516,43.567349714071135,85.95630665898106,20.414668923350504,151.59406016073189
2024-05-05,39170.06022751325,5278.241062157206,3907.9077068343986,45.64336880566977,86.70890894537675,18.097794520528243,149.73139439207625
2024-05-06,40907.703960287574,5526.485367262539,3935.6410920249027,44.80188705178778,87.82246571694654,24.040293445699433,160.6398855773017
2024-05-07,39175.53222640672,5341.995487224652,3903.991869016535,44.715002171595145,90.68758396084782,22.97573205189742,153.62306593159389
2024-05-08,37998.858690010806,4856.641772378184,4444.731159555968,44.970934911221775,88.68820698526937,22.035234113379964,159.55366559702978
2024-05-09,40808.66321163667,4897.361786175067,3340.21205471947,40.909770072498866,84.08395259636937,23.448889046198847,160.10153151594105
2024-05-10,39574.94132781516,5035.049177583288,4869.573835491572,45.44182663536754,86.25999286140558,22.73569109239333,162.87181971449115
2024-05-11,37629.72482164346,4883.616744659017,4191.237249555023,45.099357794862414,85.92677711403378,25.004400914938213,149.26165763368238
2024-05-12,38591.03665025238,5775.975192916279,3886.414738191461,41.78607680679972,87.40722299223629,22.81110786442338,154.62238259045336
2024-05-13,37712.592233598334,6779.374610536534,3746.8659374751574,43.27517319031164,88.80419925120958,21.032821705179753,154.90652717576998
2024-05-14,37046.75037708578,4573.470434510592,3791.776276700279,43.62749547898772,88.66683737614989,24.39255258640454,150.7693774437406
2024-05-15,39759.20082747041,3934.5421103123213,3804.1244989462443,43.37879420162898,81.96754027871968,21.86131339097248,151.43294930383774
2024-05-16,40879.68453694397,4973.079159851384,3781.949244164828,44.25610450151688,90.36859209944218,23.229842504104237,167.64599256629788
2024-05-17,36849.63696195292,7123.176017571463,3694.5993903369204,46.390651614198255,87.81354263906165,21.10101468868617,153.44142062871146
2024-05-18,39141.96921846357,4434.536953747576,3493.2803388114608,45.62993958978054,91.08640841165149,20.633158497874902,162.34916990459746
2024-05-19,37623.095964438886,6409.180411764946,3344.665521292884,40.77942866052227,88.14032907664219,21.976070555141554,146.04307605970348
2024-05-20,37755.76886055004,6462.775409689334,3294.937335971616,44.584459301679765,89.98460751534262,21.70629592922271,147.9416982842669
2024-05-21,37564.90907695878,4702.761697500028,3217.309301939619,45.93364842511624,87.95119950644123,22.511217642824516,153.1098823108854
2024-05-22,37173.48464256704,5628.095548063018,3550.4045952429374,43.98389060756123,90.45922440097388,20.88325562574615,152.80946090998444
2024-05-23,38202.04002651297,6505.129205904497,3321.8810896634327,45.32577492335111,87.85438005401168,17.614908578417552,149.16460266769974
2024-05-24,37079.28286012339,4930.802621492156,2194.3064094173583,47.10096389121817,85.85910026030457,20.287298232456507,156.1760474201048
2024-05-25,38332.668507060414,5105.0849043492335,3204.89054908354,45.055539408338575,92.83354479358987,22.603877566536852,149.2826735712427
2024-05-26,37878.640530123404,4838.559076528231,2997.3471198779994,43.43754345274583,88.54496388976442,20.28310036443852,149.12258961004372
2024-05-27,37582.123683281934,4530.119470335622,2863.248712587858,44.959038287691136,87.45895594205649,20.24495587401416,158.9122387932565
2024-05-28,36708.86991760096,4862.543975197301,2681.390776124216,43.087721978244666,81.76697937448675,22.56864563591364,153.62694309013548
2024-05-29,37034.07659602125,4444.82627937675,3063.436008699059,42.77400827927317,81.5874815330159,19.028457930888663,148.85829393899584
2024-05-30,38560.11971180058,5495.177888369425,2937.908179446527,41.9508217693822,86.1854469280449,17.22169404513354,148.0438357948216
2024-05-31,38181.41258022853,4897.731764198295,2348.4486547321862,45.70713867274348,85.59718750346326,19.83936167110755,151.41364725818917
2024-06-01,36333.142773470616,5748.349128755295,2628.3247533662384,40.86935173534488,83.17005043943281,19.04407023196028,146.0616980904552
2024-06-02,37550.562302058526,4365.9667421191,2139.8665151810674,45.49609898489969,85.28567516992308,17.930234431580395,159.2894681514069
2024-06-03,38257.462086415464,5926.442973053848,1941.9120889326368,43.35552578585006,89.47747586086942,19.36083816494125,160.1606037043427
2024-06-04,35276.24713019665,6381.247949914061,2091.5183001653118,39.480921117938415,86.64527435873549,20.54207822957817,143.8695286877139
2024-06-05,37854.6261526084,4173.688535291516,2461.3119634673035,42.93789250773532,80.98216231424674,19.386610720369323,147.07354741640447
2024-06-06,36329.85318911276,6123.674751293111,2410.9392134606,37.924948684544525,83.91547691826672,19.863965545068023,147.00975987727608
2024-06-07,37731.49819638989,6863.749387037141,2200.7054201072933,43.297795827740174,81.67866014559853,22.720374985187057,146.64088534746278
2024-06-08,36052.040395431315,4972.448656580629,2185.480119336734,43.73841434926032,82.77280301733899,18.250145043449542,148.2900811584005
2024-06-09,34722.6813052224,7338.0579094701625,2043.393312154315,40.703827914715724,82.53623265515073,19.333776921328997,150.77969494946967
2024-06-10,34855.51772818904,6396.272081921057,1616.1241750819495,42.05566404556,82.18420055948565,17.598710582099404,150.81545891037737
2024-06-11,36785.763499347326,5559.248221815117,1857.638326755849,45.63637643085424,79.69071701078715,16.763403686933387,152.95248236016616
2024-06-12,36958.70941318843,6141.911451722236,1887.165268690958,40.63554900259878,82.91112077769074,17.124269515409768,142.57672386807658
2024-06-13,35480.35525455385,6697.448343185551,1791.8226036232102,39.44772003056593,81.44924749881635,17.1735532663149,145.85365742141377
2024-06-14,37249.8750469003,6376.764026478591,1840.2381078098435,44.44689090129265,74.1787821227281,18.68607978782915,154.4911833539886
2024-06-15,34407.32930127333,6812.970805207196,1613.6445301564017,45.32632775705767,88.96122282549715,22.50045832539368,148.70370048228884
2024-06-16,36239.03170526326,5712.1864139025065,1423.7619259025157,41.32571880733573,85.90296388993009,16.204568054728398,157.10478207536755
2024-06-17,34781.89146268973,6651.644868029521,1556.1559738996134,43.258036973221394,81.34131963003438,16.636971193578447,153.50465424878564
2024-06-18,35369.32502179047,5453.2050208404935,1143.5719733783444,43.834480182214826,82.35951385152792,17.17681067608363,158.66928869299088
2024-06-19,36124.48298277867,6563.722795587179,803.0421818306602,39.58263611212221,78.62024611244527,17.926806851817446,147.52937015846055
2024-06-20,34950.86841062714,5998.527684908032,934.4443597847587,40.012752778232155,87.05389753136838,17.493830521845346,150.90935542884262
2024-06-21,35437.36627555202,6202.519119392877,675.3621351858764,43.36058195493728,87.48953194157495,19.365857445151857,158.65890634390578
2024-06-22,37021.586435749916,7849.361592680099,611.4815822002724,44.184063622109605,82.09815131412475,11.775285988314756,153.39011002172074
2024-06-23,35036.72574117159,7803.249103070416,685.6403833847147,41.854757704948085,84.52858390175477,11.684132228807396,144.62883911592382
2024-06-24,36646.57142174107,7487.3104967257395,406.0149109629151,38.88411218025879,81.81334211132757,15.29572543050551,144.57577702545532
2024-06-25,34202.64681001934,6195.94878166694,465.9065767167625,44.53241725900735,77.10641375458916,18.311190446304366,148.4480682468261
2024-06-26,36108.44876258434,6886.386187732406,0.0,39.41074195346207,79.70989739128103,12.814071434960809,140.25053749613105
2024-06-27,37116.8147409568,8179.535086518654,450.9205083791956,39.716656833824416,81.16964869265051,9.758600112947114,146.5111744492036
2024-06-28,32335.092986676216,7391.719732832057,301.42802943763365,40.98574205580821,79.23848961742759,16.744491586096352,146.8142923196421
2024-06-29,34258.83685845809,9202.759987319214,0.0,43.3234320064522,79.7742624977402,15.917536777450742,133.80896352391235
2024-06-30,35821.57875375231,7730.477653151017,326.8659016653837,41.83704415424011,79.98398572974398,13.077767588672465,154.8114654135871
2024-07-01,34799.38052119185,7637.483084391358,324.30602573141005,40.87276598516726,79.84343447529051,13.114990767445025,150.4925676196663
2024-07-02,35402.34006360213,7303.981540271997,0.0,40.883542075792775,80.07070550260558,12.974442591843772,144.23228606252502
2024-07-03,34146.12557480536,7724.8667125757165,0.0,39.95793713615128,76.56000039853889,14.962886232676563,144.973625637401
2024-07-04,34888.79657994483,7562.0644175469,0.0,40.901167864014354,77.41872922257087,13.31714711758868,144.60435860601325
2024-07-05,34512.12093070054,8315.70012818269,0.0,34.63981345778243,75.54411442924217,15.385995064293114,143.75472392652225
2024-07-06,36014.40607782446,8578.835139587263,0.0,39.019852685693095,82.15958185672397,8.516881881856598,150.327925489407
2024-07-07,34832.621262875466,7247.950725171795,0.0,40.00996012074757,72.73769167630705,12.340928771572424,135.4667877365319
2024-07-08,34846.82815888177,6873.95676272556,0.0,37.13967679715251,82.34418095873383,11.631302006960958,146.8648023161968
2024-07-09,33862.00675339013,6531.035701517367,0.0,40.12890574836021,82.87156641726271,13.199836868729198,144.3420080050817
2024-07-10,33685.87654651364,8466.231589996445,0.0,38.862061573428385,77.6354662698534,12.465912513820971,140.7388085355559
2024-07-11,33666.89510992388,7235.692522002398,0.0,42.6969163319384,70.56251860713294,14.967617430406367,138.47820521608156
2024-07-12,34574.50964222615,6453.258030222958,0.0,42.24720652180191,77.11840245684252,9.48366059942427,154.93839785605684
2024-07-13,33511.4541740478,8542.18583427609,0.0,38.08502441279579,77.84071861819777,13.124254054725736,144.63757557291433
2024-07-14,34280.125251076715,10279.97483331931,0.0,38.63071999966763,74.8329961858153,13.98146369202545,134.5374818882004
2024-07-15,36338.952607221465,8333.404483485801,0.0,38.700576517630154,76.15128811626914,16.41023817081779,137.11538344759356
2024-07-16,34810.23874171336,9060.109360479304,0.0,37.86157014527608,82.12036379178072,11.566246253003705,140.2582690405456
2024-07-17,33290.44429775855,8504.143087515353,0.0,39.071722504416215,79.35812655962515,13.012262281424961,142.63675888898078
2024-07-18,35040.303330600655,8407.17792840187,0.0,37.082282486228735,74.42400090487354,8.589967662883112,141.06853259291896
2024-07-19,33026.74545600669,9267.350072628169,0.0,36.2552052337575,72.24007429847882,7.248959398639059,140.82662242669667
2024-07-20,30988.715353107436,8343.801871862523,0.0,39.6798872431214,75.88787763781241,13.558478342205131,140.39353673643438
2024-07-21,32143.254015776463,8831.947840007415,0.0,39.61201675732097,76.06554483970339,11.69479459045856,142.54333241217478
2024-07-22,31026.988131415306,8915.433390066893,0.0,36.66330691732635,78.03247443538262,13.90090225288952,135.90133739635328
2024-07-23,32769.6151655016,8161.623829398413,0.0,39.982142207876365,74.77691255499936,8.636056914762838,132.2039384283499
2024-07-24,33133.562229007635,9525.684687198098,0.0,36.84830471564951,77.75741907404594,12.262724627017855,135.88990644901455
2024-07-25,35043.77339144801,8625.927380361525,0.0,38.538379092793626,81.86955935361603,14.801732914523043,148.72523045435432
2024-07-26,33345.533054438885,8192.99196500406,0.0,39.5939082311468,78.35294347917656,11.74585162855831,140.66634977666027
2024-07-27,32612.077665581597,9256.298790141524,0.0,37.80777317074481,75.60573107831215,11.30315961148657,138.8854939653547
2024-07-28,33792.69277566772,8135.593323700744,0.0,38.70688790252979,75.04536074333517,10.611924318143753,138.19109084576132
2024-07-29,30067.104161648247,8901.930167467119,0.0,36.68760724468256,74.3709136623758,7.2991701506635955,126.4295724098736
2024-07-30,32926.93993136096,8894.817835274944,0.0,37.25126929477448,78.83032766061778,12.999550794682055,137.27050185857178
2024-07-31,33493.674697120914,9791.239844541902,0.0,37.15691760269587,73.2553325910592,8.915557649302968,137.35940990533015
2024-08-01,30719.487437835312,9320.350038855955,0.0,36.00063423969065,75.1232499925422,10.996548378308283,128.57408740973207
2024-08-02,33792.19289676905,8936.273634471498,0.0,37.06613971868917,74.99296979548473,6.7133074766989616,136.47391068976972
2024-08-03,32752.545448183628,9623.828545384646,0.0,34.24911316146284,73.18734693994607,7.333780189365107,127.8225353751123
2024-08-04,31775.452310615787,10092.702176696992,0.0,36.29149031301254,70.43019897094119,12.417770413037964,136.85046276728661
2024-08-05,32961.391927276665,9435.292035818034,0.0,36.63230270120978,75.37303088675125,8.709502797982557,134.22092003848755
2024-08-06,34855.97008984365,9003.410196394354,0.0,36.618779155487616,74.0792654053906,12.168828273041841,145.76708888027883
2024-08-07,32279.313244607827,7949.312668158064,0.0,36.57807884679608,75.62286888538499,8.965686158958237,143.84386363877982
2024-08-08,32289.744387435796,8147.909069539702,0.0,36.86835128415513,72.38295844843327,5.2999638218350675,134.71019417228104
2024-08-09,31372.343920735075,8754.601890554457,0.0,37.88246003635549,77.50961789680588,10.631289199830176,130.69600462077787
2024-08-10,30836.37268366308,8507.518338792222,0.0,38.60522007528588,71.08205051040613,7.53258721853044,123.08044503690657
2024-08-11,32786.12941367027,8839.46674834819,0.0,35.490195980120646,78.71557371968804,9.976830494668443,128.92214959301057
2024-08-12,30696.91762286394,9025.856077400827,0.0,34.31781650317629,68.20552689842437,8.498858162989322,121.47653384939136
2024-08-13,31745.560163595605,9393.369709509801,0.0,34.575591854446124,74.62367155153534,5.233124901978925,138.89607719978537
2024-08-14,31022.944016496782,8899.89617902034,0.0,35.621727110225066,74.61855795280971,8.52085543597098,132.827519753523
2024-08-15,32108.36965646078,9329.792767612955,0.0,35.82975122993209,70.68051652730757,12.459634015435821,134.18276610604147
2024-08-16,31872.47647580845,8974.102923724735,0.0,34.9320898170692,74.21734571251126,8.93013681595714,121.65424959834661
2024-08-17,32656.663364729673,7321.73977950721,0.0,33.819382103120404,76.66178687252086,7.7081953572294575,129.56055420937963
2024-08-18,30740.19255094187,8127.916926516816,0.0,35.43997057461919,66.05396794107293,9.855111263048927,133.88863602119832
2024-08-19,30970.040023404978,8739.097664556284,0.0,36.656743185984965,74.09601431398649,8.009116821920264,134.40883249114734
2024-08-20,30062.149403401192,7859.335121012319,0.0,37.42672479401109,64.99351926368969,7.892400185205508,129.18697416816175
2024-08-21,30647.40502395596,9277.5310765953,0.0,35.06571082983065,69.46411946152496,5.177863527776374,131.8827987277375
2024-08-22,31578.340384818617,9990.495851592812,0.0,35.299584148877926,77.13865868103242,7.718855637908788,140.7942016137779
2024-08-23,31980.13706458085,9707.06028892673,0.0,34.21835410691181,70.3981553490367,9.214388282046746,129.17197064795158
2024-08-24,29912.487292073773,8525.341895568685,0.0,35.956207340337365,68.51653146894692,5.366047057973798,129.43598994223365
2024-08-25,32011.12737252207,9850.656054590047,0.0,34.27074300001365,71.34138734983651,9.784192179284457,131.51509957030328
2024-08-26,32544.07517333636,8736.967954511583,0.0,37.06356536925282,78.0383385000315,6.651207437250587,149.0039637522762
2024-08-27,31364.350890248894,8306.352730319013,0.0,32.29649602251223,66.24141127114282,4.960918989683826,117.26508304586898
2024-08-28,33072.5275779765,8041.3667554052045,0.0,35.10111325800189,68.48681547089559,8.636009359654127,137.03481570671858
2024-08-29,29845.2076743104,8244.31390176429,0.0,36.37596939161817,76.03980447600826,5.973920954992838,131.66419344580342
2024-08-30,29234.803507277167,8128.138145844321,0.0,36.09605818389588,77.02988533311493,7.975808077473948,134.39523215969925
2024-08-31,28549.82506106531,8525.64971881839,0.0,41.07035668771144,71.05828504663003,5.785061454983816,128.7389102192956
2024-09-01,32436.72158024041,8466.72039755761,0.0,36.34106845558921,67.56577870532685,6.163284525846972,132.6644141298465
2024-09-02,31385.17776775719,8288.01203549581,0.0,33.5918297864483,77.48740846569213,7.186998368933229,136.3408643056183
2024-09-03,30493.01178175999,8580.8734864484,0.0,35.36878489267439,75.90275394895266,6.701220888885082,147.58418698768372
2024-09-04,30856.76589790924,9128.08752441402,0.0,31.96831087939255,73.0784480559376,2.050543531747433,132.3493477925524
2024-09-05,29132.634131618524,8878.029115294557,0.0,35.32202148978306,68.5292349299409,3.723954496564371,122.82344350928646
2024-09-06,33381.87922506911,6871.92015370649,0.0,33.78086473552741,70.74686567654373,7.75277366863947,132.8681950489959
2024-09-07,30567.147288073305,5956.863092078436,0.0,37.24286242082336,70.34308349627157,5.5598905616029715,132.041156458466
2024-09-08,30509.820142560406,8686.399054563199,0.0,34.27946583984346,71.7496466919158,4.709630172526223,120.63606431017263
2024-09-09,31217.300293488533,6783.23933484582,0.0,35.11284851321961,75.04576500401421,2.975612659105259,132.74855670886046
2024-09-10,30892.8043466069,7633.660964637453,0.0,34.04447758571404,73.2694376604579,3.4717138944939907,135.24957621411312
2024-09-11,30554.855112182853,6813.1227659843335,0.0,38.76389698675456,67.34026033514152,1.5287912861718977,127.22820801360916
2024-09-12,29309.62275340477,6242.455936587323,0.0,34.61570656770332,74.64587354993691,5.313822762475219,136.78301244541336
2024-09-13,30797.35704541097,8051.204171313723,0.0,38.89670910380618,71.40258645373503,4.266314872533453,136.69197804407662
2024-09-14,32464.84031083356,8158.598839876118,0.0,36.83471443930006,72.4740192177038,3.4796460481564098,131.70117329415544
2024-09-15,31797.151312565227,7022.635470617959,0.0,36.14678071185003,74.76491709219432,5.229047664022605,135.0505888632887
2024-09-16,32072.135036846954,5342.989547919595,0.0,35.89777737951472,66.9858814212187,6.048563431464835,142.9201024465943
2024-09-17,29525.950205137273,6910.300796731876,0.0,35.9270036132872,70.17134129758999,9.465213898129278,134.3479359232896
2024-09-18,28932.421462527866,7591.789406242173,0.0,31.264602088146937,68.64553083959868,2.2161276545498936,124.88837852641745
2024-09-19,29950.987237652975,6025.927671516007,0.0,34.54416475347104,65.50028480744874,7.522625170146144,128.27256808554242
2024-09-20,30152.23713484652,7286.200883311582,0.0,36.77568318246873,71.21086441301495,7.1169376022303235,132.6695492617467
2024-09-21,31383.289072345986,7057.55111406661,0.0,34.97246488323263,77.67518815511497,3.582333021608294,132.6228524656172
2024-09-22,28025.654493180515,7463.433199680872,0.0,32.24623235523114,64.59299086415933,5.519696006848658,112.4558336981355
2024-09-23,31879.890063385465,7025.86530132632,0.0,34.93962077887779,69.99201752691704,4.173592861390223,143.45376210394872
2024-09-24,29844.10627536814,6082.031899806509,0.0,38.441926786173916,71.98906031255018,5.438808668163334,135.41046504757438
2024-09-25,29512.216160559612,7748.200274796287,0.0,37.51825687556595,70.41818149396157,8.067208915802125,133.17182931499514
2024-09-26,28802.180240916947,6594.830139658291,0.0,34.89269747249708,69.69402682491108,6.244623447720926,128.6259688390491
2024-09-27,28024.586189434114,6630.860013058196,0.0,36.913312749789206,66.1231793010086,6.038045137812963,124.40419822265441
2024-09-28,30993.406122829132,5837.562251105924,0.0,34.27258738133873,70.70956307297016,4.150584204240378,131.88934150900442
2024-09-29,30090.250157189297,6161.53040784746,0.0,31.594525422909776,67.73424526207864,2.0364238632777574,119.95947719702028
2024-09-30,28452.463627037047,5740.883117144482,0.0,33.1514847304672,63.43106829851696,4.583896992371805,137.0453065025323
2024-10-01,28445.95177484271,6243.609163311372,0.0,38.12582383833544,73.58386926417928,7.413308912365928,126.50777181997182
2024-10-02,29598.21585095239,7685.32649746254,0.0,34.45317132644194,72.87747243972721,1.9479792670217968,124.62181827478821
2024-10-03,32006.575774148856,5153.2658988230905,0.0,34.516981985051544,70.1624828181564,2.897321151249775,132.82575631486415
2024-10-04,29696.31327258585,4895.67759554701,0.0,34.40814650167242,70.70286985306147,5.268181260912493,138.36169258750311
2024-10-05,28209.603590717496,7300.193968416734,0.0,38.82164831360524,73.24970430706513,3.05744069922392,131.7814715723298
2024-10-06,29725.51334236097,5893.597932706731,0.0,38.27232284998823,70.71382900886246,3.4557631442977836,127.88169153377486
2024-10-07,29701.642181833035,5464.741809072069,0.0,39.4664709324265,72.76987359534442,4.210623767604128,142.4020457717759
2024-10-08,26802.62498138045,6772.085221450451,0.0,34.72079853211024,69.18533130319913,2.346543097440376,129.07836016635554
2024-10-09,29985.18368474186,5397.121761269013,0.0,35.64158650205742,74.03662626484831,3.1524313566937323,136.6989169462689
2024-10-10,29786.13135177965,7285.237266252605,0.0,32.02996768918849,71.0888627538582,6.533361409634752,131.47770708247222
2024-10-11,30913.078554015643,6311.017746420098,0.0,38.03149976847609,70.73741766329671,2.540522268017149,147.21370558445034
2024-10-12,32312.214962576367,5324.095654110362,0.0,32.75790854610609,66.37675203114782,1.9911910282942307,143.50789131272134
2024-10-13,31462.636327929024,7387.585357894686,0.0,35.54430941999697,71.08238414784856,3.9614666258756412,129.68707440672694
2024-10-14,29806.831295472097,5126.111320679338,0.0,32.93489266887221,67.76313069579244,6.722906453295484,137.76857046520968
2024-10-15,28821.849300252463,6154.99669693014,0.0,33.97194673726507,68.38451260189944,4.905517165491149,130.10575500271992
2024-10-16,33259.332075625556,5753.144413370404,0.0,33.49677544962632,67.89647373850309,4.413438467220213,137.1925189489338
2024-10-17,30265.41320145588,6509.304145281085,0.0,33.97860055928686,67.18999736557932,5.477419756308203,121.12684102406837
2024-10-18,30235.541017336003,6673.187450168043,0.0,34.14058046074251,76.81196594313182,1.946236868361635,132.02484769758513
2024-10-19,30215.76731399223,5407.569330502717,0.0,34.148179828674074,74.48345202301367,6.478846144598527,129.23971575979687
2024-10-20,30509.71977578571,4739.190558612971,0.0,36.9386858864249,76.30513863216134,6.310906188535859,141.42343040992853
2024-10-21,30127.48721598179,5671.881522038445,0.0,33.09099412416548,66.93275436191435,4.782822472389599,134.77401112995068
2024-10-22,29642.419447629087,4725.776896629441,0.0,35.7718967099131,70.87538896150342,7.673476735363574,122.78932402418931
2024-10-23,29706.06085261555,6844.814612303445,0.0,37.798209886715135,66.84406028859576,3.469590966301959,131.23809135697914
2024-10-24,30355.839637157627,5311.640172267856,0.0,34.368750832390035,68.70320249124245,8.046105109340788,137.37254834528673
2024-10-25,29777.250333712807,4880.651843665112,0.0,33.99352227757812,68.10433916789692,6.167707449337156,129.88316537616333
2024-10-26,29609.515996774226,5293.376535558352,0.0,35.00388168562632,74.64861389129833,5.2567566922173,136.89633589507028
2024-10-27,30629.561924969057,4042.913726804425,0.0,37.861296068460206,69.81500226917228,5.963944032740945,138.38154414776307
2024-10-28,30234.12060679723,4320.595736601172,0.0,35.92830852960898,74.28532453648657,5.865657003782632,137.48139674481527
2024-10-29,32384.454036582403,6037.807734478904,0.0,34.517233861067986,72.97168756933192,8.599890693401788,134.33617616817378
2024-10-30,27439.377704207174,4533.8931242708895,0.0,36.58829477665487,78.15199920487194,4.087724693615547,127.16610495439039
2024-10-31,31972.52644865897,4206.176012386837,0.0,33.45813392667917,66.88710378328486,4.800397974410836,128.3219563889695
2024-11-01,32201.482439618136,5459.706695997414,0.0,37.06889922950688,75.19006013660237,8.484966201386928,142.3609199671227
2024-11-02,28262.846263472577,5968.027186247258,0.0,36.568129157765895,74.9411516959269,5.310759214356999,132.00743990634314
2024-11-03,30385.68285893119,5586.118857795506,0.0,35.18129102954984,68.67367942957411,8.394882098318405,131.48066483155594
2024-11-04,30398.41782897601,5801.710048125005,0.0,34.1669752712765,74.7096937457614,10.087165702359338,131.15843951176493
2024-11-05,29203.603199826543,4395.78227510624,0.0,34.11925538892101,72.79366935605454,5.981644413092587,130.65686688298572
2024-11-06,30008.924679854146,3862.551466606525,0.0,37.01193937765502,71.20218063006618,8.247334063077004,140.91570924826257
2024-11-07,29660.503544567622,6202.2852675261975,0.0,38.45115556410474,69.51458265733723,4.679004555573517,131.7032780213369
2024-11-08,33147.99624832446,4746.728028406643,0.0,34.77065622215852,69.93321507808467,8.600010028567842,130.56309303262867
2024-11-09,32221.334816423074,4810.289796099415,0.0,37.01529415174908,78.34647777665,7.595889461265773,144.27347384946282
2024-11-10,32678.791979573303,6082.019175996105,0.0,31.978871828376178,72.30790018803307,8.251928295481054,132.8026480025528
2024-11-11,32074.47743445907,5475.368501496112,0.0,35.03923549629278,74.76333191980875,6.125797771143582,136.99188154682363
2024-11-12,29910.277436056545,5408.415016197674,0.0,36.20302169577542,70.15758097803179,4.208112291900097,141.01246336881616
2024-11-13,30693.49056564434,6791.410423368872,0.0,34.5035480512164,70.30627093169522,8.652333899859144,131.35605590541155
2024-11-14,31969.02928199394,4562.662023819248,0.0,34.508767058941245,76.00951404479069,3.636753312081966,139.04714382759502
2024-11-15,29975.163517920788,5840.159069874682,0.0,35.10615777565335,68.83470514252765,7.2487327926971785,125.40504177092222
2024-11-16,32358.306480948628,5166.2252583458485,0.0,37.087093821394504,71.7597754257677,9.88778046232346,137.05848365745658
2024-11-17,31276.345686091903,5360.506113957032,0.0,36.190078127068915,73.23155456098002,8.513267799509402,139.184749239222
2024-11-18,31177.99693677575,6395.683825844823,0.0,32.15131943918533,73.58968161719069,12.152249101250167,124.0718870274776
2024-11-19,32544.978870632793,5608.680512433362,0.0,32.45042660351847,72.84637396252874,10.433872122740755,135.66958542879422
2024-11-20,32289.968168608335,5664.741677521848,0.0,35.54312183911073,74.70116373293794,7.205907612999019,137.85407071643155
2024-11-21,31389.67909656622,6125.955062278965,0.0,37.738211667656216,75.72424425855166,8.7003037508011,137.85905568512564
2024-11-22,33280.962021832755,5011.941624052837,0.0,31.394756572345187,75.9834451519693,8.684791110502447,141.80530696305289
2024-11-23,30660.339656304484,4670.557121018711,0.0,35.9581552971211,70.95781987284525,5.750877772156473,136.59390613087336
2024-11-24,32765.489293529292,4546.118656033275,0.0,35.97387085216133,73.20026783660596,7.171935297423644,146.39166520058404
2024-11-25,32807.72014229305,3850.8932212857535,0.0,39.872674189147894,77.77628585109281,8.070475451502265,139.51257881338444
2024-11-26,31795.03549136762,7112.876817714301,0.0,36.39644759511868,77.01692399981043,5.260541431376939,137.33238073145748
2024-11-27,32629.183060852436,4631.143656467862,0.0,38.003801403643756,70.3570685138806,9.570633804827075,139.76297996953377
2024-11-28,30808.637850646144,5384.317500454084,0.0,37.592488422483434,75.67438798567362,9.121804595310932,132.04239333971225
2024-11-29,33491.754386220535,5389.23261917087,0.0,33.12178900355785,68.83116817822007,6.420056123721354,140.21821403584
2024-11-30,32234.762717007885,5907.664145529561,0.0,38.993059714002946,75.05409526766006,10.721716292033605,151.53122757412973
2024-12-01,31903.854624577256,6367.014550658353,0.0,37.961915260112676,80.75554554863814,11.493989987782127,140.03771016390186
2024-12-02,33865.14187042533,6457.055840036482,0.0,38.62286807877024,72.36898344703516,10.666730556571899,143.09320107644885
2024-12-03,31837.036216834436,5357.967544559901,0.0,45.53472405835841,72.86152815449675,9.716360940553553,144.749493260529
2024-12-04,31068.699735661674,5747.916822029371,0.0,33.59062741230077,77.80979592731447,11.7005908860996,131.39313993632794
2024-12-05,30968.16702901915,6166.2254319242265,0.0,41.28551533677005,71.04383952886673,12.032684795449049,129.0759798271138
2024-12-06,33641.24392855319,5801.047099053161,0.0,37.33913694813771,73.92979888422173,11.442871113316212,136.87869054628754
2024-12-07,31456.044830974595,7346.933335244208,0.0,38.567217862776154,77.77444352068554,9.335895607070746,130.9521715289199
2024-12-08,35177.435987163204,6516.037667732444,0.0,37.98065847817948,74.24050839449572,11.696567468586284,151.13933142392506
2024-12-09,30653.061996086173,6774.428942688253,0.0,37.30290461875055,75.59484460946035,13.693715872744232,134.9301348901364
2024-12-10,35267.367031066184,6781.091828102102,0.0,37.09195353264062,78.69579590918138,10.269980661012823,141.6074534675873
2024-12-11,33565.60646267257,7254.738799336921,0.0,38.971402973175444,77.88940925466854,15.820649682323726,145.9778556362853
2024-12-12,33277.5959572937,6526.783258213065,0.0,35.359304298194814,77.58775857196255,10.736041515105576,133.22401410219078
2024-12-13,32821.490972547814,5411.2597300013285,0.0,39.97655221176209,75.933420915627,12.015601780117384,138.54459562867675
2024-12-14,34036.55117281944,6835.906570202778,0.0,37.72519902582645,78.22535901700077,10.770204479181237,142.1183164118809
2024-12-15,33595.04756941965,6063.091103331013,0.0,36.38007053424875,76.90922038435966,12.726960096499457,145.49560876984077
2024-12-16,35047.19578283889,6229.81029926634,0.0,37.82320780842744,78.81988387861549,8.962023663567583,146.69493420509332
2024-12-17,33943.7093483647,7190.745013083945,0.0,41.32093460369539,76.12247626458655,11.521188742307055,144.6660590976041
2024-12-18,34070.75454873342,7781.569530611599,0.0,37.819722260946726,77.23307794681972,10.596542469261205,141.0025060588129
2024-12-19,33538.14284600027,6877.504313900591,0.0,39.691384737076135,74.97908162365775,13.219631697098379,143.4266755906748
2024-12-20,33990.5317023185,7177.267416674172,0.0,37.59695389935283,78.01271007154885,15.106627652585374,142.1988063069742
2024-12-21,34512.89640176308,8361.77195570819,0.0,40.65937797893985,75.8540659672987,14.579080932414323,137.33413674475818
2024-12-22,32176.25382549064,7262.401536995851,0.0,40.599471374259,75.1147724428712,8.713593071639394,140.00212276381802
2024-12-23,32695.783632906816,9220.859438832562,0.0,43.01082380602649,79.4031957224335,17.711351584723097,136.65415026361183
2024-12-24,35290.87668833049,7661.464643040541,0.0,39.0478318845048,79.43613887857946,14.388479432248205,144.72117721906596
2024-12-25,34689.53003851635,5869.735994595472,0.0,40.821801122278636,81.31760423037136,12.415984744539642,144.87992173419076
2024-12-26,34349.396002689544,7949.9696522174845,0.0,39.766311085390655,77.84697530390024,14.454607850607404,155.33052269040874
2024-12-27,34678.10858566687,7720.750089541741,0.0,42.24773142971443,80.53613427248708,14.664355376982185,146.08277300934202
2024-12-28,35158.99971031773,8515.645994465536,0.0,38.30423688866627,81.13619604458844,13.150105893864328,136.2427138662421
2024-12-29,34180.18032551503,8089.819792649963,0.0,41.31790256764083,80.99010530726731,15.05161721845668,143.91040855389417
2024-12-30,33979.967548738045,7507.26920156287,52.585019045400784,39.52453862698745,77.35090539003521,13.61292186320102,144.69933861879053
2024-12-31,35235.01430611723,6704.601697619849,607.2928869860622,39.87162364578301,80.44809044681358,14.191276014619968,153.9615771783437
